id,timestamp,poll_id,generation_power,consumption_power,grid_power,purchase_power,wire_power,charge_power,discharge_power,battery_power,battery_soc,irradiate_intensity,today_generation_energy,device_count,active_modes,last_update_time,branch_id
12754,2025-12-22 13:30:00+00:00,48caa840-b68a-5068-8d4f-54257147bc31,19.366,0.013,,,0.007,-18.539,,-18.539,92.0,,,0,[],1766410630.0,4
12756,2025-12-22 13:40:00+00:00,e8915630-c498-50e7-aa4e-0cdef6e7fce8,0.33,0.036,,,0.013,,,-0.022,98.0,,,0,[],1766411313.0,4
12759,2025-12-22 13:50:00+00:00,45acb9d4-8a03-5911-a10e-2da083e13e37,0.325,0.022,,,0.009,,,-0.02,98.0,,,0,[],1766411656.0,4
12762,2025-12-22 14:00:00+00:00,89edd7b8-4710-5295-8007-94c47e4b38f1,0.301,0.021,,,0.006,,,-0.009,98.0,,,0,[],1766412340.0,4
12765,2025-12-22 14:10:00+00:00,403fba97-0c32-58ec-b037-a103b843dd2a,0.351,0.029,,,0.018,,,-0.026,98.0,,,0,[],1766413024.0,4
12772,2025-12-22 14:40:00+00:00,53192f9c-1b62-5c5b-84fd-de6e743f74be,0.152,0.012,,,0.003,,,-0.033,98.0,,,0,[],1766414917.0,4
12775,2025-12-22 14:50:00+00:00,94c07fe0-b655-5a97-beda-f8a89600f5f7,0.337,0.0,,,0.014,-0.051,,-0.018,98.0,,,0,[],1766415300.0,4
12778,2025-12-22 15:00:00+00:00,2622e37e-dbc7-5410-baa8-74678caab5cf,0.222,0.028,,,0.026,,,-0.017,98.0,,,0,[],1766416028.0,4
12781,2025-12-22 15:10:00+00:00,d2c2c29a-9aa4-5923-8858-c6ba7387dd55,0.24,0.049,,,0.017,,,-0.022,98.0,,,0,[],1766416624.0,4
12784,2025-12-22 15:20:00+00:00,72c65bed-f626-5d30-8371-e729e4a9cc2a,0.308,0.012,,,0.015,-0.068,,-0.045,98.0,,,0,[],1766417299.0,4
12787,2025-12-22 15:30:00+00:00,a39b4d47-74f9-58db-87bf-6c3b5fcef670,0.238,0.063,,,0.018,-0.06,,-0.018,98.0,,,0,[],1766417849.0,4
12790,2025-12-22 15:40:00+00:00,b8a3f13c-3ab5-5173-990e-e0f397b5c539,0.253,0.026,,,0.008,,,-0.036,98.0,,,0,[],1766418310.0,4
12793,2025-12-22 15:50:00+00:00,090c7956-8352-5897-9f17-f1359a5aba9c,0.205,0.0,,,0.04,,,0.003,98.0,,,0,[],1766418984.0,4
12796,2025-12-22 16:00:00+00:00,305d5df9-a07f-53c2-ae1a-786a0799f041,0.329,0.056,,,0.019,-0.056,,-0.033,98.0,,,0,[],1766419658.0,4
12799,2025-12-22 16:10:00+00:00,44fc9c21-1f3d-5be9-9428-a9103be63da5,0.34,0.024,,,0.009,,,-0.026,98.0,,,0,[],1766420333.0,4
12802,2025-12-22 16:20:00+00:00,26d518e9-08fb-52f6-beeb-6a45e6f82830,0.332,0.034,,,0.01,,,0.003,98.0,,,0,[],1766420670.0,4
12805,2025-12-22 16:30:00+00:00,f537fdad-712e-5808-a473-c335469afc9f,0.322,0.042,,,0.008,,,-0.016,98.0,,,0,[],1766421345.0,4
12808,2025-12-22 16:40:00+00:00,cd38d40c-c868-5557-a89e-23cd62724cf4,0.359,0.023,,,0.007,,,0.004,98.0,,,0,[],1766422019.0,4
12811,2025-12-22 16:50:00+00:00,8b6c59e7-47f5-57c5-bf72-0a12636f8064,0.254,0.029,,,0.013,,,0.0,98.0,,,0,[],1766422693.0,4
12814,2025-12-22 17:00:00+00:00,971283b1-67b8-5b15-ad15-a164248557ae,0.298,0.033,,,0.01,-0.055,,-0.019,98.0,,,0,[],1766423030.0,4
12817,2025-12-22 17:10:00+00:00,4ff758de-86f6-5139-aaae-e438155b1df1,0.255,0.139,,,-0.01,-0.08,0.082,0.002,98.0,,,0,[],1766423705.0,4
12820,2025-12-22 17:20:00+00:00,9f7e3d10-baca-5ac8-994a-01cf60cafdb1,0.249,0.011,,,0.006,-0.086,0.061,-0.025,98.0,,,0,[],1766424386.0,4
12823,2025-12-22 17:30:00+00:00,24f8d3e1-0e37-58c1-bcc0-afcdb0062d70,0.068,0.023,,,0.007,,0.154,0.154,98.0,,,0,[],1766425070.0,4
12826,2025-12-22 17:40:00+00:00,b2f862b3-445a-50ee-8bf7-a532126dec58,0.026,0.023,,,0.006,,0.185,0.185,98.0,,,0,[],1766425494.0,4
12829,2025-12-22 17:50:00+00:00,a17f10d8-76e0-58f8-9158-af2a5f3c989e,0.022,0.032,,,0.006,,0.197,0.197,98.0,,,0,[],1766426169.0,4
12832,2025-12-22 18:00:00+00:00,517878e4-5e2d-5432-8353-9a2c2ad180d5,0.006,0.051,,,0.007,,0.18,0.18,98.0,,,0,[],1766426853.0,4
12835,2025-12-22 18:10:00+00:00,9ade0d36-f149-59aa-acda-ee7fbc1b2a5b,0.0,0.02,,,0.006,,0.199,0.199,98.0,,,0,[],1766427518.0,4
12838,2025-12-22 18:20:00+00:00,7dce2219-dd3f-58d3-82ef-eb9b5c3f11ed,0.0,0.011,,,0.005,,0.2,0.2,98.0,,,0,[],1766428106.0,4
12841,2025-12-22 18:30:00+00:00,a1b07168-593e-56dd-b723-6dade10980df,0.0,0.022,,,0.007,,0.201,0.201,98.0,,,0,[],1766428564.0,4
12844,2025-12-22 18:40:00+00:00,e14da17c-de6a-5310-acf7-edb67366d80b,0.0,0.01,,,0.009,,0.19,0.19,98.0,,,0,[],1766429248.0,4
12847,2025-12-22 18:50:00+00:00,6f8dbe34-3e10-5df3-9d5c-66ad90737f5e,0.0,0.042,,,0.015,,0.194,0.194,98.0,,,0,[],1766429932.0,4
12850,2025-12-22 19:00:00+00:00,16a6015d-9825-5142-982e-322b46965d8a,0.0,0.011,,,0.01,,0.197,0.197,98.0,,,0,[],1766430467.0,4
12853,2025-12-22 19:10:00+00:00,680496fd-401f-5844-8b68-1a86f36476bf,0.0,0.034,,,0.008,,0.198,0.198,98.0,,,0,[],1766430959.0,4
12856,2025-12-22 19:20:00+00:00,b6112d68-3b64-5d8c-84d2-1d6a78e5d88b,0.0,0.024,,,0.008,,0.201,0.201,98.0,,,0,[],1766431643.0,4
12859,2025-12-22 19:30:00+00:00,44a67a12-1abf-54bb-8bad-df24719265c8,0.0,0.025,,,0.008,,0.203,0.203,98.0,,,0,[],1766432153.0,4
12862,2025-12-22 19:40:00+00:00,b9a31c00-d8e0-512f-b68d-58e73539281e,0.0,0.021,,,0.006,,0.198,0.198,98.0,,,0,[],1766432827.0,4
12865,2025-12-22 19:50:00+00:00,bf30809b-49c9-55bf-8337-ec56f07d9087,0.0,0.011,,,0.01,,0.2,0.2,98.0,,,0,[],1766433502.0,4
12868,2025-12-22 20:00:00+00:00,892d5650-b82c-5410-a478-4fbbef23d4af,0.0,0.021,,,0.007,,0.212,0.212,98.0,,,0,[],1766434038.0,4
12871,2025-12-22 20:10:00+00:00,721a4143-dfb7-52db-a17a-1699a88c5b57,0.0,0.023,,,0.013,,0.207,0.207,98.0,,,0,[],1766434717.0,4
12874,2025-12-22 20:20:00+00:00,23dbb84b-4d4e-5529-a68e-b474af4aeaf1,0.0,0.047,,,0.012,,0.208,0.208,98.0,,,0,[],1766435188.0,4
12877,2025-12-22 20:30:00+00:00,5a143f9a-a583-5a40-8a25-c4807c2e41dc,0.0,0.038,,,0.012,,0.206,0.206,98.0,,,0,[],1766435863.0,4
12880,2025-12-22 20:40:00+00:00,cdbe6641-c68e-564a-9912-59d582705724,0.0,0.021,,,0.007,,0.216,0.216,98.0,,,0,[],1766436532.0,4
12883,2025-12-22 20:50:00+00:00,050eade5-55f8-5101-b43b-1ef21455be59,0.0,0.027,,,0.007,,0.212,0.212,98.0,,,0,[],1766436982.0,4
12886,2025-12-22 21:00:00+00:00,dad911d7-5eb6-5d3f-81fb-0f672a5b5baa,0.0,0.047,,,0.008,,0.208,0.208,98.0,,,0,[],1766437666.0,4
12889,2025-12-22 21:10:00+00:00,00c367bd-db8d-50fb-b2bf-0f426602cd4a,0.0,0.02,,,0.016,,0.202,0.202,98.0,,,0,[],1766438223.0,4
12892,2025-12-22 21:20:00+00:00,4d624cf6-c50e-5932-a69e-f322e92689f7,0.0,0.02,,,0.012,,0.202,0.202,98.0,,,0,[],1766438898.0,4
12895,2025-12-22 21:30:00+00:00,a2b8e4cd-9057-529d-b29e-08323fc174b2,0.0,0.044,,,0.011,,0.204,0.204,98.0,,,0,[],1766439377.0,4
12898,2025-12-22 21:40:00+00:00,6e7196cd-aabe-5b29-a01c-101934b2aa05,0.0,0.043,,,0.015,,0.204,0.204,98.0,,,0,[],1766440062.0,4
12901,2025-12-22 21:50:00+00:00,c60f9950-b6c4-51cf-9f96-0e3d85cd3b71,0.0,0.049,,,0.015,,0.201,0.201,98.0,,,0,[],1766440583.0,4
12904,2025-12-22 22:00:00+00:00,c14880ff-421a-5e48-979e-e9388cf13835,0.0,0.046,,,0.013,,0.208,0.208,98.0,,,0,[],1766441258.0,4
12907,2025-12-22 22:10:00+00:00,f3d4f0fe-2920-5b7a-b11c-e1585c66037b,0.0,0.032,,,0.009,,0.203,0.203,98.0,,,0,[],1766441774.0,4
12910,2025-12-22 22:20:00+00:00,7c7b5aad-1b33-5889-a3d6-bce2e87f0e0a,0.0,0.035,,,0.014,,0.203,0.203,98.0,,,0,[],1766442458.0,4
12913,2025-12-22 22:30:00+00:00,1b2568b3-c074-5881-9a86-18fa7c7a807a,0.0,0.044,,,0.013,,0.189,0.189,98.0,,,0,[],1766443137.0,4
12916,2025-12-22 22:40:00+00:00,445ccd4e-fb00-5605-bc23-18ba7c58836c,0.0,0.036,,,0.01,,0.2,0.2,98.0,,,0,[],1766443618.0,4
12919,2025-12-22 22:50:00+00:00,ebbf5fad-2b82-56f0-b567-40c77fe681e4,0.0,0.037,,,0.011,,0.203,0.203,98.0,,,0,[],1766444293.0,4
12922,2025-12-22 23:00:00+00:00,721867fe-d14b-5990-903b-5512bee683cf,0.0,0.024,,,0.007,,0.094,0.094,98.0,,,0,[],1766444854.0,4
12925,2025-12-22 23:10:00+00:00,8afb01ed-a03a-5419-a21c-bf173d89a927,0.0,0.01,,,0.006,,0.204,0.204,98.0,,,0,[],1766445538.0,4
12928,2025-12-22 23:20:00+00:00,ab516509-76ab-5d1b-b9ba-421706801862,0.0,0.0,,,0.007,,0.201,0.201,98.0,,,0,[],1766445978.0,4
12931,2025-12-22 23:30:00+00:00,965cde90-a849-5efc-90cf-e914690b1fe5,0.0,0.014,,,0.007,,0.203,0.203,98.0,,,0,[],1766446652.0,4
12934,2025-12-22 23:40:00+00:00,e3252df0-31a3-5d94-9b03-a2201ef3c594,0.0,0.021,,,0.01,,0.204,0.204,98.0,,,0,[],1766447120.0,4
12937,2025-12-22 23:50:00+00:00,0efbb62d-54d8-5875-bb36-ba785364f225,0.0,0.038,,,0.014,,0.197,0.197,98.0,,,0,[],1766447795.0,4
12940,2025-12-23 00:00:00+00:00,bbf70be2-7cc3-552a-833c-8e56b7bad748,0.0,0.03,,,0.011,,0.203,0.203,98.0,,,0,[],1766448479.0,4
12943,2025-12-23 00:10:00+00:00,748c9927-1ea3-5639-a96e-1e4b81b85e9d,0.0,0.036,,,0.01,,0.203,0.203,98.0,,,0,[],1766448822.0,4
12946,2025-12-23 00:20:00+00:00,07c00c3a-7028-5a5b-a516-01625acf88dc,0.0,0.039,,,0.009,,0.207,0.207,98.0,,,0,[],1766449506.0,4
12949,2025-12-23 00:30:00+00:00,0198e681-8d98-5eb4-9069-53b5d255d583,0.0,0.017,,,0.006,,0.203,0.203,98.0,,,0,[],1766450190.0,4
12952,2025-12-23 00:40:00+00:00,3c2ad131-ee3a-5fcd-8f72-d847d9f1282a,0.0,0.036,,,0.015,,0.204,0.204,98.0,,,0,[],1766450874.0,4
12955,2025-12-23 00:50:00+00:00,9d638c23-f70c-582f-88a6-f58859f3fa6c,0.0,0.031,,,0.006,,0.206,0.206,98.0,,,0,[],1766451441.0,4
12958,2025-12-23 01:00:00+00:00,91c407dc-aecb-53aa-bafe-02e390675f48,0.0,0.024,,,0.011,,0.202,0.202,98.0,,,0,[],1766452115.0,4
12961,2025-12-23 01:10:00+00:00,ed3c9bca-0d8b-55df-bea6-37fa4af78e6b,0.0,0.029,,,0.011,,0.202,0.202,98.0,,,0,[],1766452585.0,4
12964,2025-12-23 01:20:00+00:00,3c18a730-5206-50fc-bf54-e952f5431936,0.0,0.033,,,0.01,,0.204,0.204,98.0,,,0,[],1766453270.0,4
12967,2025-12-23 01:30:00+00:00,ea8dc04f-0a83-550b-9a1f-2fbf7c4fe907,0.0,0.033,,,0.009,,0.204,0.204,98.0,,,0,[],1766453801.0,4
12970,2025-12-23 01:40:00+00:00,2f07d2f4-3d13-5170-b8e6-27f0e735307d,0.0,0.033,,,0.01,,0.201,0.201,98.0,,,0,[],1766454476.0,4
12973,2025-12-23 01:50:00+00:00,77720986-92b4-59b8-bec2-098304a473dc,0.0,0.043,,,0.01,,0.203,0.203,97.0,,,0,[],1766454981.0,4
12976,2025-12-23 02:00:00+00:00,e62aff90-5ce8-5c14-8978-11ad62125ca0,0.0,0.035,,,0.014,,0.203,0.203,97.0,,,0,[],1766455665.0,4
12979,2025-12-23 02:10:00+00:00,27012bbd-0cfc-57ea-b97e-0f71fa7c0bb4,0.0,0.045,,,0.014,,0.201,0.201,97.0,,,0,[],1766456162.0,4
12982,2025-12-23 02:20:00+00:00,ae2fafac-3445-5fdc-8a39-88a4ed3b871b,0.0,0.036,,,0.009,,0.202,0.202,97.0,,,0,[],1766456836.0,4
12985,2025-12-23 02:30:00+00:00,2a26f1c5-2f34-59be-bf3d-a393a5b1caa1,0.0,0.047,,,0.015,,0.195,0.195,97.0,,,0,[],1766457511.0,4
12988,2025-12-23 02:40:00+00:00,f4c5d560-fe76-5ed5-9375-1922c64424fc,0.0,0.031,,,0.011,,0.203,0.203,97.0,,,0,[],1766457933.0,4
12991,2025-12-23 02:50:00+00:00,4016bc34-2703-5be3-a8b9-610dc0550bc8,0.0,0.042,,,0.01,,0.203,0.203,97.0,,,0,[],1766458608.0,4
12994,2025-12-23 03:00:00+00:00,5cea4f13-8177-5fac-b94a-2f74565a0f4c,0.0,0.034,,,0.011,,0.205,0.205,97.0,,,0,[],1766459293.0,4
12997,2025-12-23 03:10:00+00:00,45742480-71bd-5ef2-90f9-1159e8d60272,0.0,0.041,,,0.014,,0.202,0.202,97.0,,,0,[],1766459884.0,4
13000,2025-12-23 03:20:00+00:00,594605b8-ed20-5145-821c-f5c58265a43a,0.0,0.037,,,0.014,,0.203,0.203,97.0,,,0,[],1766460320.0,4
13003,2025-12-23 03:30:00+00:00,fa415091-5144-5a82-84b5-ca08ed7d197d,0.0,0.019,,,0.006,,0.202,0.202,97.0,,,0,[],1766461004.0,4
13006,2025-12-23 03:40:00+00:00,2e4ab4c6-a7e5-58c9-80fe-362b41965d03,0.0,0.019,,,0.005,,0.202,0.202,97.0,,,0,[],1766461689.0,4
13009,2025-12-23 03:50:00+00:00,70596afc-3fc0-58f4-be77-ec04792c3a20,0.0,0.025,,,0.008,,0.203,0.203,97.0,,,0,[],1766462244.0,4
13012,2025-12-23 04:00:00+00:00,a8441797-0d5c-5755-b813-295cc283ecb4,0.0,0.033,,,0.008,,0.204,0.204,97.0,,,0,[],1766462716.0,4
13015,2025-12-23 04:10:00+00:00,2b6967df-92a9-547a-b5ab-586ba2964f33,0.0,0.04,,,0.01,,0.204,0.204,97.0,,,0,[],1766463400.0,4
13018,2025-12-23 04:20:00+00:00,947f5714-6ca8-5750-a880-8ca98ca0fab3,0.0,0.016,,,0.006,,0.208,0.208,97.0,,,0,[],1766464085.0,4
13021,2025-12-23 04:30:00+00:00,4cb6e07c-f7f8-53f3-88a4-fc2eccffbff0,0.0,0.034,,,0.01,,0.207,0.207,97.0,,,0,[],1766464605.0,4
13024,2025-12-23 04:40:00+00:00,70b56737-6f85-5d93-a57d-21c08edd5c7e,0.0,0.042,,,0.014,,0.201,0.201,97.0,,,0,[],1766465279.0,4
13027,2025-12-23 04:50:00+00:00,3bfbaa05-ac69-5b0d-a637-f0bfa7b591e5,0.0,0.046,,,0.009,,0.213,0.213,97.0,,,0,[],1766465797.0,4
13030,2025-12-23 05:00:00+00:00,a7f6700e-10c1-5376-9b33-3a1109030103,0.0,0.015,,,0.008,,0.208,0.208,97.0,,,0,[],1766466481.0,4
13033,2025-12-23 05:10:00+00:00,08c45817-98b2-5621-96fd-e1219148262f,0.0,0.039,,,0.011,,0.202,0.202,97.0,,,0,[],1766466965.0,4
13036,2025-12-23 05:20:00+00:00,209c8458-f413-52a5-845b-5d3c9fb3274a,0.005,0.044,,,0.012,,0.204,0.204,97.0,,,0,[],1766467640.0,4
13039,2025-12-23 05:30:00+00:00,29c7fd8d-f861-5fcf-b9ed-e7e3e26604ae,0.009,0.047,,,0.014,,0.204,0.204,97.0,,,0,[],1766468193.0,4
13042,2025-12-23 05:40:00+00:00,ccd41a48-fd4e-5b6f-bf01-a7c1ab54c4c4,0.014,0.022,,,0.009,,0.205,0.205,97.0,,,0,[],1766468749.0,4
13045,2025-12-23 05:50:00+00:00,433bcd95-b1e5-50d6-ad03-009b7da7773e,0.044,0.026,,,0.009,,0.156,0.156,97.0,,,0,[],1766469425.0,4
13048,2025-12-23 06:00:00+00:00,c966ef4e-627b-58df-b642-9e227255abd0,0.192,0.03,,,0.01,,0.063,0.024,97.0,,,0,[],1766470097.0,4
13051,2025-12-23 06:10:00+00:00,48366fdc-cedd-5464-afba-8e697f0554d6,0.435,0.014,,,0.007,-0.169,,-0.169,97.0,,,0,[],1766470666.0,4
13054,2025-12-23 06:20:00+00:00,35966ac5-c527-50e7-b1c5-ea1a29384f37,0.574,0.028,,,0.008,-0.319,,-0.319,97.0,,,0,[],1766471136.0,4
13057,2025-12-23 06:30:00+00:00,60ba034d-57fd-595e-9e8a-79dab1ed8de7,1.413,0.041,,,0.014,-1.07,,-1.07,97.0,,,0,[],1766471823.0,4
13060,2025-12-23 06:40:00+00:00,b8557a88-aedb-5509-9722-0e4644ae3dbd,3.416,0.018,,,0.01,-3.027,,-3.027,97.0,,,0,[],1766472509.0,4
13063,2025-12-23 06:50:00+00:00,a184ab1e-db9a-5193-a226-4ccda9936b06,3.205,0.016,,,0.008,-2.816,,-2.816,98.0,,,0,[],1766473194.0,4
13066,2025-12-23 07:00:00+00:00,7ce82467-9404-589d-ba55-3b7c238e505c,2.955,0.0,,,0.006,-2.626,,-2.626,98.0,,,0,[],1766473536.0,4
13068,2025-12-23 07:10:00+00:00,9ef57fd1-73d4-5107-82cf-b69001c9b618,1.876,0.01,,,0.009,-1.504,,-1.504,98.0,,,0,[],1766474220.0,4
13071,2025-12-23 07:20:00+00:00,47818259-dc5b-5070-8506-900e6b4bb4bd,0.503,0.033,,,0.009,-0.161,,-0.161,98.0,,,0,[],1766474905.0,4
13074,2025-12-23 07:30:00+00:00,cf53d82a-de69-541b-89a1-33b60509bd68,0.339,0.033,,,0.007,-0.073,,-0.073,98.0,,,0,[],1766475386.0,4
13077,2025-12-23 07:40:00+00:00,16953a8f-7634-5277-9426-ed22cdd09d35,0.268,0.014,,,0.015,,,-0.026,98.0,,,0,[],1766476060.0,4
13080,2025-12-23 07:50:00+00:00,16924ecd-05e6-56aa-812c-05fce3d9fd8e,0.383,0.021,,,0.007,-0.086,,-0.087,98.0,,,0,[],1766476614.0,4
13083,2025-12-23 08:00:00+00:00,fd3ed541-6804-59d7-b1bf-faf48bb59acb,0.256,0.037,,,0.011,,,-0.004,98.0,,,0,[],1766477299.0,4
13086,2025-12-23 08:10:00+00:00,5d264f46-a3b4-57ff-b075-5c8863ba0a9d,0.24,0.033,,,0.007,,,-0.011,98.0,,,0,[],1766477746.0,4
13089,2025-12-23 08:20:00+00:00,6494c819-b271-512d-94d4-a81239fa6fd8,0.275,0.05,,,0.009,-0.08,,-0.055,98.0,,,0,[],1766478420.0,4
13092,2025-12-23 08:30:00+00:00,99d86d99-adc7-5770-ba89-a29a548bf60b,0.247,0.02,,,0.015,,,-0.024,98.0,,,0,[],1766479094.0,4
13095,2025-12-23 08:40:00+00:00,932e7efb-c094-5183-a22a-4a55e680a69b,0.251,0.041,,,0.006,,,-0.013,98.0,,,0,[],1766479576.0,4
13098,2025-12-23 08:50:00+00:00,179ff906-3f2a-548a-817a-0041f946d539,0.244,0.023,,,0.01,,,0.002,98.0,,,0,[],1766480250.0,4
13101,2025-12-23 09:00:00+00:00,771e28ac-7346-57d4-b3e9-ef39e6115857,0.312,0.067,,,0.009,,,-0.022,98.0,,,0,[],1766480918.0,4
13104,2025-12-23 09:10:00+00:00,9ea72600-8f10-5302-a486-4e14f7fdcd69,0.336,0.013,,,0.014,,,-0.022,98.0,,,0,[],1766481488.0,4
13107,2025-12-23 09:20:00+00:00,000d7c13-0fcc-5b9c-8038-7343f0e6c84c,0.255,0.028,,,0.008,,,-0.015,98.0,,,0,[],1766481960.0,4
13110,2025-12-23 09:30:00+00:00,dec2b5be-0324-5a1f-9ef5-edb6b5127552,0.263,0.036,,,0.01,-0.054,,-0.031,98.0,,,0,[],1766482646.0,4
13113,2025-12-23 09:40:00+00:00,8c370a5f-c8fd-51f8-a2f9-f3de8a9b6ad5,0.255,0.029,,,0.008,,,-0.034,98.0,,,0,[],1766483316.0,4
13116,2025-12-23 09:50:00+00:00,5573068c-f8a3-5fd0-8b92-ac8e8cd8aa63,0.205,0.045,,,0.011,,,-0.019,98.0,,,0,[],1766483848.0,4
13118,2025-12-23 10:00:00+00:00,269020ea-2199-50af-8329-9305f5c97978,0.244,0.02,,,0.006,-0.055,,-0.035,98.0,,,0,[],1766484356.0,4
13120,2025-12-23 10:10:00+00:00,599a7cc2-2177-5984-a55a-e3c7db63a168,0.218,0.04,,,0.006,,,0.001,98.0,,,0,[],1766485041.0,4
13122,2025-12-23 10:20:00+00:00,bf29f606-5bb9-5610-b94e-d77e2bdfc114,0.216,0.033,,,0.009,,,-0.01,98.0,,,0,[],1766485718.0,4
13124,2025-12-23 10:30:00+00:00,e6e1c7f3-a3b2-5f68-a203-0ec3ae579d2f,0.213,0.034,,,0.011,,,-0.005,98.0,,,0,[],1766486207.0,4
13126,2025-12-23 10:40:00+00:00,55acb320-b901-5d9c-9b5c-2698ed4945f0,0.28,0.021,,,0.011,-0.065,,-0.026,98.0,,,0,[],1766486882.0,4
13128,2025-12-23 10:50:00+00:00,b0693745-a6fc-5335-a788-5ece6ec83412,0.343,0.07,,,0.011,,,-0.048,98.0,,,0,[],1766487436.0,4
13130,2025-12-23 11:00:00+00:00,ebdaadc6-8bb1-59f5-b299-1d8f72a3f99e,0.33,0.065,,,0.01,,,-0.021,98.0,,,0,[],1766488117.0,4
13132,2025-12-23 11:10:00+00:00,488933c5-cf81-5ae9-bec6-8b372e64ae4a,0.329,0.072,,,0.016,,,-0.032,98.0,,,0,[],1766488568.0,4
13134,2025-12-23 11:20:00+00:00,72e79e30-fab3-5e8c-9b9d-3fcc8fcdf9df,0.324,0.067,,,0.009,,,-0.014,98.0,,,0,[],1766489243.0,4
13136,2025-12-23 11:30:00+00:00,a36a4e4c-2691-52dd-8d21-1bb1fae0efae,0.32,0.073,,,0.008,-0.058,,-0.019,98.0,,,0,[],1766489917.0,4
13138,2025-12-23 11:40:00+00:00,3d314f89-5e07-5bc0-8a38-ea3f45aa4e56,10.072,9.23,,,0.05,-0.787,0.153,-0.634,98.0,,,0,[],1766490487.0,4
13140,2025-12-23 11:50:00+00:00,0c8efa5b-1d55-57b4-8f2c-d962b599418a,17.905,14.939,,,0.016,-2.154,,-2.154,98.0,,,0,[],1766490847.0,4
13142,2025-12-23 12:00:00+00:00,399d3da2-4697-5061-ab0e-3295022ed039,18.951,19.063,,,-0.045,-0.792,0.956,0.164,98.0,,,0,[],1766491571.0,4
13144,2025-12-23 12:10:00+00:00,dfaaac06-21c6-51ac-b781-c88be4d26c88,18.819,20.089,,,0.04,,1.468,1.468,98.0,,,0,[],1766492255.0,4
13146,2025-12-23 12:20:00+00:00,2d1a2e17-2e6a-555c-84c8-843d8322201a,17.608,17.202,,,0.087,-0.109,0.083,-0.026,98.0,,,0,[],1766492816.0,4
13148,2025-12-23 12:30:00+00:00,ae002d5d-1d27-5522-90f2-b46020b590e8,17.632,15.575,,,0.131,-1.955,0.066,-1.889,98.0,,,0,[],1766493490.0,4
13150,2025-12-23 12:40:00+00:00,acab6427-4136-5b49-9da4-1772063524a8,17.413,17.17,,,0.02,-0.092,0.208,0.116,98.0,,,0,[],1766493967.0,4
13152,2025-12-23 12:50:00+00:00,02c120a0-9d20-508b-a54b-10ed6c2f34ab,18.94,17.594,,,0.012,-1.146,0.341,-0.805,98.0,,,0,[],1766494653.0,4
13154,2025-12-23 13:00:00+00:00,4090bcbc-60b4-53dc-8e25-b20628d82a83,18.489,17.86,,,0.024,-0.187,,-0.188,98.0,,,0,[],1766495318.0,4
13156,2025-12-23 13:10:00+00:00,9fe15814-33f9-5c38-acf3-13537c816004,18.282,18.035,,,0.164,,,-0.03,98.0,,,0,[],1766495851.0,4
13158,2025-12-23 13:20:00+00:00,485a0457-0e33-5eb8-9264-1a14bf4838a7,18.38,17.5,,,0.016,-0.525,,-0.477,98.0,,,0,[],1766496364.0,4
13160,2025-12-23 13:30:00+00:00,f87f182f-e6ae-5b6e-bca0-7afdd5ddd51c,19.006,22.052,,,-0.013,,4.031,4.031,98.0,,,0,[],1766497049.0,4
13162,2025-12-23 13:40:00+00:00,4ce95e8f-5bf1-5f95-a363-7dfc362eb779,18.192,19.693,,,0.011,,1.941,1.941,97.0,,,0,[],1766497718.0,4
13164,2025-12-23 13:50:00+00:00,c7011664-d7cf-52ce-a555-2579f110176e,17.291,20.244,,,0.009,,3.389,3.389,97.0,,,0,[],1766498212.0,4
13166,2025-12-23 14:00:00+00:00,cdbe855c-0140-57ed-94af-397a876b94fa,10.685,22.219,,,0.011,,12.157,12.157,96.0,,,0,[],1766498886.0,4
13168,2025-12-23 14:10:00+00:00,9e0680ad-5a8f-5599-b5db-aece475e52c6,15.314,22.446,,,0.04,,7.242,7.242,95.0,,,0,[],1766499445.0,4
13170,2025-12-23 14:20:00+00:00,30a09bad-ce83-5394-9911-3ff617df1b55,14.335,25.361,,,0.079,,11.235,11.235,94.0,,,0,[],1766500119.0,4
13172,2025-12-23 14:30:00+00:00,2b185a32-23d4-583e-a044-7e4766448ff1,13.813,22.945,,,-0.107,,10.102,10.102,92.5,,,0,[],1766500572.0,4
13175,2025-12-23 14:40:00+00:00,91b3b2af-93b4-5e6f-a1d9-0e6b4327c638,12.762,23.847,,,0.01,,11.589,11.589,91.0,,,0,[],1766501183.0,4
13178,2025-12-23 14:50:00+00:00,bb542edd-0669-5683-af52-5ed6d2495d67,6.71,24.927,,,0.019,,18.197,18.197,88.5,,,0,[],1766501858.0,4
13181,2025-12-23 15:00:00+00:00,cf387715-ff17-54e6-aa29-a85588d88376,10.998,29.452,,,0.01,,19.219,19.219,86.5,,,0,[],1766502537.0,4
13184,2025-12-23 15:10:00+00:00,6ee8b2d2-a428-5109-be85-e8b12a0ad6da,9.978,24.586,,,-0.033,,14.945,14.945,84.0,,,0,[],1766502886.0,4
13187,2025-12-23 15:20:00+00:00,fa8756f5-bc5c-55bc-a265-817b8205d8ff,8.825,20.862,,,0.013,,12.598,12.598,82.0,,,0,[],1766503570.0,4
13190,2025-12-23 15:30:00+00:00,001f86dc-a219-5737-b63e-8fa0b6541661,7.51,17.632,,,0.011,,10.656,10.656,81.0,,,0,[],1766504257.0,4
13193,2025-12-23 15:40:00+00:00,e31e135a-fa33-55be-a4ec-ea7ae8331d25,7.037,12.216,,,4.621,,1.093,1.093,80.0,,,0,[],1766504843.0,4
13196,2025-12-23 15:50:00+00:00,44ab3943-0eef-590b-99fb-6ff8d11c2435,5.969,14.042,,,4.903,,3.508,3.508,80.0,,,0,[],1766505517.0,4
13199,2025-12-23 16:00:00+00:00,25cda30d-3909-5d4e-ad0e-75fc271e3936,4.95,10.909,,,4.912,,1.403,1.403,80.0,,,0,[],1766505971.0,4
13202,2025-12-23 16:10:00+00:00,d23ce559-fe1c-5e05-8e59-85c774f27541,3.713,9.834,,,4.985,,1.387,1.387,79.0,,,0,[],1766506656.0,4
13205,2025-12-23 16:20:00+00:00,cb2ffd4d-6e09-5d0b-91ac-22030c174a05,3.791,9.861,,,4.876,,1.544,1.544,79.0,,,0,[],1766507203.0,4
13208,2025-12-23 16:30:00+00:00,f1840510-5574-5c28-ab97-d6d28136bf27,3.066,15.457,,,4.937,,7.949,7.949,78.5,,,0,[],1766507877.0,4
13211,2025-12-23 16:40:00+00:00,db1bbbfb-2108-5219-8a27-93105dd85a31,2.421,17.204,,,4.911,,10.679,10.679,77.5,,,0,[],1766508368.0,4
13214,2025-12-23 16:50:00+00:00,07801ddd-e3e6-501a-9a3f-68012586f1c5,1.366,20.67,,,4.942,,14.943,14.943,75.5,,,0,[],1766509053.0,4
13217,2025-12-23 17:00:00+00:00,1fdcc956-9a22-551f-8ad6-89c951039480,0.828,22.341,,,4.86,,17.33,17.33,73.5,,,0,[],1766509738.0,4
13219,2025-12-23 17:10:00+00:00,330d823c-7ae1-5437-a8f6-bb7038e8fec5,0.703,26.489,,,4.933,,21.725,21.725,70.5,,,0,[],1766510237.0,4
13222,2025-12-23 17:20:00+00:00,9e707e86-1801-5ae9-bf41-a4bb07fef817,0.297,28.534,,,4.948,,24.146,24.146,67.5,,,0,[],1766510911.0,4
13225,2025-12-23 17:30:00+00:00,f988bc57-bdcb-568b-bb42-1c5efd814439,0.074,29.856,,,5.675,,25.086,25.086,64.5,,,0,[],1766511450.0,4
13228,2025-12-23 17:40:00+00:00,7e8ab228-e81d-52c0-8496-0c610e42ad7a,0.032,29.389,,,5.341,,24.976,24.976,61.0,,,0,[],1766512005.0,4
13231,2025-12-23 17:50:00+00:00,e9decbc6-7091-5c90-beb9-e909d0f25aa4,0.013,29.27,,,5.296,,24.924,24.924,57.0,,,0,[],1766512680.0,4
13234,2025-12-23 18:00:00+00:00,f4bf8dd7-8e69-56f0-8b8d-38301da69c97,0.005,29.424,,,5.478,,24.89,24.89,54.0,,,0,[],1766513286.0,4
13237,2025-12-23 18:10:00+00:00,e7396d41-6e69-5ec6-8d74-a55d3cd89b54,0.001,29.879,,,5.973,,24.858,24.858,51.0,,,0,[],1766513706.0,4
13240,2025-12-23 18:20:00+00:00,710aa1b6-962e-5edf-8e9e-de632bea63ea,0.0,31.362,,,7.48,,24.818,24.818,47.5,,,0,[],1766514391.0,4
13243,2025-12-23 18:30:00+00:00,b908028b-2545-5315-a8e4-9c50a48d1da5,0.0,30.179,,,6.332,,24.785,24.785,43.5,,,0,[],1766515075.0,4
13246,2025-12-23 18:40:00+00:00,f1e9cfbb-fa17-59ca-b3bd-fc7a06ed3823,0.0,30.309,,,6.503,,24.743,24.743,40.5,,,0,[],1766515646.0,4
13249,2025-12-23 18:50:00+00:00,03c1ab18-1d3d-5096-84ec-16fbeba8f6d8,0.0,30.28,,,6.52,,24.692,24.692,37.5,,,0,[],1766516320.0,4
13252,2025-12-23 19:00:00+00:00,730aba6c-3cd3-549c-bc1f-46c3c48242df,0.0,30.693,,,7.0,,24.631,24.631,33.5,,,0,[],1766516785.0,4
13255,2025-12-23 19:10:00+00:00,2e0c539c-e1ee-5310-8d53-8d5a214ca23e,0.0,30.54,,,6.942,,24.546,24.546,29.5,,,0,[],1766517469.0,4
13258,2025-12-23 19:20:00+00:00,d43ce44f-583f-5e92-b5a7-a27a7d2c9657,0.0,30.032,,,6.527,,24.449,24.449,27.0,,,0,[],1766518006.0,4
13261,2025-12-23 19:30:00+00:00,b91d2b77-4d78-58b8-ba0e-aed2ba72cd91,0.0,19.747,,,15.569,,4.615,4.632,24.0,,,0,[],1766518680.0,4
13264,2025-12-23 19:40:00+00:00,e99a5db5-3c8d-594a-bb2c-5f4163e6dd92,0.0,15.782,,,16.006,,,0.001,24.0,,,0,[],1766519182.0,4
13267,2025-12-23 19:50:00+00:00,388106bb-bb96-52ef-a353-5e52cc4fd05c,0.0,15.753,,,15.979,,,0.002,24.0,,,0,[],1766519866.0,4
13270,2025-12-23 20:00:00+00:00,9ec19b94-36bd-59e9-acb4-ab76ae19bdcc,0.0,16.373,,,16.605,,,0.009,24.0,,,0,[],1766520366.0,4
13273,2025-12-23 20:10:00+00:00,9b69e437-f757-5db0-95bd-e116978bdf9a,0.0,14.843,,,15.051,,,-0.006,24.0,,,0,[],1766521041.0,4
13276,2025-12-23 20:20:00+00:00,a95974dd-b2e7-5116-a52a-78f81f0dd790,0.0,13.532,,,13.754,,,-0.002,24.0,,,0,[],1766521715.0,4
13279,2025-12-23 20:30:00+00:00,e41c6eae-9b2d-57d2-81ca-bb41181b4581,0.001,0.074,,,0.155,,,-0.015,24.0,,,0,[],1766522263.0,4
13282,2025-12-23 20:40:00+00:00,e0ffc6a3-2c7a-5e3f-8c82-77c1515a6f5b,0.0,0.074,,,0.151,,,-0.011,24.0,,,0,[],1766522817.0,4
13285,2025-12-23 20:50:00+00:00,acf24a65-c057-5fb0-bd13-3b8f3cf047d7,0.0,0.087,,,0.14,,,-0.002,24.0,,,0,[],1766523492.0,4
13288,2025-12-23 21:00:00+00:00,8db47793-7bc1-5a81-9a49-c10e8c8065d5,0.0,0.068,,,0.141,,,-0.011,24.0,,,0,[],1766523834.0,4
13290,2025-12-23 21:10:00+00:00,3b4ead4f-f0a1-58f9-af8b-9a24bad9042c,0.0,0.074,,,0.15,,,-0.013,24.0,,,0,[],1766524519.0,4
13293,2025-12-23 21:20:00+00:00,58534c4d-9537-52d0-97eb-8824b0a3e3dc,0.001,0.069,,,0.162,,,-0.028,24.0,,,0,[],1766525203.0,4
13296,2025-12-23 21:30:00+00:00,04864c44-044a-5415-818d-9a44215bbcee,0.0,0.065,,,0.16,,,-0.028,24.0,,,0,[],1766525887.0,4
13299,2025-12-23 21:40:00+00:00,11d60f94-19e4-5436-88d1-9c7116c6a716,0.0,0.065,,,0.16,,,-0.031,24.0,,,0,[],1766526506.0,4
13302,2025-12-23 21:50:00+00:00,dcf08ae7-b4db-59c0-8d0f-dbfbb061a142,0.0,0.069,,,0.16,,,-0.026,24.0,,,0,[],1766526914.0,4
13305,2025-12-23 22:00:00+00:00,add978d1-3907-5862-afe8-f8449022d2ff,0.0,0.06,,,0.164,,,-0.027,24.0,,,0,[],1766527598.0,4
13308,2025-12-23 22:10:00+00:00,73118f93-a63c-55ff-9df0-bb3ac87649f8,0.0,0.067,,,0.163,,,-0.028,24.0,,,0,[],1766528282.0,4
13311,2025-12-23 22:20:00+00:00,52a35797-e740-5489-a7e4-f7521def987c,0.0,0.063,,,0.164,,,-0.029,24.0,,,0,[],1766528866.0,4
13314,2025-12-23 22:30:00+00:00,2fff09d6-90bf-5b71-a9a1-b1d7b2fc40a0,0.0,0.064,,,0.162,,,-0.03,24.0,,,0,[],1766529309.0,4
13317,2025-12-23 22:40:00+00:00,48b32de1-658f-5cb8-ab1c-cd9a3f769805,0.0,0.032,,,0.163,,,-0.029,24.0,,,0,[],1766529993.0,4
13320,2025-12-23 22:50:00+00:00,d7d19653-9563-543a-97cd-677d99cae4c8,0.0,0.065,,,0.161,,,-0.029,24.0,,,0,[],1766530678.0,4
13323,2025-12-23 23:00:00+00:00,2c6741dd-c181-5596-be19-027f0762ad8e,0.0,0.066,,,0.161,,,-0.03,24.0,,,0,[],1766531362.0,4
13326,2025-12-23 23:20:00+00:00,c11f0c41-ae24-5a4a-8f7f-f07121094c8e,0.0,0.07,,,0.164,,,-0.03,24.0,,,0,[],1766532577.0,4
13329,2025-12-23 23:30:00+00:00,3a3e5a21-2376-561e-96e1-99dc23750dba,0.0,0.063,,,0.166,,,-0.035,24.0,,,0,[],1766533073.0,4
13332,2025-12-23 23:40:00+00:00,49a7b977-cc6d-52d8-9706-a52bd38994ec,0.0,0.063,,,0.163,,,-0.036,24.0,,,0,[],1766533642.0,4
13335,2025-12-23 23:50:00+00:00,59ff4992-08f5-5639-a189-c709b7fe40a4,0.0,0.078,,,0.148,,,-0.027,24.0,,,0,[],1766534317.0,4
13338,2025-12-24 00:00:00+00:00,dc0c4c8b-c70e-5311-9c03-f673b1618b69,0.0,0.067,,,0.16,,,-0.028,24.0,,,0,[],1766534660.0,4
13341,2025-12-24 00:10:00+00:00,7e572b1d-c6f6-5dc2-a4d8-283fa4541474,0.0,0.062,,,0.159,,,-0.028,24.0,,,0,[],1766535345.0,4
13344,2025-12-24 00:20:00+00:00,28e922c1-c420-501a-8080-bb8922c3bef6,0.0,0.066,,,0.163,,,-0.035,24.0,,,0,[],1766536016.0,4
13347,2025-12-24 00:30:00+00:00,31f1dc28-0544-5769-a2a9-ddfa0324fb8f,0.0,10.673,,,10.9,,,-0.015,24.0,,,0,[],1766536630.0,4
13350,2025-12-24 00:40:00+00:00,2151fc09-af28-5535-b7a3-6462d28d4f35,0.0,11.215,,,11.44,,,-0.033,24.0,,,0,[],1766537304.0,4
13353,2025-12-24 00:50:00+00:00,252db22a-3379-55bd-be80-c1a4abe244e6,0.0,10.838,,,11.066,,,-0.031,24.0,,,0,[],1766537958.0,4
13356,2025-12-24 01:00:00+00:00,e41899e4-f189-5e30-8cfc-acba1ea5f5e4,0.0,10.869,,,11.098,,,-0.031,24.0,,,0,[],1766538315.0,4
13359,2025-12-24 01:10:00+00:00,998fb140-c646-5cbb-80ed-e5149cb620e0,0.0,12.057,,,12.287,,,-0.025,24.0,,,0,[],1766538990.0,4
13362,2025-12-24 01:20:00+00:00,90e030e3-ad28-576d-a0d9-d4ce0d51194c,0.0,11.814,,,12.039,,,-0.034,24.0,,,0,[],1766539672.0,4
13365,2025-12-24 01:30:00+00:00,095ac7af-b3e6-5fa0-bbfa-bce9b461a137,0.0,11.068,,,11.294,,,-0.055,24.0,,,0,[],1766540338.0,4
13368,2025-12-24 01:40:00+00:00,0af08e43-9c33-5f98-8c70-69ff4067751f,0.0,11.124,,,11.347,,,-0.036,24.0,,,0,[],1766540699.0,4
13371,2025-12-24 01:50:00+00:00,e8b2b4ca-5192-52a7-a216-cf20f4892ec3,0.0,9.208,,,9.431,,,-0.035,24.0,,,0,[],1766541383.0,4
13374,2025-12-24 02:00:00+00:00,c4c1e667-e37e-5c9e-b1aa-fd4be9a43734,0.0,8.874,,,9.103,,,-0.033,24.0,,,0,[],1766542067.0,4
13377,2025-12-24 02:10:00+00:00,42b4599a-4912-5ea2-8235-d43f258df5b4,0.0,8.562,,,8.782,,,-0.009,24.0,,,0,[],1766542735.0,4
13380,2025-12-24 02:20:00+00:00,b82ac994-2de3-5472-8d92-b68f7f2b9356,0.0,8.908,,,9.146,,,-0.035,24.0,,,0,[],1766543094.0,4
13383,2025-12-24 02:30:00+00:00,48a5c753-47bd-5b62-a029-cdb42a242739,0.0,9.388,,,9.612,,,0.0,24.0,,,0,[],1766543809.0,4
13386,2025-12-24 02:40:00+00:00,b0f886ce-9e74-5732-a4d2-471ed16f8960,0.0,8.794,,,9.017,,,-0.038,24.0,,,0,[],1766544463.0,4
13389,2025-12-24 02:50:00+00:00,9f27b12d-9d26-5c37-95eb-ab318aaa1c00,0.0,8.63,,,8.862,,,-0.033,24.0,,,0,[],1766544805.0,4
13392,2025-12-24 03:00:00+00:00,095045d5-2254-5103-bf8b-d1d923819e50,0.0,8.11,,,8.328,,,-0.032,24.0,,,0,[],1766545489.0,4
13395,2025-12-24 03:10:00+00:00,abf3a196-dd31-518b-97ba-943e2bae57d7,0.0,8.549,,,8.775,,,-0.033,24.0,,,0,[],1766546174.0,4
13398,2025-12-24 03:20:00+00:00,8973f915-bf0b-5bac-8138-e3babc3e0980,0.0,7.208,,,7.429,,,-0.034,24.0,,,0,[],1766546925.0,4
13401,2025-12-24 03:30:00+00:00,6be0632c-f3a4-5b71-923f-85344c54ff44,0.0,7.727,,,7.951,,,-0.034,24.0,,,0,[],1766547487.0,4
13404,2025-12-24 03:40:00+00:00,351b99a1-eb76-5b81-97ef-576d95d13542,0.0,7.342,,,7.56,,,-0.043,24.0,,,0,[],1766547987.0,4
13407,2025-12-24 03:50:00+00:00,d466807e-f76e-5e76-aeb8-baa6d89b1968,0.0,7.077,,,7.302,,,-0.031,24.0,,,0,[],1766548672.0,4
13410,2025-12-24 04:00:00+00:00,55226431-9b67-59ee-81af-84e48eebab87,0.0,8.538,,,8.764,,,-0.036,24.0,,,0,[],1766549336.0,4
13413,2025-12-24 04:10:00+00:00,2c3772ea-9bcc-56b0-91e1-42f6ca8636a2,0.0,8.547,,,8.773,,,-0.037,24.0,,,0,[],1766549847.0,4
13416,2025-12-24 04:20:00+00:00,a1993e32-c46d-54d3-80fe-f0e40ddee0c0,0.0,6.965,,,7.191,,,-0.035,24.0,,,0,[],1766550522.0,4
13419,2025-12-24 04:30:00+00:00,5f1be119-78f6-503c-83b6-1e63055faaf5,0.0,7.354,,,7.582,,,-0.036,24.0,,,0,[],1766551067.0,4
13422,2025-12-24 04:40:00+00:00,00e594a9-348f-514c-823b-db11d74bbd1f,0.0,7.426,,,7.653,,,-0.028,24.0,,,0,[],1766551737.0,4
13425,2025-12-24 05:00:00+00:00,2254e8a7-f469-5030-adfb-90ae55c858b1,0.0,7.202,,,7.423,,,-0.037,24.0,,,0,[],1766552882.0,4
13429,2025-12-24 05:10:00+00:00,4474280e-a0cf-53c8-831d-9c7670e4e129,0.0,7.793,,,8.014,,,-0.042,24.0,,,0,[],1766553463.0,4
13432,2025-12-24 05:20:00+00:00,3440f4c7-f836-5fde-a851-5183bf703abb,0.001,7.847,,,8.072,,,-0.044,24.0,,,0,[],1766553894.0,4
13435,2025-12-24 05:30:00+00:00,6ab7d37b-758f-5002-bfa3-7ef445792162,0.005,7.65,,,7.881,,,-0.043,24.0,,,0,[],1766554602.0,4
13438,2025-12-24 05:40:00+00:00,e753882b-454f-5898-9834-bd29169d3499,0.012,8.353,,,8.578,,,-0.047,24.0,,,0,[],1766555245.0,4
13441,2025-12-24 05:50:00+00:00,b529a0ab-6b56-5596-9aba-59835414b1b9,0.04,8.019,,,8.244,-0.068,,-0.075,24.0,,,0,[],1766555858.0,4
13444,2025-12-24 06:00:00+00:00,d986b1fe-efe0-5a33-a9d7-169d11c672cd,0.108,8.372,,,8.593,-0.079,,-0.109,24.0,,,0,[],1766556257.0,4
13447,2025-12-24 06:10:00+00:00,b274dc68-2084-5c13-93d2-a5b6bfb41784,0.383,6.694,,,6.922,-0.369,,-0.369,24.0,,,0,[],1766556931.0,4
13450,2025-12-24 06:20:00+00:00,a23fb0da-6a42-52db-b5ef-873b8b2f8591,0.742,5.59,,,5.814,-0.663,,-0.663,24.0,,,0,[],1766557606.0,4
13453,2025-12-24 06:30:00+00:00,38e058e5-d2cd-5e6a-bf1e-4b4c997349bd,1.209,5.369,,,5.594,-1.084,,-1.084,24.0,,,0,[],1766558280.0,4
13456,2025-12-24 06:40:00+00:00,66355722-01c6-5c3b-b4d4-5cc95ea79014,1.449,7.221,,,7.448,-1.347,,-1.347,24.0,,,0,[],1766558805.0,4
13459,2025-12-24 06:50:00+00:00,b3307e7a-9ebd-53c9-9314-c091bed1a65b,1.789,6.331,,,6.556,-1.702,,-1.702,24.0,,,0,[],1766559419.0,4
13462,2025-12-24 07:00:00+00:00,93430098-4c35-5ed3-88fd-65073e8319ef,1.94,5.946,,,6.173,-1.852,,-1.852,24.0,,,0,[],1766560107.0,4
13463,2025-12-24 07:10:00+00:00,c1ae00ca-48a8-5094-8603-b9109786cf0a,3.418,6.243,,,6.469,-3.264,,-3.264,24.0,,,0,[],1766560719.0,4
13466,2025-12-24 07:20:00+00:00,ab33a713-23cf-569f-baab-0565fdba9592,4.917,8.985,,,4.887,-0.558,,-0.558,25.0,,,0,[],1766561153.0,4
13469,2025-12-24 07:30:00+00:00,158241bd-8aa7-55c8-b556-586bafe16a01,5.874,8.074,,,4.893,-2.339,,-2.339,25.0,,,0,[],1766561838.0,4
13472,2025-12-24 07:40:00+00:00,c98fb174-c8c5-53f5-8b19-15f7d4edb540,7.033,6.439,,,4.916,-5.013,,-5.013,25.0,,,0,[],1766562517.0,4
13475,2025-12-24 07:50:00+00:00,71a31d71-7f08-50c9-b0aa-baa6085d0ef2,7.76,6.819,,,4.897,-5.399,,-5.399,25.0,,,0,[],1766562866.0,4
13478,2025-12-24 08:00:00+00:00,0c8d2a95-ed19-52df-94a8-15bc1a3c5ca2,3.888,12.402,,,5.324,,3.382,3.382,25.0,,,0,[],1766563550.0,4
13481,2025-12-24 08:10:00+00:00,c7e9bd83-b65b-553c-971e-110c06944ebe,3.814,12.833,,,4.898,,4.382,4.382,25.0,,,0,[],1766564234.0,4
13484,2025-12-24 08:20:00+00:00,6c2f45b6-d965-5ac7-910d-64529c74ba0e,7.529,13.847,,,8.402,-1.726,,-1.726,24.0,,,0,[],1766564920.0,4
13487,2025-12-24 08:30:00+00:00,ad5f94cb-539a-551e-acd0-d13a895c479c,5.367,13.407,,,8.624,-0.228,,-0.259,24.0,,,0,[],1766565503.0,4
13490,2025-12-24 08:40:00+00:00,98ee1e36-b431-5e31-bcb1-bb68a757a693,7.217,15.251,,,5.142,,3.077,3.077,25.0,,,0,[],1766565946.0,4
13493,2025-12-24 08:50:00+00:00,fb057e3b-3260-502d-aa43-17f544c46528,9.958,12.483,,,4.877,-2.404,,-2.417,25.0,,,0,[],1766566632.0,4
13496,2025-12-24 09:00:00+00:00,4195bb53-e851-5855-a802-4a64b8936068,5.623,10.941,,,4.893,,0.795,0.795,25.0,,,0,[],1766567316.0,4
13499,2025-12-24 09:10:00+00:00,64467b06-a699-53e8-8d5c-5eb975aadc67,10.243,10.687,,,5.108,-4.601,,-4.601,25.0,,,0,[],1766567863.0,4
13502,2025-12-24 09:20:00+00:00,5a59e1f7-0325-5d56-b861-3e2076ff25b3,12.829,10.092,,,4.893,-7.355,,-7.355,26.0,,,0,[],1766568342.0,4
13505,2025-12-24 09:30:00+00:00,690918e1-1553-51f6-a71c-e3a207184b0a,17.942,11.691,,,4.883,-10.249,,-10.249,27.0,,,0,[],1766569026.0,4
13508,2025-12-24 09:40:00+00:00,7b5f63b1-5ee1-5905-b002-881853df449f,9.638,12.299,,,4.902,-0.972,0.238,-0.734,28.0,,,0,[],1766569710.0,4
13511,2025-12-24 09:50:00+00:00,031d53b5-3ed2-5dd0-92bb-546fccdb727b,11.651,15.164,,,4.885,-4.469,1.844,-2.625,29.0,,,0,[],1766570223.0,4
13514,2025-12-24 10:00:00+00:00,b95e7b4c-de37-553f-bb09-58f55b885db5,18.249,13.958,,,4.865,-7.543,,-7.543,29.0,,,0,[],1766570897.0,4
13517,2025-12-24 10:10:00+00:00,63d4ba1e-948b-599f-b5e0-b913d8775646,6.797,12.697,,,4.889,,1.6,1.6,29.0,,,0,[],1766571416.0,4
13520,2025-12-24 10:20:00+00:00,18e4c6b0-0226-5abd-930c-fb7a67b5366f,13.974,15.971,,,2.44,-1.57,1.409,-0.161,30.0,,,0,[],1766572099.0,4
13523,2025-12-24 10:30:00+00:00,be52b328-fa9b-561d-a982-fc366a1d11b2,17.689,21.214,,,2.443,-0.401,1.709,1.308,30.0,,,0,[],1766572583.0,4
13526,2025-12-24 10:40:00+00:00,c4bf3d2f-f0ed-5d68-a646-ad5df7fdf3e5,9.456,12.847,,,3.625,-0.168,0.112,-0.056,30.0,,,0,[],1766573279.0,4
13529,2025-12-24 10:50:00+00:00,6bba1604-8efd-511f-b395-4cb79826db2d,16.411,16.559,,,0.896,-0.863,,-0.827,30.0,,,0,[],1766573813.0,4
13532,2025-12-24 11:00:00+00:00,e2af9e91-1a73-5684-bfab-74dfbdb52d63,15.823,21.114,,,3.328,,1.695,1.695,30.0,,,0,[],1766574497.0,4
13535,2025-12-24 11:10:00+00:00,689db37e-7e6b-5cf4-a6a8-d50d417619ca,13.214,16.956,,,3.776,,0.066,0.063,30.0,,,0,[],1766574965.0,4
13538,2025-12-24 11:20:00+00:00,9614d64b-86a0-5134-aade-87cf79e978af,10.463,18.183,,,4.882,,3.004,3.004,30.0,,,0,[],1766575639.0,4
13541,2025-12-24 11:30:00+00:00,ea285c21-8bce-5b1f-a30e-ba8c63e1a9c9,22.449,18.523,,,0.395,-3.868,,-3.868,30.0,,,0,[],1766576313.0,4
13544,2025-12-24 11:40:00+00:00,4fbca99a-fcc7-544e-888b-d5b5dc876177,25.029,23.98,,,0.567,-1.231,0.205,-1.026,30.0,,,0,[],1766576893.0,4
13547,2025-12-24 11:50:00+00:00,19aa96f3-7013-5f24-af29-cd53bc876ba6,24.77,20.734,,,0.011,-3.313,,-3.313,30.0,,,0,[],1766577325.0,4
13550,2025-12-24 12:00:00+00:00,6ef02b33-6aba-5ec5-ad42-911182cf938e,25.151,25.879,,,1.168,,,0.029,30.0,,,0,[],1766578000.0,4
13553,2025-12-24 12:10:00+00:00,58fc5bfd-21c3-549f-9631-10af37ab1f12,22.736,23.391,,,1.164,,,0.053,30.0,,,0,[],1766578674.0,4
13556,2025-12-24 12:20:00+00:00,380a4e07-1531-52ac-82c6-fe51cb5ef309,22.051,22.181,,,0.288,,0.225,0.225,30.0,,,0,[],1766579292.0,4
13559,2025-12-24 12:30:00+00:00,ab01f9e3-7a38-5f90-960f-a1f3833e26a9,21.031,16.549,,,0.01,-4.004,,-4.004,30.0,,,0,[],1766579685.0,4
13562,2025-12-24 12:40:00+00:00,37bb8e57-803b-5ae4-aad6-b55eaafd29c7,19.741,15.616,,,0.008,-3.699,,-3.699,31.0,,,0,[],1766580360.0,4
13565,2025-12-24 12:50:00+00:00,59b56bcc-a229-5440-909e-13ef88ae733c,21.363,14.706,,,0.022,-6.177,,-6.177,31.5,,,0,[],1766581194.0,4
13568,2025-12-24 13:00:00+00:00,05da1a9b-0222-51f8-ae55-24204cf4d5a2,21.176,16.722,,,0.009,-3.971,,-3.971,32.0,,,0,[],1766581708.0,4
13569,2025-12-24 13:10:00+00:00,b68ada53-a033-5284-92d9-bfef4812339e,20.694,14.934,,,0.012,-5.313,,-5.313,32.5,,,0,[],1766582230.0,4
13572,2025-12-24 13:20:00+00:00,4ca1a348-341e-5a3f-aab7-51223d9fde68,20.679,14.924,,,-0.07,-5.481,,-5.481,33.0,,,0,[],1766582678.0,4
13575,2025-12-24 13:30:00+00:00,28179268-96d6-58e7-b644-39846ad1e7a8,19.897,14.862,,,0.013,-4.634,,-4.634,34.0,,,0,[],1766583367.0,4
13578,2025-12-24 13:40:00+00:00,59c6967d-2775-5067-8650-7ed94c2a2e56,20.009,15.172,,,-0.096,-4.105,,-4.105,34.5,,,0,[],1766584069.0,4
13581,2025-12-24 13:50:00+00:00,1d3b9e0a-1b26-5f37-95a2-4ae63ee0235c,19.71,13.751,,,0.011,-5.457,,-5.457,35.0,,,0,[],1766584628.0,4
13584,2025-12-24 14:00:00+00:00,71d67bc8-c63f-5e46-97b0-04a90a12b1cc,17.835,11.674,,,0.012,-5.578,,-5.578,36.0,,,0,[],1766585303.0,4
13587,2025-12-24 14:10:00+00:00,3bf7de28-681a-5f0d-b25b-4cc626adcb0b,15.497,12.557,,,0.014,-2.564,,-2.564,36.0,,,0,[],1766585780.0,4
13590,2025-12-24 14:20:00+00:00,b4015fd3-2eb9-5c37-8dcf-aa4d254fe8a6,16.415,8.638,,,0.011,-7.312,,-7.312,37.0,,,0,[],1766586465.0,4
13593,2025-12-24 14:30:00+00:00,d72ddc1b-6471-5b88-9e51-c58d2c3dd7ee,16.512,9.022,,,0.016,-7.083,,-7.083,37.5,,,0,[],1766586989.0,4
13596,2025-12-24 14:40:00+00:00,bd3bffb9-69db-5e5e-9545-df4b68ce6d45,15.206,12.758,,,0.015,-1.601,,-1.601,38.0,,,0,[],1766587672.0,4
13599,2025-12-24 14:50:00+00:00,fc296b48-6ccb-5160-b642-a4157b1824a9,13.925,10.655,,,0.025,-3.103,,-3.103,38.0,,,0,[],1766588001.0,4
13602,2025-12-24 15:00:00+00:00,bcbdea4f-a0ce-5a21-aac8-a635b530fb55,12.025,10.124,,,0.018,-1.522,,-1.522,38.0,,,0,[],1766588720.0,4
13605,2025-12-24 15:10:00+00:00,7a4db1a0-5cd4-5493-8ce5-ebb6ba9dce98,10.286,12.912,,,-0.028,,3.541,3.541,38.0,,,0,[],1766589404.0,4
13608,2025-12-24 15:20:00+00:00,05dbd1b0-8057-5112-9730-34fe78823515,8.949,9.542,,,0.041,,0.776,0.776,38.0,,,0,[],1766590089.0,4
13611,2025-12-24 15:30:00+00:00,e0396f87-f38b-5d6d-b4e2-51bcab62bebb,7.149,11.95,,,0.021,,5.384,5.384,37.5,,,0,[],1766590699.0,4
13614,2025-12-24 15:40:00+00:00,8a1434f5-e75d-5855-aa88-90c57fab0fd5,4.257,12.08,,,0.021,,8.131,8.131,37.0,,,0,[],1766591115.0,4
13617,2025-12-24 15:50:00+00:00,3909d20c-bb95-54dd-9b9e-e18f637f50d4,5.055,14.707,,,0.015,,9.843,9.843,36.0,,,0,[],1766591797.0,4
13620,2025-12-24 16:00:00+00:00,4deca85b-ff8c-5eb7-a747-431beac47309,6.462,18.756,,,0.016,,12.674,12.674,34.5,,,0,[],1766592484.0,4
13623,2025-12-24 16:10:00+00:00,88b52fda-5841-5eae-aba5-9c2a721d04f6,4.371,13.457,,,0.012,,9.235,9.235,33.0,,,0,[],1766593060.0,4
13626,2025-12-24 16:20:00+00:00,7cfadee7-878b-5b5c-b5a3-f3b3b5b174e9,3.477,12.786,,,0.101,,9.088,9.088,32.0,,,0,[],1766593590.0,4
13629,2025-12-24 16:30:00+00:00,f815e070-663c-5961-8e02-281800734f20,2.73,10.284,,,0.013,,7.905,7.905,31.0,,,0,[],1766594265.0,4
13632,2025-12-24 16:40:00+00:00,d8fea3e6-92aa-50f3-989e-cda039740b7f,2.048,4.785,,,2.874,,0.107,0.133,30.0,,,0,[],1766594879.0,4
13635,2025-12-24 16:50:00+00:00,b85f2d78-d726-5f25-a5ba-71bd729419b2,1.703,5.273,,,3.697,,0.113,0.104,30.0,,,0,[],1766595276.0,4
13638,2025-12-24 17:00:00+00:00,e2eafe5d-97be-5da9-9a0f-825beb8c3ad8,1.48,5.705,,,4.466,,0.078,0.067,30.0,,,0,[],1766595950.0,4
13641,2025-12-24 17:10:00+00:00,68486bad-229e-5da6-bc72-131603b993a0,1.03,7.435,,,4.879,,1.771,1.771,30.0,,,0,[],1766596624.0,4
13644,2025-12-24 17:20:00+00:00,135b3431-7d9b-5820-af0e-c31a73b2451d,0.347,4.948,,,4.793,,0.337,0.337,30.0,,,0,[],1766597298.0,4
13647,2025-12-24 17:30:00+00:00,9fc6ac61-845c-510c-8331-77c87414f718,0.14,7.064,,,4.86,,2.279,2.279,30.0,,,0,[],1766597636.0,4
13650,2025-12-24 17:40:00+00:00,7b1401a1-b9b7-5bd5-aa28-6a286e3903ff,0.08,9.08,,,4.878,,4.374,4.374,30.0,,,0,[],1766598407.0,4
13653,2025-12-24 17:50:00+00:00,630ca7d3-2be7-537f-b11c-40af3ffdbd86,0.009,14.898,,,4.897,,10.675,10.675,28.5,,,0,[],1766599082.0,4
13656,2025-12-24 18:00:00+00:00,3cc41a95-9bda-5ac4-a655-28a7b28006be,0.009,16.779,,,4.888,,12.316,12.316,27.5,,,0,[],1766599659.0,4
13659,2025-12-24 18:10:00+00:00,a0af07ed-2aa9-5b64-8341-5a613089e693,0.004,17.329,,,4.892,,12.922,12.922,26.0,,,0,[],1766600332.0,4
13662,2025-12-24 18:20:00+00:00,659d6976-76fa-51e3-a5e1-241a7c9e2cb7,0.0,13.03,,,8.001,,5.575,5.575,24.0,,,0,[],1766600794.0,4
13665,2025-12-24 18:30:00+00:00,62113626-dcdd-5516-b391-1633aa06d37e,0.0,12.249,,,12.475,,,-0.015,24.0,,,0,[],1766601478.0,4
13668,2025-12-24 18:40:00+00:00,b251078b-5f1b-5a92-80ab-31a6371f2914,0.0,11.626,,,11.847,,,-0.025,24.0,,,0,[],1766602018.0,4
13671,2025-12-24 19:00:00+00:00,953f25b1-a415-5995-9344-f1fb54722089,0.0,10.063,,,10.268,,,-0.028,24.0,,,0,[],1766603188.0,4
13674,2025-12-24 19:10:00+00:00,28fe063a-b37f-5948-9d3e-f712fdde8bd7,0.0,8.809,,,9.036,,,0.004,24.0,,,0,[],1766603872.0,4
13677,2025-12-24 19:20:00+00:00,d9cab65d-cb97-564a-8665-56c74f523662,0.0,9.385,,,9.613,,,-0.026,24.0,,,0,[],1766604435.0,4
13680,2025-12-24 19:30:00+00:00,5ff80b9e-0f2d-52c3-b287-033af3d6fac3,0.0,9.618,,,9.84,,,-0.03,24.0,,,0,[],1766605110.0,4
13683,2025-12-24 19:40:00+00:00,b20e2d91-95c4-5b43-be80-b9cc9339bb58,0.0,8.509,,,8.716,,,0.016,24.0,,,0,[],1766605583.0,4
13686,2025-12-24 19:50:00+00:00,6ba415f3-553c-54f9-bd9e-1d136c55b11e,0.0,8.926,,,9.155,,,0.006,24.0,,,0,[],1766606267.0,4
13689,2025-12-24 20:00:00+00:00,fa6c7284-6e98-5505-80d1-d15c9eeb7c6c,0.0,10.798,,,11.025,,,-0.027,24.0,,,0,[],1766606951.0,4
13692,2025-12-24 20:10:00+00:00,7a740223-8cf3-5382-b8fd-b4ccbf72f780,0.0,10.741,,,10.964,,,-0.03,24.0,,,0,[],1766607470.0,4
13695,2025-12-24 20:20:00+00:00,907bd3d8-911c-5bd4-ab55-1b36f34255d0,0.0,11.315,,,11.541,,,-0.028,24.0,,,0,[],1766607978.0,4
13698,2025-12-24 20:30:00+00:00,6ea8b534-d29e-5d81-acd5-661d67eab1aa,0.0,13.993,,,14.216,,,-0.026,24.0,,,0,[],1766608662.0,4
13701,2025-12-24 20:40:00+00:00,219641df-e19f-55bf-b02d-30b7ef68fca7,0.0,12.372,,,12.599,,,-0.028,24.0,,,0,[],1766609207.0,4
13704,2025-12-24 20:50:00+00:00,e1638dfb-59d8-586a-81cf-ff8250f88743,0.0,9.741,,,9.968,,,-0.029,24.0,,,0,[],1766609883.0,4
13707,2025-12-24 21:00:00+00:00,b37b29d3-6359-56ce-bf27-920ebbbc1101,0.0,9.854,,,10.079,,,-0.028,24.0,,,0,[],1766610505.0,4
13709,2025-12-24 21:10:00+00:00,ee94af4e-ad1c-5840-92cd-326647cfe7c2,0.0,9.745,,,9.972,,,-0.031,24.0,,,0,[],1766610909.0,4
13712,2025-12-24 21:20:00+00:00,c5c70c4e-2d3b-5eb2-85ff-de80e6521896,0.0,9.457,,,9.682,,,-0.033,24.0,,,0,[],1766611592.0,4
13715,2025-12-24 21:30:00+00:00,66d197c2-1ecb-5f55-9c87-4de3a72d2a35,0.0,9.397,,,9.654,,,-0.033,24.0,,,0,[],1766612279.0,4
13718,2025-12-24 21:40:00+00:00,fcd286ea-5664-5308-b6a8-0bf52aa44446,0.0,8.809,,,9.033,,,-0.031,24.0,,,0,[],1766612865.0,4
13721,2025-12-24 21:50:00+00:00,03d12d02-2beb-5cb1-a595-4234e9b6bfde,0.0,10.101,,,10.326,,,-0.027,24.0,,,0,[],1766613307.0,4
13724,2025-12-24 22:00:00+00:00,cf091fb9-c906-5318-93ab-c6a9a1f8b80b,0.0,9.416,,,9.64,,,-0.027,24.0,,,0,[],1766613992.0,4
13727,2025-12-24 22:10:00+00:00,77532419-b922-5338-9eff-6b4818bed549,0.0,9.846,,,10.075,,,-0.026,24.0,,,0,[],1766614676.0,4
13730,2025-12-24 22:20:00+00:00,89bf3b68-aa78-539f-8c74-3450550a2d1a,0.005,10.051,,,10.275,,,0.008,24.0,,,0,[],1766615217.0,4
13733,2025-12-24 22:30:00+00:00,fb2119c2-31c8-5de8-bded-0cecf8fedcaa,0.0,9.457,,,9.681,,,-0.021,24.0,,,0,[],1766615918.0,4
13736,2025-12-24 22:40:00+00:00,d28bfc2e-bede-5726-b725-c494f94583d1,0.0,9.489,,,9.708,,,-0.024,24.0,,,0,[],1766616246.0,4
13739,2025-12-24 22:50:00+00:00,1f4508f9-1647-518f-956b-a34cd7261684,0.0,9.557,,,9.782,,,-0.031,24.0,,,0,[],1766616969.0,4
13742,2025-12-24 23:00:00+00:00,24b109b9-3af6-5b54-b190-b7ce2b93571f,0.0,8.412,,,8.638,,,0.0,24.0,,,0,[],1766617654.0,4
13745,2025-12-24 23:10:00+00:00,40e64d8f-c4f7-5e55-a51e-4e5bf36e9214,0.0,9.781,,,10.008,,,-0.03,24.0,,,0,[],1766618337.0,4
13748,2025-12-24 23:20:00+00:00,d05ccd7f-b924-506a-9593-53e792f4c0e7,0.0,9.96,,,10.187,,,-0.03,24.0,,,0,[],1766618883.0,4
13751,2025-12-24 23:30:00+00:00,40b69152-d850-5e48-a8be-96189f3cd6c1,0.0,7.976,,,8.201,,,-0.032,24.0,,,0,[],1766619365.0,4
13754,2025-12-24 23:40:00+00:00,b3cfdd9c-0681-531f-bb50-18fa0cf3261d,0.0,8.081,,,8.306,,,-0.033,24.0,,,0,[],1766620049.0,4
13757,2025-12-24 23:50:00+00:00,217e892d-fad7-559a-848a-71d9c419ef1b,0.0,7.759,,,7.985,,,-0.03,24.0,,,0,[],1766620732.0,4
13760,2025-12-25 00:00:00+00:00,e7c37658-f3fe-542c-8854-951e6c138d1e,0.0,8.23,,,8.459,,,-0.031,24.0,,,0,[],1766621251.0,4
13763,2025-12-25 00:10:00+00:00,5cf7ad4e-519f-5b4c-8abe-4ac86852ef99,0.0,9.416,,,9.641,,,-0.031,24.0,,,0,[],1766621926.0,4
13766,2025-12-25 00:20:00+00:00,7b55e2c4-2ccb-567b-aefa-cb53750ee630,0.0,9.458,,,9.684,,,-0.033,24.0,,,0,[],1766622446.0,4
13769,2025-12-25 00:30:00+00:00,39d60576-1ff8-5bea-8a68-e8775b721756,0.0,8.756,,,8.98,,,-0.033,24.0,,,0,[],1766623130.0,4
13772,2025-12-25 00:40:00+00:00,159d5ddb-d40b-5dc3-a26e-ec6614594936,0.0,7.91,,,8.154,,,-0.03,24.0,,,0,[],1766623612.0,4
13775,2025-12-25 00:50:00+00:00,c797e0dd-d939-5cbf-879c-35df14f1722b,0.0,7.252,,,7.486,,,-0.003,24.0,,,0,[],1766624287.0,4
13778,2025-12-25 01:00:00+00:00,5af7dc14-f1df-5827-ad52-244c87b4dc89,0.0,7.304,,,7.53,,,-0.002,24.0,,,0,[],1766624841.0,4
13781,2025-12-25 01:10:00+00:00,b67d664a-50d3-57d5-aedf-bd940608be9e,0.0,6.735,,,6.957,,,-0.032,24.0,,,0,[],1766625525.0,4
13784,2025-12-25 01:20:00+00:00,606e0456-e0ff-5d49-91b5-4a77fe39965c,0.0,6.7,,,6.918,,,-0.035,24.0,,,0,[],1766625979.0,4
13787,2025-12-25 01:30:00+00:00,26e41dea-d884-5d1f-b08d-3a4a79abb680,0.0,6.488,,,6.72,,,-0.009,24.0,,,0,[],1766626620.0,4
13790,2025-12-25 01:40:00+00:00,0a426e44-8fff-56f5-bc51-303b677f7e16,0.0,6.513,,,6.747,,,-0.034,24.0,,,0,[],1766627297.0,4
13793,2025-12-25 01:50:00+00:00,5177e551-5898-5ab2-9013-a8936a17ff1a,0.0,6.31,,,6.531,,,-0.034,24.0,,,0,[],1766627854.0,4
13796,2025-12-25 02:00:00+00:00,1a6bd20e-3c74-5bea-9246-4982faa5cc4a,0.0,6.384,,,6.61,,,0.0,24.0,,,0,[],1766628528.0,4
13799,2025-12-25 02:10:00+00:00,13a8f62a-b0bf-5b42-aeb2-16ebd62aa4ca,0.0,7.424,,,7.647,,,-0.035,24.0,,,0,[],1766628997.0,4
13802,2025-12-25 02:20:00+00:00,57c2ad6e-19e4-5a3d-88cc-3c1388e3a26c,0.0,7.56,,,7.786,,,-0.033,24.0,,,0,[],1766629692.0,4
13805,2025-12-25 02:30:00+00:00,17591422-a66e-5ebd-98ed-8e98cd9777ba,0.0,7.338,,,7.562,,,-0.036,24.0,,,0,[],1766630214.0,4
13808,2025-12-25 02:40:00+00:00,04ab1490-5055-5cde-a904-66f28cc67021,0.0,7.273,,,7.5,,,-0.034,24.0,,,0,[],1766630888.0,4
13811,2025-12-25 02:50:00+00:00,bf528351-380f-52e1-b3dc-e3cd3df8822d,0.0,6.085,,,6.317,,,-0.035,24.0,,,0,[],1766631403.0,4
13814,2025-12-25 03:00:00+00:00,9927b406-3d5d-5536-b10d-924965596be6,0.0,6.146,,,6.371,,,-0.035,24.0,,,0,[],1766632086.0,4
13817,2025-12-25 03:10:00+00:00,b0e161c4-7a4c-5dbf-9f0a-ca85e90c2c36,0.0,5.976,,,6.199,,,-0.035,24.0,,,0,[],1766632574.0,4
13820,2025-12-25 03:20:00+00:00,ecd999c4-3793-540f-b8ad-14e54a297420,0.0,6.761,,,6.975,,,-0.036,24.0,,,0,[],1766633248.0,4
13823,2025-12-25 03:30:00+00:00,21eacd9a-acaa-5fb0-b1ef-7140b9c7bb00,0.0,6.187,,,6.411,,,-0.035,24.0,,,0,[],1766633797.0,4
13826,2025-12-25 03:40:00+00:00,85ce03ec-659d-5923-b40e-09d879f33c65,0.0,6.738,,,6.964,,,-0.036,24.0,,,0,[],1766634482.0,4
13829,2025-12-25 03:50:00+00:00,bd276c65-7c2d-5c98-85e6-9d94a7ece01b,0.0,6.615,,,6.854,,,-0.036,24.0,,,0,[],1766634934.0,4
13832,2025-12-25 04:00:00+00:00,c2075fcc-af48-572e-9335-b515c0142b1f,0.0,7.095,,,7.331,,,-0.039,24.0,,,0,[],1766635608.0,4
13835,2025-12-25 04:10:00+00:00,1d08f05a-2e2d-51fd-8e25-f146ef5123a7,0.0,6.896,,,7.13,,,-0.037,24.0,,,0,[],1766636282.0,4
13838,2025-12-25 04:20:00+00:00,1d2c2baa-6210-53da-8e55-cb4dd190ffce,0.0,6.381,,,6.61,,,-0.036,24.0,,,0,[],1766636878.0,4
13841,2025-12-25 04:30:00+00:00,78d70bdb-7a07-5d57-acdb-5411d5d6011d,0.0,6.233,,,6.449,,,-0.037,24.0,,,0,[],1766637432.0,4
13844,2025-12-25 04:40:00+00:00,3cfffd95-c33d-5c4c-ab6b-7cbead57cfd0,0.0,16.738,,,0.0,,17.677,17.677,21.5,,,0,[],1766638111.0,4
13847,2025-12-25 04:50:00+00:00,72ec5ce4-7d3e-533d-861a-2c31f77c9244,0.0,16.19,,,0.0,,16.7,16.7,20.0,,,0,[],1766638453.0,4
13850,2025-12-25 05:00:00+00:00,87da33b9-caab-58bf-b58d-105c1d9e256f,0.0,17.143,,,0.0,,17.679,17.679,17.0,,,0,[],1766639137.0,4
13853,2025-12-25 05:10:00+00:00,4e7aee62-1981-58e3-a1c9-a1a12b305b9d,0.001,15.451,,,0.0,,15.835,15.835,15.0,,,0,[],1766639822.0,4
13855,2025-12-25 05:20:00+00:00,bb05c3fe-8c8f-5942-98c8-4d8375f26f9d,0.006,15.259,,,0.0,,14.721,14.721,12.5,,,0,[],1766640505.0,4
13857,2025-12-25 05:30:00+00:00,4a9491ac-4a78-5308-bd79-18e1a4cde01b,0.013,14.563,,,0.0,,15.011,15.011,10.5,,,0,[],1766641108.0,4
13859,2025-12-25 05:40:00+00:00,88f07ccf-a16d-5d71-b9a0-a1e1dbe1eb76,0.0,0.0,,,0.0,,,0.009,9.0,,,0,[],1766641637.0,4
13861,2025-12-25 05:50:00+00:00,b63027af-cc6f-55db-a279-7f095fe4bf00,0.063,0.072,,,0.148,,,-0.049,9.0,,,0,[],1766642316.0,4
13863,2025-12-25 06:00:00+00:00,0099e58b-39ba-5f83-9b80-cdbc170e1599,0.098,0.079,,,0.145,,,-0.073,9.0,,,0,[],1766642664.0,4
13865,2025-12-25 06:10:00+00:00,b0c2f5c6-3562-53b1-85e6-fdc1c4630ab9,0.301,0.08,,,0.146,-0.224,,-0.224,9.0,,,0,[],1766643355.0,4
13867,2025-12-25 06:20:00+00:00,5055475e-3c81-5989-b897-a93dfddc5a39,0.526,0.033,,,0.148,-0.451,,-0.451,9.0,,,0,[],1766644041.0,4
13869,2025-12-25 06:30:00+00:00,27f84235-dc24-5a1d-a7ff-49fc73b3d5cc,0.628,0.074,,,0.159,-0.544,,-0.544,9.0,,,0,[],1766644718.0,4
13871,2025-12-25 06:40:00+00:00,f84e70c1-859c-5d1c-a048-ff84d30bbeb8,0.478,0.088,,,0.121,-0.441,0.082,-0.359,9.0,,,0,[],1766645303.0,4
13873,2025-12-25 06:50:00+00:00,5de8a643-e470-58d2-a3d1-f01bb6ed40f7,0.809,0.047,,,0.051,-0.662,0.082,-0.58,9.0,,,0,[],1766645761.0,4
13875,2025-12-25 07:00:00+00:00,9c891aa5-327c-5407-bc1e-deb26aafe5d8,2.626,0.07,,,0.153,-2.523,,-2.523,10.0,,,0,[],1766646445.0,4
13877,2025-12-25 07:10:00+00:00,359dae0c-3629-5aa5-855a-12cbc98c1665,3.858,0.074,,,0.15,-3.715,,-3.715,10.0,,,0,[],1766646989.0,4
13879,2025-12-25 07:20:00+00:00,d8f3f68c-306f-5e67-8941-af23b30252e5,5.2,0.085,,,0.15,-5.01,,-5.01,11.0,,,0,[],1766647663.0,4
13881,2025-12-25 07:30:00+00:00,9117ab75-7504-5ab2-a794-21516860286c,6.174,0.145,,,0.075,-5.794,,-5.794,11.5,,,0,[],1766648157.0,4
13883,2025-12-25 07:40:00+00:00,db6bf1ed-c5ed-58c6-a314-852032f8a94c,7.947,0.074,,,0.146,-7.695,,-7.695,12.5,,,0,[],1766648842.0,4
13885,2025-12-25 07:50:00+00:00,0ccafa45-d76d-5bdb-a159-dfb6610854cf,8.607,0.078,,,0.147,-8.363,,-8.363,14.0,,,0,[],1766649505.0,4
13887,2025-12-25 08:00:00+00:00,c7541857-dc34-5559-b121-c1d80d977385,9.496,0.071,,,0.153,-9.26,,-9.26,14.5,,,0,[],1766650112.0,4
13890,2025-12-25 08:10:00+00:00,2c6a3c20-e5e3-501a-979b-30e7548b2145,8.681,0.078,,,0.148,-8.719,,-8.719,16.0,,,0,[],1766650554.0,4
13893,2025-12-25 08:20:00+00:00,241d6dbb-dfe0-52fc-bf54-56be0bd23021,11.521,0.08,,,0.143,-11.171,,-11.171,17.5,,,0,[],1766651238.0,4
13896,2025-12-25 08:30:00+00:00,a1fef5f1-3258-59c9-a325-217e8e5693fa,12.633,0.071,,,0.156,-12.248,,-12.248,19.0,,,0,[],1766651799.0,4
13899,2025-12-25 08:40:00+00:00,417a67e0-2cac-5b06-ba87-1d9e3d1cdac7,14.727,0.069,,,0.155,-14.33,,-14.33,21.0,,,0,[],1766652474.0,4
13902,2025-12-25 08:50:00+00:00,948795fa-d2c5-5e97-8f68-64ce2838a440,7.643,0.072,,,0.156,-7.475,,-7.475,22.0,,,0,[],1766652811.0,4
13905,2025-12-25 09:00:00+00:00,4d69475a-418b-582d-87e9-f19035f6b876,15.599,0.075,,,0.148,-15.126,,-15.126,24.0,,,0,[],1766653488.0,4
13908,2025-12-25 09:10:00+00:00,257c05e8-d6c5-57a4-867e-3e3578569a9c,16.31,0.018,,,0.049,-15.592,,-15.592,26.0,,,0,[],1766654171.0,4
13911,2025-12-25 09:20:00+00:00,50dc420d-0d2e-51f5-9821-10458bcf6079,15.8,0.064,,,0.151,-15.644,,-15.644,28.0,,,0,[],1766654856.0,4
13914,2025-12-25 09:30:00+00:00,14b16da2-0ad9-5b37-916e-e2e1aa8ec2b2,4.369,0.0,,,0.055,-4.087,,-4.087,28.5,,,0,[],1766655508.0,4
13917,2025-12-25 09:40:00+00:00,0de5a12f-48b2-59df-bbbe-b61a4befb558,3.935,0.0,,,0.058,-3.693,,-3.693,29.0,,,0,[],1766655883.0,4
13920,2025-12-25 09:50:00+00:00,5af0528f-4835-5267-aaa3-680635eebc97,20.481,0.041,,,0.016,-19.59,,-19.59,31.0,,,0,[],1766656567.0,4
13923,2025-12-25 10:00:00+00:00,0d61477c-f8a0-5bad-8276-be12d765fc58,14.814,0.057,,,0.004,-14.634,,-14.634,34.0,,,0,[],1766657251.0,4
13926,2025-12-25 10:10:00+00:00,64f70dbf-fbbd-5313-a3dd-91b480a8f9af,20.447,0.034,,,0.008,-19.573,,-19.573,36.5,,,0,[],1766657916.0,4
13929,2025-12-25 10:20:00+00:00,a494dc3e-01be-5ea0-97bc-6d4ddf26cb15,23.568,6.328,,,-0.065,-16.355,,-16.355,38.0,,,0,[],1766658376.0,4
13932,2025-12-25 10:30:00+00:00,818dc21a-eb65-5e86-a4c8-16f5d486226c,5.364,13.878,,,0.01,,8.574,8.574,38.0,,,0,[],1766659065.0,4
13935,2025-12-25 10:40:00+00:00,f8070b98-2ae4-58ba-acb5-19186d451fef,5.58,12.444,,,0.015,,7.257,7.257,37.5,,,0,[],1766659679.0,4
13938,2025-12-25 11:00:00+00:00,c6b68813-4dce-5257-83eb-17f91f600d61,25.69,12.424,,,0.0,-12.098,,-12.098,38.0,,,0,[],1766660792.0,4
13942,2025-12-25 11:10:00+00:00,74b124a5-b450-535f-9252-f91c2e7efac7,17.927,16.288,,,0.012,-4.271,2.156,-2.115,39.0,,,0,[],1766661476.0,4
13945,2025-12-25 11:20:00+00:00,396a5629-16df-5e7b-854b-2dda2037d15d,11.615,17.725,,,0.01,,6.523,6.523,39.5,,,0,[],1766662039.0,4
13948,2025-12-25 11:30:00+00:00,fbc93a1b-5e52-562f-ac73-4b67911c1e67,22.405,15.868,,,0.022,-6.117,,-6.117,39.0,,,0,[],1766662713.0,4
13951,2025-12-25 11:40:00+00:00,5427e2cf-62e3-5693-9a8c-cfc234d94c8f,26.695,17.302,,,0.009,-9.472,,-9.472,40.0,,,0,[],1766663187.0,4
13954,2025-12-25 11:50:00+00:00,e0bb2b1f-f066-544d-853e-0d3035e7f5bb,24.962,14.715,,,0.02,-9.651,,-9.651,41.5,,,0,[],1766663871.0,4
13957,2025-12-25 12:00:00+00:00,bd5b0d7a-3d6e-5a76-90d4-e37e9928ef86,24.68,13.425,,,0.009,-10.677,,-10.677,42.5,,,0,[],1766664399.0,4
13960,2025-12-25 12:10:00+00:00,d5c48aa0-e715-562f-b86d-1bebccf1b08e,24.265,16.076,,,0.01,-7.65,,-7.65,44.0,,,0,[],1766665073.0,4
13963,2025-12-25 12:20:00+00:00,d8f9907b-a544-57f6-a40b-3d92276bf169,24.427,15.588,,,0.012,-8.292,,-8.292,45.0,,,0,[],1766665582.0,4
13966,2025-12-25 12:30:00+00:00,15a3dbc0-e582-583b-bfa0-89b4d66d1886,24.022,17.557,,,-0.096,-5.773,,-5.773,46.0,,,0,[],1766666266.0,4
13969,2025-12-25 12:40:00+00:00,06a2d85f-fee9-5a62-b467-5afbd94e884e,23.344,17.397,,,0.021,-5.464,,-5.464,46.5,,,0,[],1766666759.0,4
13972,2025-12-25 13:00:00+00:00,57e5f514-c4e6-5240-8378-0865c804dfd5,22.445,20.913,,,0.012,-1.259,,-1.259,48.0,,,0,[],1766668108.0,4
13976,2025-12-25 13:10:00+00:00,fe54f3c6-54f5-5d51-b585-70663b025f56,21.781,21.113,,,0.009,-0.727,0.558,-0.169,48.0,,,0,[],1766668664.0,4
13979,2025-12-25 13:20:00+00:00,ac2d6803-c973-5e63-914f-c228b75e2bc5,21.025,17.826,,,-0.271,-1.414,,-1.414,48.0,,,0,[],1766669180.0,4
13982,2025-12-25 13:30:00+00:00,04778e93-4cdb-5901-9d50-d00468ecc801,20.299,19.77,,,0.013,-0.125,,-0.11,48.0,,,0,[],1766669855.0,4
13985,2025-12-25 13:40:00+00:00,00f58e8b-be84-51bc-afc5-9eed8501c8d1,20.143,19.495,,,0.012,-0.631,0.362,-0.269,48.0,,,0,[],1766670432.0,4
13988,2025-12-25 13:50:00+00:00,ccdb62eb-8615-535a-a899-1396fc8da3ed,18.801,17.972,,,0.009,-0.648,0.086,-0.562,48.0,,,0,[],1766671107.0,4
13991,2025-12-25 14:00:00+00:00,61f3da9f-7a47-5e2f-9141-f5857754ba51,18.288,20.075,,,0.015,,2.108,2.108,48.0,,,0,[],1766671566.0,4
13994,2025-12-25 14:10:00+00:00,aade5792-eff6-54eb-92d5-290f78be8426,17.142,20.81,,,0.011,,4.032,4.032,48.0,,,0,[],1766672250.0,4
13997,2025-12-25 14:20:00+00:00,ceea128a-5ceb-5fca-b6b1-4ed19e614174,16.168,20.26,,,0.009,,4.522,4.522,47.0,,,0,[],1766672917.0,4
14000,2025-12-25 14:30:00+00:00,747357d1-764a-5189-a355-a59078a8658b,15.645,16.227,,,-0.049,,1.225,1.225,46.0,,,0,[],1766673467.0,4
14003,2025-12-25 14:40:00+00:00,dd64b44b-73a8-5624-8ea3-3a5991d5e6c4,14.783,21.069,,,0.018,,5.829,5.829,46.0,,,0,[],1766673961.0,4
14006,2025-12-25 15:00:00+00:00,17d47b8b-e238-59aa-aa7c-a6eef5ac02b1,12.506,16.878,,,0.015,,4.743,4.743,44.0,,,0,[],1766675318.0,4
14009,2025-12-25 15:10:00+00:00,edf50da3-eeaf-5c22-bc0a-957759b2460a,10.843,14.3,,,0.018,,4.05,4.05,43.0,,,0,[],1766675827.0,4
14012,2025-12-25 15:20:00+00:00,4ef9ce88-401c-56ed-8948-14b924e41ec5,9.952,14.314,,,0.011,,4.67,4.67,43.0,,,0,[],1766676502.0,4
14015,2025-12-25 15:30:00+00:00,7fcf9898-27ab-54c1-bbeb-4f75dae5e3a3,8.754,15.254,,,0.014,,6.857,6.857,42.0,,,0,[],1766677037.0,4
14018,2025-12-25 15:40:00+00:00,cf3da979-6a83-5f32-b00a-7385894ce234,7.468,15.092,,,0.01,,7.982,7.982,41.0,,,0,[],1766677725.0,4
14021,2025-12-25 15:50:00+00:00,0cd3e239-500e-51a2-8b16-7e1c321d03e8,4.655,16.634,,,0.015,,11.996,11.996,40.0,,,0,[],1766678189.0,4
14024,2025-12-25 16:00:00+00:00,9b6a0b12-1477-5138-8fc0-45ccc60dfc98,5.328,16.974,,,-0.086,,12.472,12.472,38.0,,,0,[],1766678863.0,4
14027,2025-12-25 16:10:00+00:00,b6cc7506-8e73-5770-adb2-dea1b5e6a379,4.233,14.773,,,0.016,,10.757,10.757,36.5,,,0,[],1766679436.0,4
14030,2025-12-25 16:20:00+00:00,7f0ccc48-7773-58be-a89f-208420e8bd98,3.494,14.597,,,-0.119,,11.914,11.914,35.0,,,0,[],1766679995.0,4
14033,2025-12-25 16:30:00+00:00,01a32608-5e1d-5cd1-98b9-6e1a54cbbd52,2.47,19.193,,,0.021,,16.812,16.812,32.5,,,0,[],1766680671.0,4
14036,2025-12-25 16:40:00+00:00,376b290f-565f-5a31-a8be-513112c20ac1,2.221,16.388,,,2.445,,12.178,12.178,30.5,,,0,[],1766681248.0,4
14039,2025-12-25 17:00:00+00:00,dd904af1-05fd-5145-bec0-69bcdacd3462,1.22,17.079,,,4.893,,10.843,10.843,28.0,,,0,[],1766682382.0,4
14043,2025-12-25 17:10:00+00:00,a22a83fa-d861-5ae0-9242-85139b43e91d,0.697,16.687,,,4.896,,11.523,11.523,26.0,,,0,[],1766683067.0,4
14046,2025-12-25 17:20:00+00:00,15200618-c435-59fa-8beb-fb063e3abe61,0.485,16.024,,,4.895,,10.993,10.993,25.5,,,0,[],1766683610.0,4
14049,2025-12-25 17:30:00+00:00,4416d06e-5b20-5448-abb8-cced6e9f54fd,0.172,9.697,,,9.826,,,-0.002,24.0,,,0,[],1766684284.0,4
14052,2025-12-25 17:40:00+00:00,2ebe3db5-f24d-5f18-9db9-c400033f5e4a,0.019,9.577,,,9.802,,,0.012,24.0,,,0,[],1766684778.0,4
14055,2025-12-25 17:50:00+00:00,e8e39bb1-d823-590f-895f-a96f9f7aa4e4,0.008,9.054,,,9.272,,,-0.025,24.0,,,0,[],1766685462.0,4
14058,2025-12-25 18:00:00+00:00,20e7effc-4a1e-543b-9917-a179bcf21050,0.007,8.909,,,9.133,,,-0.028,24.0,,,0,[],1766686137.0,4
14061,2025-12-25 18:10:00+00:00,a11bf741-799c-5269-addf-19ecce7a50f1,0.0,8.339,,,8.564,,,-0.024,24.0,,,0,[],1766686644.0,4
14064,2025-12-25 18:20:00+00:00,9f6bc125-a8f5-5bc2-90ae-db0c98d07a09,0.0,8.111,,,8.336,,,-0.024,24.0,,,0,[],1766687318.0,4
14067,2025-12-25 18:30:00+00:00,b4111020-0978-5c62-a77a-15a56f5c1ce5,0.0,7.745,,,7.973,,,0.009,24.0,,,0,[],1766687857.0,4
14070,2025-12-25 18:40:00+00:00,32a32bcb-be20-5888-ad0e-360c6f339bf7,0.0,8.43,,,8.67,,,-0.021,24.0,,,0,[],1766688536.0,4
14073,2025-12-25 18:50:00+00:00,d0a58dbf-6e67-5bf0-bab5-893d196ca9ad,0.0,6.817,,,7.037,,,-0.014,24.0,,,0,[],1766689004.0,4
14076,2025-12-25 19:00:00+00:00,81737b8d-3196-509b-aba3-61b87bbbfb18,0.0,7.867,,,8.111,,,-0.031,24.0,,,0,[],1766689678.0,4
14079,2025-12-25 19:10:00+00:00,7e086757-7770-5da2-8ec6-093fbd1b9b6f,0.0,6.536,,,6.764,,,-0.029,24.0,,,0,[],1766690252.0,4
14082,2025-12-25 19:20:00+00:00,8ffe4204-6c90-5761-9681-d42984df85ae,0.0,6.655,,,6.882,,,-0.019,24.0,,,0,[],1766690806.0,4
14085,2025-12-25 19:30:00+00:00,0b3f5622-bac5-5382-b41b-5e7c726e5a86,0.0,7.448,,,7.682,,,-0.025,24.0,,,0,[],1766691481.0,4
14088,2025-12-25 19:40:00+00:00,b8f78981-85da-5058-9220-ab32e9b1dd01,0.0,8.653,,,8.916,,,-0.021,24.0,,,0,[],1766692051.0,4
14091,2025-12-25 19:50:00+00:00,58e23971-17c5-508c-ad4a-c7f9011aff98,0.0,8.554,,,8.778,,,-0.022,24.0,,,0,[],1766692725.0,4
14094,2025-12-25 20:00:00+00:00,d07eb35f-6861-53b5-9f91-fb0a10fecc8b,0.0,9.13,,,9.349,,,0.011,24.0,,,0,[],1766693192.0,4
14097,2025-12-25 20:10:00+00:00,a7af82de-0633-5c40-aca2-dbe177fb9cc2,0.0,9.106,,,9.331,,,-0.022,24.0,,,0,[],1766693876.0,4
14100,2025-12-25 20:20:00+00:00,2c1e3174-95f0-5958-8423-fdf88b8eadd7,0.0,9.254,,,9.484,,,0.01,24.0,,,0,[],1766694411.0,4
14103,2025-12-25 20:30:00+00:00,d40cba36-2ca9-57de-be04-8fffa9f8745e,0.0,10.714,,,10.899,,,-0.02,24.0,,,0,[],1766695085.0,4
14106,2025-12-25 20:40:00+00:00,a6b4f57a-d1ce-5ee8-a04d-e528f4e94f27,0.0,9.683,,,9.907,,,-0.009,24.0,,,0,[],1766695587.0,4
14109,2025-12-25 21:00:00+00:00,de2bbcc9-c4de-55fe-8dde-c66855bc6e04,0.0,6.97,,,7.196,,,-0.029,24.0,,,0,[],1766696939.0,4
14112,2025-12-25 21:10:00+00:00,32d425c6-c597-5c34-ac19-538988fcb365,0.0,6.595,,,6.82,,,-0.03,24.0,,,0,[],1766697445.0,4
14115,2025-12-25 21:20:00+00:00,08831424-b8d7-5972-b3e4-300c4cfebe6b,0.0,6.415,,,6.645,,,-0.03,24.0,,,0,[],1766697981.0,4
14118,2025-12-25 21:30:00+00:00,baefd706-35e5-5bd7-b607-9711f54b785b,0.0,7.599,,,7.825,,,-0.031,24.0,,,0,[],1766698666.0,4
14121,2025-12-25 21:40:00+00:00,3827b5b9-c7e4-5fed-b2b1-736a9745dcfd,0.0,7.841,,,8.07,,,-0.026,24.0,,,0,[],1766699130.0,4
14124,2025-12-25 21:50:00+00:00,0ad28618-4fec-54aa-bcbc-449d0df01420,0.0,6.918,,,7.146,,,-0.03,24.0,,,0,[],1766699805.0,4
14127,2025-12-25 22:00:00+00:00,70ec3685-21fe-5189-a5ce-087a8e6d0bc6,0.0,12.104,,,12.33,,,-0.025,24.0,,,0,[],1766700479.0,4
14130,2025-12-25 22:10:00+00:00,0b095554-d495-514d-9d2c-8525e4111388,0.0,12.683,,,12.909,,,-0.024,24.0,,,0,[],1766701061.0,4
14133,2025-12-25 22:20:00+00:00,08c69662-f0b0-5301-880e-2bf4c39d29b3,0.0,14.289,,,14.513,,,-0.018,24.0,,,0,[],1766701618.0,4
14136,2025-12-25 22:30:00+00:00,5f82f226-c9e5-5f6b-bf3a-4aecb4c89716,0.0,11.666,,,11.891,,,-0.028,24.0,,,0,[],1766702293.0,4
14139,2025-12-25 22:40:00+00:00,4c3a2286-6227-5739-9add-701185389859,0.0,12.25,,,12.474,,,-0.019,24.0,,,0,[],1766702874.0,4
14142,2025-12-25 22:50:00+00:00,3f32f47a-202e-50d0-b1df-c8df5ba8ca1f,0.0,12.257,,,12.486,,,-0.019,24.0,,,0,[],1766703320.0,4
14145,2025-12-25 23:00:00+00:00,4dc95a5f-292d-5019-89ac-ca9c31889cab,0.0,6.318,,,6.437,,,-0.04,24.0,,,0,[],1766704004.0,4
14148,2025-12-25 23:10:00+00:00,e5fb9d64-4b54-557d-b013-d70579783d33,0.0,9.673,,,9.9,,,-0.023,24.0,,,0,[],1766704689.0,4
14151,2025-12-25 23:20:00+00:00,fc1b44c5-46c4-5389-8b53-bc935da0748b,0.0,9.271,,,9.494,,,0.005,24.0,,,0,[],1766705234.0,4
14154,2025-12-25 23:30:00+00:00,fb18bbd9-8fd3-5980-bcc9-3bd61be2647c,0.0,8.427,,,8.654,,,0.007,24.0,,,0,[],1766705908.0,4
14157,2025-12-25 23:40:00+00:00,8d9b160c-f9c1-5fd2-aa04-ece87fc00379,0.0,8.423,,,8.65,,,-0.024,24.0,,,0,[],1766706400.0,4
14160,2025-12-25 23:50:00+00:00,aca0ebe3-ee3c-5f05-902c-f7586a971495,0.0,10.014,,,10.248,,,-0.025,24.0,,,0,[],1766707084.0,4
14163,2025-12-26 00:00:00+00:00,5a93b39e-9fb0-5847-82ca-8fe195c48c82,0.0,10.747,,,10.974,,,-0.024,24.0,,,0,[],1766707595.0,4
14166,2025-12-26 00:10:00+00:00,1aed1e8b-1a90-5513-af72-57a583e327f3,0.0,10.255,,,10.478,,,-0.023,24.0,,,0,[],1766708268.0,4
14169,2025-12-26 00:20:00+00:00,ce4630ce-52d3-503f-8efa-537021a09b0e,0.0,9.698,,,9.924,,,0.006,24.0,,,0,[],1766708795.0,4
14172,2025-12-26 00:30:00+00:00,484aad9b-516e-57a2-a027-7ee509911a63,0.0,9.841,,,10.067,,,-0.026,24.0,,,0,[],1766709479.0,4
14175,2025-12-26 00:40:00+00:00,09a1c8fe-b961-5b30-b346-8b6112bdcede,0.0,9.429,,,9.65,,,0.008,24.0,,,0,[],1766709822.0,4
14178,2025-12-26 00:50:00+00:00,1343e99e-f51b-55f1-9d54-8c76d90b9b6e,0.0,18.323,,,0.0,,18.809,18.809,22.0,,,0,[],1766710581.0,4
14181,2025-12-26 01:00:00+00:00,759322c6-cd85-5f0f-8c25-00400cd6c447,0.0,9.711,,,9.938,,,-0.02,19.0,,,0,[],1766711305.0,4
14184,2025-12-26 01:10:00+00:00,94f4de65-2a20-5f19-9af1-b8992e64d4d7,0.0,9.601,,,9.808,,,0.005,19.0,,,0,[],1766711897.0,4
14187,2025-12-26 01:20:00+00:00,1580af1c-9c73-5516-9b9a-948a998dc4b7,0.0,8.973,,,9.184,,,0.002,19.0,,,0,[],1766712332.0,4
14190,2025-12-26 01:30:00+00:00,d475adc6-f69e-5579-93bc-885f0e76fba2,0.0,10.983,,,11.203,,,-0.034,19.0,,,0,[],1766713016.0,4
14193,2025-12-26 01:40:00+00:00,206e45a1-4f3f-5859-83d2-70c4596a5d4d,0.0,10.24,,,10.463,,,-0.036,19.0,,,0,[],1766713701.0,4
14196,2025-12-26 01:50:00+00:00,226b559d-8781-5fad-a5df-704e1f9f0677,0.0,10.752,,,10.978,,,-0.034,19.0,,,0,[],1766714257.0,4
14199,2025-12-26 02:00:00+00:00,830a4731-4bdb-5be2-9bab-52aea8cf339d,0.0,10.816,,,11.031,,,-0.003,19.0,,,0,[],1766714932.0,4
14202,2025-12-26 02:10:00+00:00,1041cb52-b160-5691-9b2d-65e3268a99a2,0.0,11.14,,,11.364,,,-0.037,19.0,,,0,[],1766715412.0,4
14205,2025-12-26 02:20:00+00:00,43dc3e75-4e24-51b0-964a-4fed451f3d59,0.0,8.654,,,8.875,,,-0.037,19.0,,,0,[],1766716096.0,4
14208,2025-12-26 02:30:00+00:00,86fb8d35-fc72-5f39-8e33-f4d06e896d3d,0.0,8.337,,,8.56,,,-0.035,19.0,,,0,[],1766716618.0,4
14211,2025-12-26 02:40:00+00:00,8f513200-ad77-5884-a804-2f6a70b81204,0.0,8.482,,,8.711,,,-0.037,19.0,,,0,[],1766717293.0,4
14214,2025-12-26 02:50:00+00:00,05f59618-e504-5c09-8ef6-2797571f258a,0.001,8.415,,,8.641,,,-0.039,19.0,,,0,[],1766717807.0,4
14217,2025-12-26 03:00:00+00:00,e6906ab1-897c-5b48-919a-641273c3ef49,0.0,8.254,,,8.48,,,-0.036,19.0,,,0,[],1766718492.0,4
14220,2025-12-26 03:10:00+00:00,557aa4c4-7dc8-5258-868e-841c60318cc0,0.0,8.51,,,8.737,,,-0.024,19.0,,,0,[],1766718979.0,4
14223,2025-12-26 03:20:00+00:00,bce16963-a666-50fe-88fc-0d17e7244b29,0.0,8.655,,,8.88,,,-0.037,19.0,,,0,[],1766719653.0,4
14226,2025-12-26 03:30:00+00:00,a3ee4998-3bee-56ec-a738-94384da6a1a9,0.0,8.645,,,8.874,,,-0.039,19.0,,,0,[],1766720327.0,4
14229,2025-12-26 03:40:00+00:00,76c24fdd-e68a-54c2-b08d-e3a8dc2d37b6,0.0,8.936,,,9.161,,,-0.005,19.0,,,0,[],1766720887.0,4
14232,2025-12-26 03:50:00+00:00,02355ea9-b1ec-5016-9fac-ca34f1da547c,0.0,8.324,,,8.549,,,-0.036,19.0,,,0,[],1766721397.0,4
14235,2025-12-26 04:00:00+00:00,b966cac2-01dc-56f7-9d36-b7d6f0ea4033,0.0,8.072,,,8.298,,,-0.036,19.0,,,0,[],1766722091.0,4
14238,2025-12-26 04:10:00+00:00,904d8ba4-7f2d-55ce-8161-67d1f869f487,0.0,8.75,,,8.986,,,-0.029,19.0,,,0,[],1766722433.0,4
14241,2025-12-26 04:20:00+00:00,606dd9b6-b16c-5c0c-a499-9ea8124811b2,0.0,8.407,,,8.634,,,-0.036,19.0,,,0,[],1766723117.0,4
14244,2025-12-26 04:30:00+00:00,3f4b7539-bc4b-5003-bfab-4b366709546b,0.0,8.703,,,8.93,,,-0.036,19.0,,,0,[],1766723801.0,4
14247,2025-12-26 04:40:00+00:00,136cc4d5-a9cd-5c32-b9bd-2cc2b9d97dc0,0.0,8.404,,,8.63,,,-0.036,19.0,,,0,[],1766724486.0,4
14250,2025-12-26 04:50:00+00:00,bce06a54-bd93-5695-ba6a-097709481d89,0.0,7.925,,,8.147,,,-0.034,19.0,,,0,[],1766725081.0,4
14253,2025-12-26 05:00:00+00:00,e75edce6-b53b-557c-bacc-93b1839968f9,0.0,8.373,,,8.598,,,-0.037,19.0,,,0,[],1766725513.0,4
14256,2025-12-26 05:10:00+00:00,d95f99ba-cc64-59f7-8385-16d5eb164079,0.002,9.034,,,9.263,,,-0.034,19.0,,,0,[],1766726197.0,4
14259,2025-12-26 05:20:00+00:00,f64b2723-96f0-5a65-90e7-0179258e58d4,0.013,9.908,,,10.136,,,-0.038,19.0,,,0,[],1766726881.0,4
14262,2025-12-26 05:30:00+00:00,5bd74a8a-9594-5de3-8686-a9d1a5336337,0.016,9.453,,,9.678,,,-0.037,19.0,,,0,[],1766727441.0,4
14265,2025-12-26 05:40:00+00:00,e52e1b36-c942-510a-8d7a-507dc215ea2b,0.028,8.782,,,9.008,-0.051,,-0.053,19.0,,,0,[],1766728115.0,4
14268,2025-12-26 05:50:00+00:00,34b08cef-0442-5117-9f23-2526491159f0,0.044,8.574,,,8.801,-0.055,,-0.057,19.0,,,0,[],1766728593.0,4
14271,2025-12-26 06:00:00+00:00,11842de8-26d4-5ee4-a1a6-2b51a113ca65,0.308,7.975,,,8.199,-0.313,,-0.313,19.0,,,0,[],1766729277.0,4
14274,2025-12-26 06:10:00+00:00,6a33f22c-e670-58cf-bc1a-92912041af91,0.695,7.9,,,8.129,-0.628,,-0.628,19.0,,,0,[],1766729802.0,4
14277,2025-12-26 06:20:00+00:00,00951abf-e69b-51c4-b2d1-0d0f890223d9,1.033,7.039,,,7.276,-0.931,,-0.931,19.0,,,0,[],1766730476.0,4
14280,2025-12-26 06:30:00+00:00,e27c90be-1b8c-5e50-adec-5912dc9fb539,1.394,7.584,,,7.811,-1.275,,-1.275,19.5,,,0,[],1766730987.0,4
14283,2025-12-26 06:40:00+00:00,8ef64fd3-71a7-58ae-8b63-907c6a009a8a,1.753,8.205,,,8.431,-1.672,,-1.672,20.0,,,0,[],1766731672.0,4
14286,2025-12-26 06:50:00+00:00,47dd1de1-960c-546b-96f6-cc99e5ba02d4,2.644,6.838,,,7.058,-2.492,,-2.492,20.0,,,0,[],1766732212.0,4
14289,2025-12-26 07:00:00+00:00,bfb7e662-4294-5009-9270-a372cbe247f7,3.724,7.589,,,7.813,-3.543,,-3.543,20.0,,,0,[],1766732905.0,4
14292,2025-12-26 07:10:00+00:00,0877009e-b332-59aa-8304-c80a89903aa5,3.952,7.782,,,8.008,-3.773,,-3.773,21.0,,,0,[],1766733248.0,4
14295,2025-12-26 07:20:00+00:00,5d6d1eb6-d605-51c0-922b-a36f9430da93,4.539,7.141,,,7.367,-4.417,,-4.417,21.0,,,0,[],1766733933.0,4
14298,2025-12-26 07:30:00+00:00,83b5ac87-5788-553d-9c54-63d28cf9a3ed,3.163,7.492,,,7.719,-3.064,,-3.064,22.0,,,0,[],1766734618.0,4
14301,2025-12-26 07:40:00+00:00,8db0e073-ab11-52b1-97b8-b1f4d939dcb8,7.433,6.476,,,6.701,-7.195,,-7.195,23.0,,,0,[],1766735302.0,4
14304,2025-12-26 07:50:00+00:00,130ef3f6-5136-524e-8a0b-af0e0bd43b24,8.221,7.663,,,7.89,-7.943,,-7.943,23.5,,,0,[],1766735883.0,4
14307,2025-12-26 08:00:00+00:00,b112c604-e3a5-5217-8d92-c2ac0ac5965d,8.419,8.124,,,8.35,-8.183,,-8.183,24.0,,,0,[],1766736329.0,4
14310,2025-12-26 08:10:00+00:00,5a096527-b766-5d64-926d-af60acbf0747,4.222,11.037,,,7.165,-0.077,0.069,-0.008,24.0,,,0,[],1766737013.0,4
14313,2025-12-26 08:20:00+00:00,188aee55-3953-558b-93e7-a9c93707efc7,8.225,9.543,,,4.908,-3.143,,-3.143,25.0,,,0,[],1766737697.0,4
14316,2025-12-26 08:30:00+00:00,cf2ab200-c430-573a-8991-26b4cb22744c,7.093,10.51,,,4.925,-1.549,,-1.549,25.0,,,0,[],1766738248.0,4
14319,2025-12-26 08:40:00+00:00,91f9731c-dd80-5ae0-a7dc-6ee130849147,6.193,10.428,,,4.893,-0.327,,-0.307,25.0,,,0,[],1766738725.0,4
14322,2025-12-26 08:50:00+00:00,69463968-53ca-5628-959a-06ac664961ca,7.305,8.967,,,5.204,-1.931,,-1.931,25.0,,,0,[],1766739597.0,4
14325,2025-12-26 09:00:00+00:00,6da0075b-8bcb-5e18-9a2a-2cbc42947dfb,6.917,9.322,,,4.905,-2.161,,-2.161,25.0,,,0,[],1766740093.0,4
14326,2025-12-26 09:10:00+00:00,2fa8d467-2c9c-5ac2-93a1-b1b70b6c5d92,12.289,11.504,,,4.674,-5.063,,-5.063,25.0,,,0,[],1766740610.0,4
14329,2025-12-26 09:20:00+00:00,3d1e0c19-82c8-5a16-a336-f898979f5a64,6.57,9.417,,,4.906,-1.162,0.249,-0.913,25.0,,,0,[],1766741284.0,4
14332,2025-12-26 09:30:00+00:00,91adc67f-7e23-59c7-bce8-85fb9f48e7bf,9.131,10.726,,,4.851,-2.773,,-2.773,25.5,,,0,[],1766741806.0,4
14335,2025-12-26 09:40:00+00:00,fc3e333b-664c-552a-89a0-11bd7143f9d9,8.809,12.476,,,4.877,-0.761,,-0.761,26.0,,,0,[],1766742490.0,4
14338,2025-12-26 09:50:00+00:00,dbeb3f86-495b-51a1-9a74-773057557ef2,14.391,15.057,,,4.862,-3.437,,-3.437,26.0,,,0,[],1766743030.0,4
14341,2025-12-26 10:00:00+00:00,c52bc4ed-b5c4-5911-9cc6-b3ad28027c51,10.936,11.608,,,4.751,-3.909,,-3.909,27.0,,,0,[],1766743719.0,4
14344,2025-12-26 10:10:00+00:00,190b69b3-4af9-5178-b7f6-3ec67d9c48ab,19.204,9.435,,,4.897,-14.025,,-14.025,28.0,,,0,[],1766744065.0,4
14347,2025-12-26 10:20:00+00:00,c82ca997-997d-549b-aefe-82d0142ce823,20.248,13.774,,,0.01,-5.971,,-5.971,30.0,,,0,[],1766744749.0,4
14350,2025-12-26 10:30:00+00:00,131247dc-d861-5028-90f1-adb58947272c,12.809,11.985,,,0.014,-0.433,,-0.433,31.0,,,0,[],1766745434.0,4
14353,2025-12-26 10:40:00+00:00,d31b63b3-ab20-53a9-abe2-98040edde524,21.103,13.452,,,0.011,-7.162,,-7.162,31.0,,,0,[],1766746118.0,4
14356,2025-12-26 10:50:00+00:00,014cf202-35f5-5862-be6f-34f3717c8b90,12.631,12.009,,,0.005,-1.093,1.191,0.098,31.5,,,0,[],1766746698.0,4
14359,2025-12-26 11:00:00+00:00,2371475b-4df0-516e-abd0-2a6e55902dd8,21.421,13.305,,,-0.046,-7.758,,-7.758,32.0,,,0,[],1766747143.0,4
14362,2025-12-26 11:10:00+00:00,601cdfd2-48b1-5421-8a0d-e18c0c253719,20.441,13.888,,,0.013,-5.892,,-5.892,32.0,,,0,[],1766747830.0,4
14365,2025-12-26 11:20:00+00:00,62e86d72-7e14-5ee7-ae59-16c105fdb3b4,24.247,15.814,,,0.017,-7.885,,-7.885,32.0,,,0,[],1766748513.0,4
14368,2025-12-26 11:30:00+00:00,94acec2a-b3de-5f7c-a036-c6c522ae9528,11.2,14.81,,,0.206,,3.294,3.294,32.0,,,0,[],1766749058.0,4
14371,2025-12-26 11:40:00+00:00,0a3c992d-cbb7-5cbd-9cf5-be40ea1f5674,14.268,15.565,,,0.01,,1.993,1.993,32.0,,,0,[],1766749540.0,4
14374,2025-12-26 11:50:00+00:00,75782af0-ff8c-5216-8c1b-8486236b402c,15.096,13.642,,,-0.15,-2.659,1.524,-1.135,33.0,,,0,[],1766750224.0,4
14377,2025-12-26 12:00:00+00:00,807427f8-22fa-5d2f-985e-d50e42618432,18.639,13.706,,,0.156,-6.232,,-6.232,33.0,,,0,[],1766750898.0,4
14380,2025-12-26 12:10:00+00:00,fa9c4eb6-75c0-5874-b827-a7bc2f2cdcee,21.703,13.826,,,0.013,-7.463,,-7.463,34.0,,,0,[],1766751419.0,4
14383,2025-12-26 12:20:00+00:00,2d2c8644-2b55-5f58-be48-511df17c4dda,21.668,20.311,,,0.168,-0.756,,-0.756,34.0,,,0,[],1766752093.0,4
14386,2025-12-26 12:30:00+00:00,8605085d-5178-5178-ab40-09f66694a369,13.535,17.27,,,0.059,-0.431,4.544,4.113,34.0,,,0,[],1766752620.0,4
14389,2025-12-26 12:40:00+00:00,44c57b60-baf4-5496-acb3-51ae2f97ff1a,19.191,19.339,,,0.489,-0.288,,-0.322,34.0,,,0,[],1766753303.0,4
14392,2025-12-26 12:50:00+00:00,5f3aea68-fa3c-52bb-8c82-c9f3b751e5c0,19.03,15.65,,,0.002,-3.055,,-3.055,34.0,,,0,[],1766753842.0,4
14395,2025-12-26 13:00:00+00:00,b9c2a97f-6811-5611-b9ee-54a5fccce44a,20.266,16.582,,,-0.099,-3.018,,-3.018,34.0,,,0,[],1766754518.0,4
14397,2025-12-26 13:10:00+00:00,d8dd02ea-dc1e-5086-b762-d5a983087084,21.527,18.742,,,-0.016,-2.027,,-2.027,35.0,,,0,[],1766754877.0,4
14400,2025-12-26 13:20:00+00:00,c771de87-8091-5d95-a246-6e363f46b867,19.728,16.454,,,0.008,-3.078,,-3.078,35.0,,,0,[],1766755561.0,4
14403,2025-12-26 13:30:00+00:00,1bff3035-6b64-5da3-9af3-67ef3a1497c3,18.608,21.824,,,-0.106,,3.943,3.943,35.0,,,0,[],1766756245.0,4
14406,2025-12-26 13:40:00+00:00,e9ff0a94-73fe-564e-a8bb-76e89c456a8c,11.233,15.394,,,0.037,,4.707,4.707,34.0,,,0,[],1766756917.0,4
14409,2025-12-26 13:50:00+00:00,34e112ff-0ac1-5eba-8b23-1ebcae552c84,18.315,15.94,,,-0.042,-2.032,,-1.994,34.0,,,0,[],1766757511.0,4
14412,2025-12-26 14:00:00+00:00,f0bc2b77-6dae-55ba-97c7-290624360543,16.735,14.217,,,0.013,-2.155,,-2.155,34.0,,,0,[],1766757958.0,4
14415,2025-12-26 14:10:00+00:00,adeecdd1-c7ae-5459-922d-fe80923a1a8e,15.11,14.784,,,0.011,-0.63,0.675,0.045,34.0,,,0,[],1766758643.0,4
14418,2025-12-26 14:20:00+00:00,d13d9109-aaea-5173-b6c6-6cb08adc1ed4,10.515,13.469,,,0.01,,3.264,3.264,34.0,,,0,[],1766759317.0,4
14421,2025-12-26 14:30:00+00:00,70493da1-3a2d-5daa-aff0-46ea770da800,10.821,17.343,,,0.018,,7.013,7.013,34.0,,,0,[],1766759871.0,4
14424,2025-12-26 14:40:00+00:00,192ee1d2-799f-5f36-9406-3c64b8f4c30d,10.609,12.803,,,0.013,-0.242,2.734,2.492,33.0,,,0,[],1766760355.0,4
14427,2025-12-26 14:50:00+00:00,ed9e9416-88ca-560c-940f-7c61b92fc1e5,9.012,12.832,,,0.012,,4.138,4.138,33.0,,,0,[],1766761039.0,4
14430,2025-12-26 15:00:00+00:00,ae72ce29-e49f-510e-afa4-ac558c15bf97,7.666,13.895,,,0.0,,6.449,6.449,32.0,,,0,[],1766761719.0,4
14433,2025-12-26 15:10:00+00:00,b85190da-6d0c-5d01-b266-e3eb4f2498c1,5.622,12.264,,,0.0,,6.887,6.887,31.0,,,0,[],1766762046.0,4
14436,2025-12-26 15:20:00+00:00,4a422de1-a851-5482-87b7-83e07b0295b3,6.012,12.125,,,0.0,,6.21,6.21,30.0,,,0,[],1766762769.0,4
14439,2025-12-26 15:30:00+00:00,f5f67b0c-725c-5fe1-95cb-22b7d0d5cb69,7.03,11.05,,,0.0,,3.331,3.331,29.5,,,0,[],1766763454.0,4
14442,2025-12-26 15:40:00+00:00,ce8ccbd2-7cb1-5dd0-a660-793c5df25dc7,6.322,8.093,,,0.0,-0.136,2.137,2.001,29.0,,,0,[],1766764028.0,4
14445,2025-12-26 15:50:00+00:00,7ec615a5-169b-5a62-952e-3bf23ddcd5d2,5.018,9.224,,,0.0,,4.866,4.866,28.5,,,0,[],1766764702.0,4
14448,2025-12-26 16:00:00+00:00,fdae8313-6879-528e-a600-77ff536fc6ed,4.705,7.5,,,0.0,,2.536,2.536,28.0,,,0,[],1766765164.0,4
14451,2025-12-26 16:10:00+00:00,a2ddfaef-f7e3-5aac-a77b-05e7c091764e,4.799,3.6,,,3.684,-4.484,,-4.484,28.0,,,0,[],1766765849.0,4
14454,2025-12-26 16:20:00+00:00,fe5ebf71-7f70-54cf-87ee-fa092e8a8a56,3.808,5.824,,,4.134,-1.203,,-1.203,29.0,,,0,[],1766766519.0,4
14457,2025-12-26 16:30:00+00:00,5eda7bc0-9649-59f2-ab14-bf5a2805e68a,3.705,6.678,,,4.869,-2.054,,-2.054,29.0,,,0,[],1766767063.0,4
14460,2025-12-26 16:40:00+00:00,c6a96b46-ce16-5443-8b28-ad07b31a5619,3.096,5.061,,,4.806,-2.491,,-2.491,29.0,,,0,[],1766767560.0,4
14463,2025-12-26 17:00:00+00:00,8f03e366-d739-5935-b75d-f833dc26aed8,1.427,4.585,,,4.666,-1.146,,-1.146,29.0,,,0,[],1766768928.0,4
14467,2025-12-26 17:10:00+00:00,a8f4157c-de1c-5e7d-ac1a-5a2340a9924d,0.998,5.328,,,4.38,,0.193,0.193,30.0,,,0,[],1766769424.0,4
14470,2025-12-26 17:20:00+00:00,ba0241ad-7a77-5735-9327-faff33323688,0.448,8.939,,,4.886,,3.875,3.875,29.0,,,0,[],1766770098.0,4
14473,2025-12-26 17:30:00+00:00,a4c79a8c-3613-543b-9baa-bcc13b1ff56c,0.097,10.874,,,4.889,,5.686,5.686,29.0,,,0,[],1766770639.0,4
14476,2025-12-26 17:40:00+00:00,bc9a21f5-e8a8-58e0-83cf-c6082215da77,0.023,8.174,,,4.891,,3.57,3.57,28.0,,,0,[],1766771324.0,4
14479,2025-12-26 17:50:00+00:00,3e3ba360-dec5-51a1-a99a-c0bbdbcab621,0.014,8.066,,,4.893,,3.106,3.106,27.5,,,0,[],1766771785.0,4
14482,2025-12-26 18:00:00+00:00,dc3d9eb3-f24e-58c3-826c-8fe6b8ed08e8,0.007,8.623,,,4.892,,3.891,3.891,27.0,,,0,[],1766772475.0,4
14485,2025-12-26 18:10:00+00:00,c5679729-7943-5d12-8b01-b6cdb30d2bca,0.001,7.329,,,4.892,,2.632,2.632,27.0,,,0,[],1766773117.0,4
14488,2025-12-26 18:20:00+00:00,848130cd-d0c4-5d35-bf02-75797f61faf2,0.0,10.301,,,4.888,,6.127,6.127,26.0,,,0,[],1766773648.0,4
14491,2025-12-26 18:30:00+00:00,5279ba40-52ee-54c1-bd19-c465dff39fbc,0.0,9.046,,,4.892,,4.413,4.413,25.0,,,0,[],1766774333.0,4
14494,2025-12-26 18:40:00+00:00,afe88990-a41e-5705-9f7f-99fb0880ba77,0.0,10.267,,,4.912,,5.607,5.607,25.0,,,0,[],1766774804.0,4
14497,2025-12-26 18:50:00+00:00,159917b5-678f-56bc-a037-3e3f3448f793,0.0,7.343,,,7.569,,,-0.027,24.0,,,0,[],1766775478.0,4
14500,2025-12-26 19:00:00+00:00,8e996e8c-a984-54c8-98db-f6701b1dcc9e,0.0,7.525,,,7.75,,,-0.037,24.0,,,0,[],1766776044.0,4
14503,2025-12-26 19:10:00+00:00,ffda75de-dcb4-5379-84ad-5573f4d4b0e2,0.0,6.959,,,7.187,,,-0.041,24.0,,,0,[],1766776728.0,4
14506,2025-12-26 19:20:00+00:00,e7c43de0-f44f-50ab-bbe9-38379703bb9d,0.0,8.39,,,8.605,,,-0.014,24.0,,,0,[],1766777163.0,4
14509,2025-12-26 19:30:00+00:00,b8fa2d61-a9a4-5b1a-b8af-cab228d0e92d,0.0,7.779,,,8.005,,,-0.048,24.0,,,0,[],1766777837.0,4
14512,2025-12-26 19:40:00+00:00,d38cbcd7-ce5c-5608-bddb-2c9a94e637ce,0.0,7.149,,,7.376,,,-0.041,24.0,,,0,[],1766778511.0,4
14515,2025-12-26 19:50:00+00:00,96f53fe5-083f-571f-9487-21b171ec1e57,0.0,7.1,,,7.331,,,-0.035,24.0,,,0,[],1766779118.0,4
14518,2025-12-26 20:00:00+00:00,9f690c9b-8286-5686-8b7e-14903e80f5df,0.0,6.154,,,6.378,,,-0.044,24.0,,,0,[],1766779523.0,4
14521,2025-12-26 20:10:00+00:00,2bab356c-73e6-5083-ba59-1b551a9aa607,0.0,6.779,,,7.007,,,-0.044,24.0,,,0,[],1766780197.0,4
14524,2025-12-26 20:20:00+00:00,31f8029f-90ce-5353-a5a3-9fc23e537a9b,0.001,5.944,,,6.171,,,-0.042,24.0,,,0,[],1766780871.0,4
14527,2025-12-26 20:30:00+00:00,760e5414-475a-5539-878e-bc3e86e8f2b6,0.0,6.734,,,6.962,,,-0.044,24.0,,,0,[],1766781516.0,4
14530,2025-12-26 20:40:00+00:00,da018079-46f8-58cd-83e1-a689732ef24a,0.0,8.999,,,9.223,,,-0.04,24.0,,,0,[],1766781882.0,4
14533,2025-12-26 20:50:00+00:00,155730df-810a-56ae-8c4d-4b44f38e4ff7,0.0,10.751,,,10.977,,,-0.038,24.0,,,0,[],1766782556.0,4
14536,2025-12-26 21:00:00+00:00,eb4a67a6-ef11-5303-9864-64ce633cf641,0.0,11.737,,,11.961,,,-0.039,24.0,,,0,[],1766783276.0,4
14539,2025-12-26 21:10:00+00:00,7158a65e-390b-51c9-a28c-a441731a9ad4,0.0,10.161,,,10.388,,,-0.041,24.0,,,0,[],1766783918.0,4
14542,2025-12-26 21:20:00+00:00,15e741a0-37d9-548b-a784-1ae0359cf823,0.0,10.3,,,10.524,,,-0.041,24.0,,,0,[],1766784458.0,4
14545,2025-12-26 21:30:00+00:00,b1d37019-627b-5896-83b8-3a9768aebd1f,0.0,11.036,,,11.264,,,-0.042,24.0,,,0,[],1766785122.0,4
14548,2025-12-26 21:40:00+00:00,10045633-7bc2-5399-935a-75dd66b5e796,0.0,10.518,,,10.745,,,-0.042,24.0,,,0,[],1766785604.0,4
14551,2025-12-26 21:50:00+00:00,e837609d-5cee-5942-af51-662f1cb54e2b,0.0,10.552,,,10.779,,,-0.041,24.0,,,0,[],1766786278.0,4
14554,2025-12-26 22:00:00+00:00,56a9e20e-1fb8-53eb-b081-67a782e965af,0.0,10.983,,,11.209,,,-0.042,24.0,,,0,[],1766786853.0,4
14557,2025-12-26 22:10:00+00:00,f5f39f2e-f89e-55fd-8634-a36ee6311c3d,0.0,9.098,,,9.324,,,-0.043,24.0,,,0,[],1766787289.0,4
14560,2025-12-26 22:20:00+00:00,cecbfee0-d7d1-536c-bce4-d2ad60092e76,0.0,8.466,,,8.69,,,-0.041,24.0,,,0,[],1766787964.0,4
14563,2025-12-26 22:30:00+00:00,9bb84b8e-8a76-53a3-b3e6-254dc60672ac,0.0,9.158,,,9.384,,,-0.041,24.0,,,0,[],1766788638.0,4
14566,2025-12-26 22:40:00+00:00,f206ee83-b1c7-5b86-ab82-825517a6c7d8,0.0,8.819,,,9.051,,,-0.04,24.0,,,0,[],1766789312.0,4
14569,2025-12-26 22:50:00+00:00,5d529076-07df-5f85-9f8e-dd691f7874e8,0.0,8.398,,,8.625,,,-0.042,24.0,,,0,[],1766789918.0,4
14572,2025-12-26 23:00:00+00:00,e2634935-b4f5-5d9a-8979-12aa9b527bf5,0.0,4.093,,,4.206,,,0.004,24.0,,,0,[],1766790324.0,4
14575,2025-12-26 23:10:00+00:00,20b0d56d-816c-5b2e-857f-ad6666ff6356,0.0,9.447,,,9.67,,,-0.039,24.0,,,0,[],1766790999.0,4
14578,2025-12-26 23:20:00+00:00,483d2426-0de1-5f33-a2e8-2991f5b9a9c6,0.0,9.631,,,9.858,,,-0.04,24.0,,,0,[],1766791673.0,4
14581,2025-12-26 23:30:00+00:00,05a0082f-ba2d-5670-8624-925cc79f5bc3,0.0,9.61,,,9.834,,,-0.041,24.0,,,0,[],1766792319.0,4
14584,2025-12-26 23:40:00+00:00,0c7eed31-2f9d-5385-b883-4468fe361866,0.0,10.102,,,10.323,,,-0.04,24.0,,,0,[],1766792684.0,4
14587,2025-12-26 23:50:00+00:00,eebfab43-32b7-59c2-8fbc-dd70f5bb4c7e,0.0,8.617,,,8.845,,,-0.039,24.0,,,0,[],1766793359.0,4
14590,2025-12-27 00:00:00+00:00,45e14fe3-7d36-52a4-915e-69bb618031bb,0.0,10.084,,,10.307,,,-0.039,24.0,,,0,[],1766794088.0,4
14593,2025-12-27 00:10:00+00:00,14f6c3f5-c4e8-55f5-8fb5-481ca88cdf68,0.0,10.264,,,10.493,,,-0.043,24.0,,,0,[],1766794586.0,4
14596,2025-12-27 00:20:00+00:00,ff26739b-d6c5-5039-9bd4-c952b1390aac,0.0,9.107,,,9.333,,,-0.041,24.0,,,0,[],1766795271.0,4
14599,2025-12-27 00:30:00+00:00,ab6c48ee-df00-5507-9a64-097acaf4de51,0.0,8.705,,,8.927,,,-0.042,24.0,,,0,[],1766795938.0,4
14602,2025-12-27 00:40:00+00:00,58937386-7380-51d2-bca6-76ec8268693f,0.0,8.948,,,9.173,,,-0.041,24.0,,,0,[],1766796417.0,4
14605,2025-12-27 00:50:00+00:00,cdbb891d-7d3f-5977-bd80-36611aee976e,0.0,8.952,,,9.177,,,-0.041,24.0,,,0,[],1766797091.0,4
14608,2025-12-27 01:00:00+00:00,f2de270f-5e06-5940-91be-18c9a55b06d1,0.0,8.803,,,9.029,,,-0.044,24.0,,,0,[],1766797666.0,4
14611,2025-12-27 01:10:00+00:00,6f8606e1-8d83-532c-97cc-85e78bc8591f,0.0,9.277,,,9.493,,,-0.041,24.0,,,0,[],1766798102.0,4
14614,2025-12-27 01:20:00+00:00,b5c0e0e4-893f-5828-8764-2ebe48f232b1,0.0,8.223,,,8.448,,,-0.012,24.0,,,0,[],1766798777.0,4
14617,2025-12-27 01:30:00+00:00,0de85424-dec0-5d73-bcff-4c9c49e3cdff,0.0,8.095,,,8.319,,,-0.042,24.0,,,0,[],1766799451.0,4
14620,2025-12-27 01:40:00+00:00,5ff12d11-10ec-59f7-bc58-602b05385dde,0.0,7.137,,,7.363,,,-0.044,24.0,,,0,[],1766800125.0,4
14623,2025-12-27 01:50:00+00:00,2b14d7d8-9275-5f5c-9bfb-e5a7511b0bb1,0.0,6.824,,,7.053,,,-0.042,24.0,,,0,[],1766800736.0,4
14626,2025-12-27 02:00:00+00:00,2ac47ec7-9695-57db-a25a-211b3d7628e8,0.0,7.785,,,8.01,,,-0.038,24.0,,,0,[],1766801137.0,4
14629,2025-12-27 02:10:00+00:00,6572c925-33fb-5f1c-bf71-3d636f04cb34,0.0,8.31,,,8.537,,,-0.04,24.0,,,0,[],1766801813.0,4
14632,2025-12-27 02:20:00+00:00,154d5d9c-7e7f-5305-901e-f51820390272,0.0,8.547,,,8.768,,,-0.037,24.0,,,0,[],1766802487.0,4
14635,2025-12-27 02:30:00+00:00,ee835db1-927a-58c2-9563-ee73cc9967b0,0.0,8.385,,,8.611,,,-0.042,24.0,,,0,[],1766802825.0,4
14638,2025-12-27 02:40:00+00:00,0aae7d0c-ebea-5ba1-95c3-adeaec1267e3,0.0,7.047,,,7.273,,,-0.041,24.0,,,0,[],1766803499.0,4
14641,2025-12-27 02:50:00+00:00,7d985ac6-625c-587b-ab4a-00e243dd9347,0.0,7.567,,,7.789,,,-0.009,24.0,,,0,[],1766804173.0,4
14644,2025-12-27 03:00:00+00:00,6175d952-4158-5132-8616-73eadd1fd2d6,0.0,7.246,,,7.468,,,-0.011,24.0,,,0,[],1766804914.0,4
14647,2025-12-27 03:10:00+00:00,b3a01e24-ba84-526c-accb-f2e41968a799,0.0,7.519,,,7.747,,,-0.039,24.0,,,0,[],1766805416.0,4
14650,2025-12-27 03:20:00+00:00,09d9f336-b6af-5acd-b12f-d5958cc250b7,0.0,7.424,,,7.651,,,-0.04,24.0,,,0,[],1766806100.0,4
14653,2025-12-27 03:30:00+00:00,c43329b2-61c1-5afe-8b99-6801ce45131e,0.0,7.112,,,7.337,,,-0.039,24.0,,,0,[],1766806567.0,4
14656,2025-12-27 03:40:00+00:00,93bffc9c-c374-57bf-8502-8dfe2a97f70b,0.0,7.128,,,7.355,,,-0.041,24.0,,,0,[],1766807242.0,4
14659,2025-12-27 03:50:00+00:00,e80897ba-70f6-5564-94a3-ba847a716485,0.0,7.153,,,7.379,,,-0.04,24.0,,,0,[],1766807916.0,4
14662,2025-12-27 04:00:00+00:00,3664ce4c-fef5-5db6-9a5d-5945cef3ecc2,0.0,7.353,,,7.583,,,-0.022,24.0,,,0,[],1766808495.0,4
14665,2025-12-27 04:10:00+00:00,00e65aab-e862-5d53-b070-5a81dd085a19,0.0,7.035,,,7.267,,,-0.01,24.0,,,0,[],1766808927.0,4
14668,2025-12-27 04:20:00+00:00,befdd9c3-27e0-5d8d-9636-88da3e4b8fc2,0.0,6.782,,,7.005,,,-0.028,24.0,,,0,[],1766809602.0,4
14671,2025-12-27 04:30:00+00:00,1b008b44-8ad4-504d-8764-5a6bf72bd113,0.002,7.448,,,7.681,,,-0.042,24.0,,,0,[],1766810276.0,4
14674,2025-12-27 04:40:00+00:00,cf40acff-7b84-522e-8094-2ebabd8b5363,0.002,8.443,,,8.666,,,-0.04,24.0,,,0,[],1766810889.0,4
14677,2025-12-27 04:50:00+00:00,69fa03bf-a27b-5672-aa3c-159c9e1a444c,0.001,8.029,,,8.254,,,-0.008,24.0,,,0,[],1766811288.0,4
14680,2025-12-27 05:00:00+00:00,3c7a1311-0bab-5919-a4d0-97094fb2fbdd,0.002,6.784,,,7.007,,,-0.045,24.0,,,0,[],1766811962.0,4
14683,2025-12-27 05:10:00+00:00,1f7dce41-2ec1-5b9e-b72f-719b0c63a79c,0.001,7.637,,,7.877,,,-0.042,24.0,,,0,[],1766812637.0,4
14686,2025-12-27 05:20:00+00:00,f9363f3d-fcb0-5d65-ba89-d5d55c772b3f,0.005,6.834,,,7.068,,,-0.043,24.0,,,0,[],1766813311.0,4
14689,2025-12-27 05:30:00+00:00,219b1063-720e-56f8-a4db-f8bf758999ae,0.013,6.591,,,6.81,,,-0.043,24.0,,,0,[],1766813648.0,4
14692,2025-12-27 05:40:00+00:00,7d702ff2-2ec8-5ffe-a390-a050fb6376bb,0.017,7.87,,,8.091,,,-0.046,24.0,,,0,[],1766814322.0,4
14695,2025-12-27 05:50:00+00:00,022e2e05-b89f-5569-8eae-44ce62cd7fab,0.059,8.98,,,9.208,,,-0.029,24.0,,,0,[],1766814997.0,4
14698,2025-12-27 06:00:00+00:00,68c48b1a-e389-5fd2-bfce-ba6e4aed078b,0.249,8.575,,,8.802,-0.205,,-0.205,24.0,,,0,[],1766815701.0,4
14701,2025-12-27 06:10:00+00:00,7a8e8015-126a-5d34-8b28-22cae0b92273,0.642,9.119,,,9.342,-0.566,,-0.566,24.0,,,0,[],1766816215.0,4
14704,2025-12-27 06:20:00+00:00,15a8ea45-f117-550f-872c-d345ffaad958,1.011,9.054,,,9.284,-0.921,,-0.921,24.0,,,0,[],1766816900.0,4
14707,2025-12-27 06:30:00+00:00,ccf6cabe-59ef-5513-907a-4749c1ceafb0,1.288,9.986,,,10.211,-1.176,,-1.176,24.0,,,0,[],1766817392.0,4
14710,2025-12-27 06:40:00+00:00,a3d93130-4576-5aa3-a2bf-7029af8f9699,1.795,9.725,,,6.161,,1.959,1.959,24.5,,,0,[],1766818067.0,4
14713,2025-12-27 06:50:00+00:00,28e56221-465a-5816-8118-f3b95dd4705c,2.529,8.644,,,6.948,-0.525,,-0.55,24.0,,,0,[],1766818611.0,4
14716,2025-12-27 07:00:00+00:00,f4a49295-595f-5f81-a27d-24e861d3dc53,3.493,8.992,,,6.043,-0.275,0.158,-0.117,24.5,,,0,[],1766819294.0,4
14719,2025-12-27 07:10:00+00:00,11fcea6a-43b2-5836-a534-7902fbae502b,4.534,7.471,,,4.889,-1.614,,-1.614,25.0,,,0,[],1766819753.0,4
14722,2025-12-27 07:20:00+00:00,ef96be1e-19b4-510a-a40a-3074cf6b203d,4.385,13.951,,,2.447,,7.589,7.589,24.5,,,0,[],1766820427.0,4
14725,2025-12-27 07:30:00+00:00,dafcffc8-5da3-505f-9aa1-69c3a7c042cd,6.957,9.208,,,4.881,-1.979,0.09,-1.889,25.0,,,0,[],1766821102.0,4
14728,2025-12-27 07:40:00+00:00,f8e959a4-b783-5f5c-ac3a-fd43a625e8ed,3.779,9.642,,,4.889,,1.468,1.468,25.0,,,0,[],1766821691.0,4
14731,2025-12-27 07:50:00+00:00,4c0eece0-8b59-5156-83aa-ecd77b61a72a,3.323,11.972,,,4.889,,4.074,4.074,25.0,,,0,[],1766822114.0,4
14734,2025-12-27 08:00:00+00:00,c93f0446-2481-58cb-a961-42c2c1ae3e46,4.839,9.845,,,6.576,-1.141,,-1.141,24.0,,,0,[],1766822788.0,4
14737,2025-12-27 08:10:00+00:00,32a12c31-96ec-5824-914f-5f81a2308ab0,4.15,7.415,,,4.892,-1.309,,-1.309,25.0,,,0,[],1766823463.0,4
14740,2025-12-27 08:20:00+00:00,f8dcc479-ddfb-5774-8422-703a3fa968e9,4.886,9.101,,,4.895,-0.664,0.305,-0.359,25.0,,,0,[],1766824087.0,4
14743,2025-12-27 08:30:00+00:00,5509cadf-8463-59cc-8d72-5a00a772e586,3.945,10.655,,,4.892,,1.959,1.959,25.0,,,0,[],1766824474.0,4
14746,2025-12-27 08:40:00+00:00,c9d62e38-8df0-5d4b-9ef7-d14c6867c905,5.214,8.0,,,4.89,-1.845,0.217,-1.628,25.0,,,0,[],1766825148.0,4
14749,2025-12-27 08:50:00+00:00,505761f1-de21-59d0-ad53-8e5d86f0e4a1,6.733,11.775,,,4.89,,0.398,0.398,25.0,,,0,[],1766825823.0,4
14752,2025-12-27 09:00:00+00:00,9b6ca678-df89-586c-b98f-407da9c2a609,11.329,8.205,,,4.887,-7.096,,-7.096,25.0,,,0,[],1766826495.0,4
14755,2025-12-27 09:10:00+00:00,86861e84-aa92-55ba-a411-3592988dcc3c,12.679,10.417,,,4.886,-6.674,,-6.674,26.0,,,0,[],1766827030.0,4
14758,2025-12-27 09:20:00+00:00,ba7eb162-6d81-52af-a132-34f9d17bfb56,9.197,11.091,,,4.905,-2.515,,-2.515,26.0,,,0,[],1766827698.0,4
14761,2025-12-27 09:30:00+00:00,08b02c51-9065-5413-9b73-79db8b94b313,22.328,7.342,,,2.953,-17.19,,-17.19,27.0,,,0,[],1766828187.0,4
14764,2025-12-27 09:40:00+00:00,dd2c98ff-69b5-5f6d-a1e6-45689701ae1d,11.988,7.919,,,4.892,-8.517,,-8.517,29.0,,,0,[],1766828862.0,4
14767,2025-12-27 09:50:00+00:00,ee7d80eb-de5c-5389-b6b4-828322afff25,10.607,8.933,,,4.89,-5.925,,-5.925,29.0,,,0,[],1766829427.0,4
14770,2025-12-27 10:00:00+00:00,2a0b6201-da11-53cb-a7e6-b145242c9af2,12.169,12.2,,,0.951,-0.867,,-0.869,30.0,,,0,[],1766830112.0,4
14773,2025-12-27 10:10:00+00:00,e79d5410-8e22-5e04-a18f-a9c8ad198e61,17.037,11.751,,,0.009,-4.886,,-4.864,30.0,,,0,[],1766830548.0,4
14776,2025-12-27 10:20:00+00:00,e53f7b12-fc2a-5940-be2c-29b77a2ea3b0,12.452,11.499,,,1.137,-1.486,,-1.513,30.0,,,0,[],1766831222.0,4
14779,2025-12-27 10:30:00+00:00,f49b1f2d-6808-5d6b-89d5-61da27e27eac,11.601,14.159,,,2.643,,0.054,0.06,30.0,,,0,[],1766831897.0,4
14782,2025-12-27 10:40:00+00:00,ec0a3180-d8e0-57c0-87e2-67a940983049,6.134,9.829,,,1.643,,2.265,2.244,30.5,,,0,[],1766832507.0,4
14785,2025-12-27 10:50:00+00:00,4c02b1e8-95ca-5c8b-8a2f-1216d24b8c9d,3.694,7.211,,,3.623,,0.174,0.176,30.0,,,0,[],1766833193.0,4
14788,2025-12-27 11:00:00+00:00,9160dd73-b7b3-530e-9361-fffada57f9b6,4.823,7.779,,,3.043,,0.16,0.16,30.0,,,0,[],1766833583.0,4
14790,2025-12-27 11:10:00+00:00,64f12634-4029-59d7-b1e9-53bfa015f427,8.882,8.727,,,0.193,-0.065,,-0.086,30.0,,,0,[],1766834258.0,4
14793,2025-12-27 11:20:00+00:00,2a66ab51-562d-5c0e-93ba-2b4d41664ed2,6.639,7.669,,,1.483,-0.174,,-0.156,30.0,,,0,[],1766834904.0,4
14796,2025-12-27 11:30:00+00:00,5922d77f-1b0d-530e-a42a-02c6e4911e9d,8.655,11.797,,,3.244,,0.122,0.137,30.0,,,0,[],1766835269.0,4
14799,2025-12-27 11:40:00+00:00,000e1d7b-8aa8-52a1-8b1d-049e2a41e1ee,11.846,12.346,,,0.694,,0.114,0.092,30.0,,,0,[],1766835943.0,4
14802,2025-12-27 11:50:00+00:00,273c6895-905d-55b7-9452-94fe2750566c,12.504,11.737,,,0.01,-0.51,,-0.51,31.0,,,0,[],1766836617.0,4
14805,2025-12-27 12:00:00+00:00,acd7aad2-b888-528b-bf69-86eca98b2213,12.657,12.079,,,0.012,-0.314,,-0.291,31.0,,,0,[],1766837320.0,4
14808,2025-12-27 12:10:00+00:00,e4348db8-286e-51d7-a8d9-e1cccde446b8,28.636,12.252,,,0.017,-15.695,,-15.695,31.5,,,0,[],1766837859.0,4
14811,2025-12-27 12:20:00+00:00,a541d8dd-6d49-5139-8df9-e8127409fda4,13.531,12.568,,,0.008,-1.111,0.524,-0.587,32.0,,,0,[],1766838337.0,4
14814,2025-12-27 12:30:00+00:00,cfe0d428-41c5-58e3-81c2-ab023c21d837,24.111,8.014,,,0.011,-14.286,,-14.286,33.0,,,0,[],1766839011.0,4
14817,2025-12-27 12:40:00+00:00,4fa20cd8-6c6b-5a4b-b3f6-9f748af5795d,13.154,11.728,,,0.014,-1.301,0.234,-1.067,35.0,,,0,[],1766839685.0,4
14820,2025-12-27 12:50:00+00:00,35cf295c-3368-5883-9596-7728112b1a21,12.301,11.535,,,0.004,-0.873,0.451,-0.422,35.0,,,0,[],1766840359.0,4
14823,2025-12-27 13:00:00+00:00,2c801e5c-1718-5ca0-9163-ec17eb2fb1cf,17.33,10.868,,,-0.079,-5.903,,-5.903,35.0,,,0,[],1766840696.0,4
14825,2025-12-27 13:10:00+00:00,8a921df2-1f10-54ee-a248-c4f365504a18,12.863,10.575,,,0.008,-1.825,,-1.825,35.0,,,0,[],1766841371.0,4
14828,2025-12-27 13:20:00+00:00,51a13ed0-8fc8-58a1-bc78-e64194ff0970,14.269,10.461,,,0.049,-3.481,,-3.481,36.0,,,0,[],1766842045.0,4
14831,2025-12-27 13:30:00+00:00,7d7ace34-b7f9-5b0c-ab90-dbabb900ee22,11.668,9.096,,,0.01,-1.849,,-1.849,36.0,,,0,[],1766842651.0,4
14834,2025-12-27 13:40:00+00:00,8478a959-9ce0-5bf9-9e7a-f12cbc81d3e8,14.71,8.731,,,0.008,-5.528,,-5.528,36.5,,,0,[],1766843317.0,4
14837,2025-12-27 13:50:00+00:00,fb54c5e9-e924-504b-bee8-de6dcf045950,7.787,7.835,,,0.006,-0.11,0.451,0.341,37.0,,,0,[],1766843731.0,4
14840,2025-12-27 14:00:00+00:00,59ef895d-d093-5577-955c-ca3d3f73516b,14.508,5.963,,,0.008,-8.047,,-8.047,37.5,,,0,[],1766844405.0,4
14843,2025-12-27 14:10:00+00:00,02b3814d-49d9-57bc-8acb-04c1a5d88d7b,12.299,12.985,,,0.015,,0.976,0.976,38.0,,,0,[],1766845080.0,4
14846,2025-12-27 14:20:00+00:00,5be536c8-bb44-557f-acf8-2d913b90f2ca,11.794,12.512,,,0.009,,1.037,1.037,38.0,,,0,[],1766845717.0,4
14849,2025-12-27 14:30:00+00:00,7d1a6c79-c6c7-558a-a14f-3507b846e0d6,10.841,12.529,,,-0.015,,1.543,1.543,38.0,,,0,[],1766846091.0,4
14852,2025-12-27 14:40:00+00:00,7de8f6f8-fcaa-539a-9747-1eb2e529a469,10.194,14.051,,,0.009,,4.223,4.223,37.0,,,0,[],1766846765.0,4
14855,2025-12-27 14:50:00+00:00,d79228a4-896d-5af2-86e8-68fe62c8587b,10.269,15.346,,,0.014,,5.416,5.416,36.0,,,0,[],1766847443.0,4
14858,2025-12-27 15:00:00+00:00,f9cc7ce8-6ee0-5768-926e-22a76a92eefa,10.276,18.628,,,0.011,,8.587,8.587,35.5,,,0,[],1766847984.0,4
14861,2025-12-27 15:10:00+00:00,84f3a3db-5b93-5629-8851-fe96052c8150,7.435,17.331,,,0.01,,10.378,10.378,34.0,,,0,[],1766848659.0,4
14864,2025-12-27 15:20:00+00:00,05b55309-4ab1-5126-9b20-4e6b1654eb73,6.725,17.425,,,0.026,,11.128,11.128,32.5,,,0,[],1766849140.0,4
14867,2025-12-27 15:30:00+00:00,29146b0b-7900-5ebd-9077-3ab2b4eacb06,5.311,17.69,,,0.025,,12.81,12.81,31.0,,,0,[],1766849814.0,4
14870,2025-12-27 15:40:00+00:00,ac027350-76c8-5373-b21c-dcb3a34aee29,4.866,7.789,,,3.006,,0.136,0.151,30.0,,,0,[],1766850488.0,4
14873,2025-12-27 15:50:00+00:00,6634773e-7a3a-55ac-87ee-898df6f9a793,4.633,7.701,,,3.159,,0.123,0.135,30.0,,,0,[],1766851055.0,4
14876,2025-12-27 16:00:00+00:00,d06c4b08-68a4-5667-8c50-814193f440b0,4.227,7.21,,,3.116,,0.095,0.12,30.0,,,0,[],1766851737.0,4
14879,2025-12-27 16:10:00+00:00,e2f44c1d-5ac1-5d86-a897-27cfc6e35fa5,3.736,6.34,,,2.712,,,0.088,30.0,,,0,[],1766852174.0,4
14882,2025-12-27 16:20:00+00:00,f490715e-31fd-5153-96be-8537f201e11f,3.219,7.473,,,4.41,,0.163,0.137,30.0,,,0,[],1766852849.0,4
14885,2025-12-27 16:30:00+00:00,384af4c8-996b-5a46-87da-8b07be667897,2.642,9.016,,,4.88,,1.8,1.8,30.0,,,0,[],1766853450.0,4
14888,2025-12-27 16:40:00+00:00,d6ca5468-2e41-55d3-878d-4dab4d94bfc2,2.024,9.132,,,4.859,,2.101,2.101,30.0,,,0,[],1766854118.0,4
14891,2025-12-27 17:00:00+00:00,f42a625f-bb3e-5d2a-ab36-d9a04f9350de,1.268,11.355,,,4.889,,5.487,5.487,29.0,,,0,[],1766855210.0,4
14894,2025-12-27 17:10:00+00:00,f9bd8770-1f34-5721-b194-f9130778c406,0.657,10.941,,,4.897,,5.666,5.666,28.0,,,0,[],1766855885.0,4
14897,2025-12-27 17:20:00+00:00,ce7818ed-94a3-5218-b9c5-ec5f6bdbe7c2,0.304,10.859,,,4.891,,5.892,5.892,27.5,,,0,[],1766856531.0,4
14900,2025-12-27 17:30:00+00:00,8c126d39-6e36-5d40-b805-10096f5dd888,0.08,15.519,,,4.895,,10.877,10.877,27.0,,,0,[],1766856896.0,4
14903,2025-12-27 17:40:00+00:00,7e20bfa1-4033-5d93-b1dc-a23d5f6c0433,0.028,15.503,,,4.887,,10.954,10.954,25.0,,,0,[],1766857571.0,4
14906,2025-12-27 17:50:00+00:00,93bbbad5-1d96-51c7-9c9b-8b746a302775,0.017,10.428,,,10.658,,,0.004,24.0,,,0,[],1766858246.0,4
14909,2025-12-27 18:00:00+00:00,a3693996-0915-51c5-8129-168642ae49ce,0.012,10.766,,,10.992,,,-0.042,24.0,,,0,[],1766858798.0,4
14912,2025-12-27 18:10:00+00:00,8f1239dd-e53b-5e39-9026-06adfb4262c8,0.011,10.324,,,10.531,,,-0.043,24.0,,,0,[],1766859473.0,4
14915,2025-12-27 18:20:00+00:00,c3b1aeca-7435-57a9-8f55-3decd5ac848d,0.0,9.815,,,10.044,,,-0.003,24.0,,,0,[],1766860055.0,4
14918,2025-12-27 18:30:00+00:00,50254161-3165-5800-8a5e-93c15f633622,0.0,10.348,,,10.57,,,-0.004,24.0,,,0,[],1766860730.0,4
14921,2025-12-27 18:40:00+00:00,9d80ca3c-034c-520e-87f1-ee9b02e271ff,0.0,11.75,,,11.974,,,-0.028,24.0,,,0,[],1766861184.0,4
14924,2025-12-27 18:50:00+00:00,51a613fd-5b8b-5145-987d-ba7e9897fced,0.0,11.041,,,11.279,,,-0.027,24.0,,,0,[],1766861868.0,4
14927,2025-12-27 19:00:00+00:00,a2d3421d-f795-5108-aeb0-583e1aabf7ee,0.0,9.175,,,9.408,,,-0.039,24.0,,,0,[],1766862417.0,4
14930,2025-12-27 19:10:00+00:00,81e8ad79-2966-51e0-a9fa-39f680e0b952,0.0,9.53,,,9.759,,,-0.045,24.0,,,0,[],1766863092.0,4
14933,2025-12-27 19:20:00+00:00,ea31e44e-f01e-57ec-a72b-2e639461e860,0.0,9.898,,,10.129,,,-0.038,24.0,,,0,[],1766863579.0,4
14936,2025-12-27 19:30:00+00:00,b5b1ad85-0158-597f-a6b9-17b1013d82dd,0.0,9.981,,,10.204,,,-0.039,24.0,,,0,[],1766864264.0,4
14939,2025-12-27 19:40:00+00:00,f5e4e924-5a94-53ba-affb-4f479d6848af,0.0,11.909,,,12.149,,,-0.004,24.0,,,0,[],1766864937.0,4
14942,2025-12-27 19:50:00+00:00,7a10d9d6-4757-5968-93b5-45344095adcb,0.0,13.434,,,13.655,,,-0.037,24.0,,,0,[],1766865453.0,4
14945,2025-12-27 20:00:00+00:00,076439cd-4a46-52e2-a60b-409aee2ec164,0.0,12.766,,,12.991,,,-0.033,24.0,,,0,[],1766865975.0,4
14948,2025-12-27 20:10:00+00:00,20c35138-c26d-5c3f-8b86-8a78a0fdd1f2,0.0,12.365,,,12.591,,,-0.041,24.0,,,0,[],1766866659.0,4
14951,2025-12-27 20:20:00+00:00,2130cae3-b391-541a-973e-d56d0a9293e2,0.0,13.914,,,14.141,,,-0.038,24.0,,,0,[],1766867140.0,4
14954,2025-12-27 20:30:00+00:00,9e93a1ce-b931-5826-a716-599f566f1cbd,0.0,14.049,,,14.281,,,-0.032,24.0,,,0,[],1766867815.0,4
14957,2025-12-27 20:40:00+00:00,3f94bb1c-7dd9-50b6-a1e3-b49a42f99a2b,0.0,12.938,,,13.162,,,-0.036,24.0,,,0,[],1766868489.0,4
14960,2025-12-27 20:50:00+00:00,af5caacd-da95-5e7e-8f45-c1f221ebf6ed,0.0,12.726,,,12.955,,,-0.024,24.0,,,0,[],1766869054.0,4
14963,2025-12-27 21:00:00+00:00,14c9e2ec-93d2-5c04-9fff-b0cb24b4375f,0.0,12.566,,,12.793,,,-0.044,24.0,,,0,[],1766869611.0,4
14966,2025-12-27 21:10:00+00:00,81c226c6-0b97-50d6-945f-cf0d3cc752b0,0.0,11.56,,,11.786,,,-0.044,24.0,,,0,[],1766870286.0,4
14969,2025-12-27 21:20:00+00:00,a8891653-8303-5f6d-95b0-bb78f38616a0,0.0,11.922,,,12.147,,,-0.049,24.0,,,0,[],1766870715.0,4
14972,2025-12-27 21:30:00+00:00,53f1fc31-54af-5f65-ab7f-a01efed8841c,0.0,10.297,,,10.524,,,-0.043,24.0,,,0,[],1766871390.0,4
14975,2025-12-27 21:40:00+00:00,346612ed-7ee4-5319-9e46-531ac11e8919,0.0,9.666,,,9.892,,,-0.046,24.0,,,0,[],1766872064.0,4
14978,2025-12-27 21:50:00+00:00,4efad8e6-b9fd-5747-bcb6-023e6f20e5ae,0.0,11.275,,,11.504,,,-0.045,24.0,,,0,[],1766872683.0,4
14981,2025-12-27 22:00:00+00:00,bd968abe-1190-59e4-b1d6-24b84434d142,0.0,11.117,,,11.339,,,-0.042,24.0,,,0,[],1766873076.0,4
14984,2025-12-27 22:10:00+00:00,bf15379b-639a-50b7-a295-cc2b08c54fc2,0.0,11.516,,,11.739,,,-0.042,24.0,,,0,[],1766873750.0,4
14987,2025-12-27 22:20:00+00:00,9e42e3bb-1225-53eb-9638-df372d192527,0.0,10.733,,,10.955,,,-0.043,24.0,,,0,[],1766874392.0,4
14990,2025-12-27 22:30:00+00:00,40b6e0f9-d598-5283-92f0-0f6de33c8b38,0.0,11.054,,,11.28,,,-0.046,24.0,,,0,[],1766875099.0,4
14993,2025-12-27 22:40:00+00:00,0d0c92d9-3f50-5851-b4e2-59f3e0d5e35e,0.0,8.83,,,9.057,,,-0.049,24.0,,,0,[],1766875436.0,4
14996,2025-12-27 22:50:00+00:00,78a1e92e-4370-552b-888a-2c91f344b7a1,0.0,8.744,,,8.977,,,-0.044,24.0,,,0,[],1766876110.0,4
14999,2025-12-27 23:00:00+00:00,ac8b0bcf-913e-5bb3-9d2d-2dd7412d4538,0.0,8.494,,,8.723,,,-0.047,24.0,,,0,[],1766876788.0,4
15002,2025-12-27 23:10:00+00:00,6033f4a0-156a-5374-9aa8-f22ddcab2423,0.0,8.38,,,8.611,,,-0.048,24.0,,,0,[],1766877472.0,4
15004,2025-12-27 23:20:00+00:00,370a7c87-378a-5033-8a35-deff9a48a971,0.0,8.066,,,8.255,,,-0.043,24.0,,,0,[],1766878136.0,4
15007,2025-12-27 23:30:00+00:00,15eeb562-ba7e-5e93-8755-8543245e88c2,0.0,8.293,,,8.521,,,-0.045,24.0,,,0,[],1766878498.0,4
15010,2025-12-27 23:40:00+00:00,d71fa1ab-4303-5def-a30c-dcc5262083c5,0.0,8.303,,,8.531,,,-0.01,24.0,,,0,[],1766879182.0,4
15013,2025-12-27 23:50:00+00:00,8c2b6877-22bc-563e-97f4-7031e0a1590e,0.0,8.028,,,8.25,,,-0.041,24.0,,,0,[],1766879867.0,4
15016,2025-12-28 00:00:00+00:00,ba1fcf5c-82c8-5ec4-a38b-bf66c1b7968c,0.0,8.003,,,8.229,,,-0.01,24.0,,,0,[],1766880494.0,4
15019,2025-12-28 00:10:00+00:00,713ab613-0a25-5bf9-8aac-faea622f9b4c,0.0,8.146,,,8.368,,,-0.043,24.0,,,0,[],1766881097.0,4
15022,2025-12-28 00:20:00+00:00,a16d81ea-2b26-5fe3-a327-a59ac2e7c3ad,0.0,7.628,,,7.883,,,-0.041,24.0,,,0,[],1766881573.0,4
15025,2025-12-28 00:30:00+00:00,c27cc7f5-ccf0-56dd-9b03-8077c2947beb,0.0,7.925,,,8.153,,,-0.019,24.0,,,0,[],1766882248.0,4
15028,2025-12-28 00:40:00+00:00,9193b92d-6f58-550c-a5c6-d20527a38c9f,0.0,7.412,,,7.638,,,-0.043,24.0,,,0,[],1766882922.0,4
15031,2025-12-28 00:50:00+00:00,a8f4aa96-936f-5bb3-bc56-b402b47bfc28,0.0,7.965,,,8.194,,,-0.045,24.0,,,0,[],1766883492.0,4
15034,2025-12-28 01:00:00+00:00,1f791ff4-3eea-5e2d-8ae4-4fb551b08288,0.0,7.555,,,7.782,,,-0.045,24.0,,,0,[],1766883933.0,4
15037,2025-12-28 01:10:00+00:00,d3d6d9d5-851f-501a-9d39-3db6a3a9d413,0.0,7.181,,,7.4,,,-0.044,24.0,,,0,[],1766884608.0,4
15040,2025-12-28 01:20:00+00:00,c6114539-8626-5dee-bb49-d988e89aec9c,0.0,6.683,,,6.908,,,-0.046,24.0,,,0,[],1766885282.0,4
15043,2025-12-28 01:30:00+00:00,090d7a0d-065a-57cd-bbe2-3419e8180b5b,0.0,7.269,,,7.497,,,-0.028,24.0,,,0,[],1766885887.0,4
15046,2025-12-28 01:40:00+00:00,dde6df18-f80b-5825-adc3-affa0044bc80,0.0,7.296,,,7.52,,,-0.045,24.0,,,0,[],1766886294.0,4
15049,2025-12-28 01:50:00+00:00,69530b3d-caf7-5822-ab2d-e44e8df126b0,0.0,7.998,,,8.224,,,-0.011,24.0,,,0,[],1766886968.0,4
15052,2025-12-28 02:00:00+00:00,61fc6698-833a-5b3c-ba96-2b67ffaa29de,0.0,6.732,,,6.962,,,-0.043,24.0,,,0,[],1766887642.0,4
15055,2025-12-28 02:10:00+00:00,754197e2-3ca2-505e-991d-de98c8c6a1ca,0.0,6.645,,,6.863,,,-0.044,24.0,,,0,[],1766888316.0,4
15058,2025-12-28 02:20:00+00:00,2360356b-3e08-55df-b953-f1e92b7cb495,0.0,6.978,,,7.217,,,-0.046,24.0,,,0,[],1766888653.0,4
15061,2025-12-28 02:30:00+00:00,4622340f-7357-5c2c-ae67-d753342726d0,0.0,6.854,,,7.082,,,-0.042,24.0,,,0,[],1766889328.0,4
15064,2025-12-28 02:40:00+00:00,1e7b1952-0bbe-56c9-8be7-64317e765db5,0.0,7.911,,,8.138,,,-0.042,24.0,,,0,[],1766890002.0,4
15067,2025-12-28 02:50:00+00:00,f34934d0-083b-5847-85fe-d064f358783c,0.0,8.015,,,8.256,,,-0.01,24.0,,,0,[],1766890678.0,4
15070,2025-12-28 03:00:00+00:00,9675920c-f031-53ec-8cbd-46c72eb468dd,0.0,8.389,,,8.618,,,-0.038,24.0,,,0,[],1766891235.0,4
15073,2025-12-28 03:10:00+00:00,79c8f1cf-52fe-5ced-a02b-30fbb879459c,0.0,8.235,,,8.462,,,-0.013,24.0,,,0,[],1766891911.0,4
15076,2025-12-28 03:20:00+00:00,6ab1957c-b59d-52c7-90c8-17b88f25b146,0.0,8.229,,,8.456,,,-0.043,24.0,,,0,[],1766892342.0,4
15079,2025-12-28 03:30:00+00:00,f2a0971d-55be-5a87-8497-6db7e34542f3,0.0,7.562,,,7.788,,,-0.042,24.0,,,0,[],1766893017.0,4
15082,2025-12-28 03:40:00+00:00,1165f0a8-16d2-52b9-8a99-1b848a3f11c1,0.001,6.787,,,7.014,,,-0.042,24.0,,,0,[],1766893691.0,4
15085,2025-12-28 03:50:00+00:00,fda8bacf-7b5f-5561-af77-a55f2d921a94,0.0,6.616,,,6.845,,,-0.044,24.0,,,0,[],1766894306.0,4
15088,2025-12-28 04:00:00+00:00,6f040e0c-4ab9-5636-aa39-34c79f8b5348,0.0,6.449,,,6.676,,,-0.043,24.0,,,0,[],1766894703.0,4
15091,2025-12-28 04:10:00+00:00,33e3d5a8-cf45-53e3-8763-1afe7f62fe22,0.0,6.276,,,6.52,,,-0.015,24.0,,,0,[],1766895377.0,4
15094,2025-12-28 04:20:00+00:00,c8f6dadd-28a7-59a2-9ef3-2814a5e34c9f,0.0,6.475,,,6.703,,,-0.048,24.0,,,0,[],1766896051.0,4
15097,2025-12-28 04:30:00+00:00,1ac23bf5-f642-5bf5-844b-fcd78993335e,0.0,5.825,,,6.051,,,-0.045,24.0,,,0,[],1766896725.0,4
15100,2025-12-28 04:40:00+00:00,95cae6db-f58f-534b-9a2b-2c6031644420,0.0,5.823,,,6.053,,,-0.045,24.0,,,0,[],1766897062.0,4
15103,2025-12-28 05:00:00+00:00,7e5e222f-c51a-5aa6-b718-28c489dd68fa,0.0,6.964,,,7.191,,,-0.042,24.0,,,0,[],1766898410.0,4
15107,2025-12-28 05:10:00+00:00,185fa2ae-9da9-5595-b4bc-8a36e28173c6,0.0,6.568,,,6.794,,,-0.049,24.0,,,0,[],1766899096.0,4
15110,2025-12-28 05:20:00+00:00,71ae0edb-2b75-53fd-8efc-bc0c4cd3943f,0.001,5.31,,,5.514,,,-0.024,24.0,,,0,[],1766899438.0,4
15113,2025-12-28 05:30:00+00:00,2aced305-41e8-58ee-a43c-238b5b25353e,0.006,5.987,,,6.21,,,-0.052,24.0,,,0,[],1766900122.0,4
15116,2025-12-28 05:40:00+00:00,b7158cf1-4dd4-5db2-8be0-1ed62d5913c4,0.017,5.917,,,6.14,,,-0.053,24.0,,,0,[],1766900797.0,4
15119,2025-12-28 05:50:00+00:00,24c050ab-e589-5b45-938d-67a8dc77a227,0.051,5.375,,,5.602,-0.059,,-0.071,24.0,,,0,[],1766901491.0,4
15122,2025-12-28 06:00:00+00:00,6909e56d-518d-542b-a400-dbc2fbad8b48,0.123,5.996,,,6.225,-0.087,,-0.117,24.0,,,0,[],1766902060.0,4
15125,2025-12-28 06:10:00+00:00,05d8f0c5-a2db-5d9f-8942-8ee8fa154be2,0.361,5.568,,,5.796,-0.357,,-0.357,24.0,,,0,[],1766902719.0,4
15128,2025-12-28 06:20:00+00:00,4207a9f8-a4ea-51ce-aeb6-83915dc4c8b6,0.694,5.487,,,5.714,-0.641,,-0.641,24.0,,,0,[],1766903153.0,4
15131,2025-12-28 06:30:00+00:00,99c4eeb0-4aaa-5d54-b952-17749c7fdce0,1.235,5.937,,,6.167,-1.153,,-1.153,24.0,,,0,[],1766903828.0,4
15134,2025-12-28 06:40:00+00:00,8861a0c5-360b-571a-8d9d-dcdf3294a09e,2.086,4.004,,,4.233,-2.022,,-2.022,24.0,,,0,[],1766904503.0,4
15136,2025-12-28 06:50:00+00:00,edb136bf-a9d2-540c-9322-876642409690,2.231,5.114,,,4.726,-1.501,,-1.501,24.5,,,0,[],1766905127.0,4
15138,2025-12-28 07:00:00+00:00,8c19d5fd-0b27-5ad9-98ed-34f7663ce65c,2.72,4.243,,,4.403,-2.536,,-2.536,25.0,,,0,[],1766905514.0,4
15140,2025-12-28 07:10:00+00:00,3b0a47f1-1605-50fa-9595-bcee5c03dd9b,4.641,4.632,,,4.473,-4.092,,-4.092,25.0,,,0,[],1766906189.0,4
15142,2025-12-28 07:20:00+00:00,ff7f8a7e-6246-56d4-b3f1-4b8bc54b42d6,4.819,4.061,,,4.148,-4.527,,-4.527,26.0,,,0,[],1766906863.0,4
15144,2025-12-28 07:30:00+00:00,43c5d4b1-e908-5127-b07e-c4f5a52b408c,4.816,4.321,,,4.402,-4.533,,-4.533,26.5,,,0,[],1766907517.0,4
15146,2025-12-28 07:40:00+00:00,54e3d411-dc28-5382-af0e-d4351a7eb2c6,3.138,10.584,,,4.897,,2.702,2.702,27.0,,,0,[],1766907876.0,4
15148,2025-12-28 07:50:00+00:00,2b5d2806-59b3-5616-b290-053c48c9d307,1.965,7.683,,,4.889,,0.725,0.725,26.0,,,0,[],1766908553.0,4
15150,2025-12-28 08:00:00+00:00,5e5b3d09-b11f-51a1-929f-85dd341e2a10,2.374,6.874,,,4.892,-0.124,,-0.101,26.0,,,0,[],1766909237.0,4
15152,2025-12-28 08:10:00+00:00,6ee0133e-3037-544c-a355-ad8b9a964518,4.128,12.672,,,0.0,,9.51,9.51,25.5,,,0,[],1766909916.0,4
15154,2025-12-28 08:20:00+00:00,e9a1401e-36a2-5b43-b279-9813fbc7242c,4.238,11.954,,,0.0,,8.169,8.169,25.0,,,0,[],1766910264.0,4
15156,2025-12-28 08:30:00+00:00,efd2e29a-121e-5784-8221-b417dc00e1cf,11.862,14.673,,,0.0,-0.236,3.19,2.954,24.0,,,0,[],1766910948.0,4
15159,2025-12-28 08:40:00+00:00,9eb2e038-de69-5053-849a-1b7356e61622,12.376,14.546,,,0.0,-0.544,3.038,2.494,23.0,,,0,[],1766911633.0,4
15162,2025-12-28 08:50:00+00:00,1fd576d6-1921-596c-9b24-2f790b986533,11.512,15.108,,,0.0,,4.04,4.04,23.0,,,0,[],1766912317.0,4
15165,2025-12-28 09:00:00+00:00,9f74608f-d597-54a6-9e58-41f8927c206e,6.827,17.005,,,0.0,,9.936,9.936,22.5,,,0,[],1766912861.0,4
15167,2025-12-28 09:10:00+00:00,96a3d511-a787-5c64-8b2c-f4517bec7c1d,11.089,14.765,,,0.0,,4.002,4.002,21.0,,,0,[],1766913517.0,4
15170,2025-12-28 09:20:00+00:00,708f3027-4385-5520-8820-fa3786bb6980,11.883,16.652,,,0.0,,5.155,5.155,20.5,,,0,[],1766913992.0,4
15173,2025-12-28 09:30:00+00:00,f9a2e771-a4aa-522a-8e4b-ba3c4ef88c84,12.316,16.339,,,0.0,-0.423,5.373,4.95,20.0,,,0,[],1766914667.0,4
15176,2025-12-28 09:40:00+00:00,3cfb65a1-018e-53b5-85d8-8d41aacdf55d,7.554,12.789,,,0.0,,5.932,5.932,19.0,,,0,[],1766915248.0,4
15179,2025-12-28 09:50:00+00:00,be6100e1-0eb1-5671-a048-f1dd139b883e,10.414,14.157,,,0.0,-1.463,5.617,4.154,18.0,,,0,[],1766915918.0,4
15182,2025-12-28 10:00:00+00:00,2e45f87e-5e97-534f-850e-c7d5397e2311,11.966,13.431,,,0.0,-1.605,3.426,1.821,18.0,,,0,[],1766916355.0,4
15185,2025-12-28 10:10:00+00:00,95ab99ae-7ceb-52c7-83e1-b7b777580f96,14.088,11.703,,,0.0,-2.637,0.596,-2.041,18.0,,,0,[],1766917030.0,4
15188,2025-12-28 10:20:00+00:00,b557152c-b524-5558-acfe-1ba8c840fa15,7.591,10.699,,,0.0,,3.39,3.39,17.0,,,0,[],1766917705.0,4
15191,2025-12-28 10:30:00+00:00,1583185f-96e0-5c21-b703-5917f974510c,6.541,10.376,,,0.0,,4.203,4.203,17.0,,,0,[],1766918318.0,4
15194,2025-12-28 10:40:00+00:00,a54d2c2e-4cdd-5f23-82e9-c8d3a3a3e8e8,25.169,10.614,,,0.0,-13.92,,-13.92,17.0,,,0,[],1766918718.0,4
15197,2025-12-28 10:50:00+00:00,c12b0312-479a-56ac-87ed-da6b2037f88e,13.67,14.535,,,0.0,-1.862,3.254,1.392,19.0,,,0,[],1766919392.0,4
15200,2025-12-28 11:00:00+00:00,b3ae9d33-16dd-545b-b6b1-1e449d117e4e,4.433,15.7,,,0.0,,11.572,11.572,18.0,,,0,[],1766920067.0,4
15202,2025-12-28 11:10:00+00:00,a48c6c17-c602-5b07-ad71-cb71152e0a5e,5.731,15.354,,,0.0,,10.005,10.005,16.5,,,0,[],1766920720.0,4
15205,2025-12-28 11:20:00+00:00,750dfa8a-e6b9-5f0d-add6-550e95ccf716,22.271,14.811,,,0.0,-6.919,,-6.919,16.0,,,0,[],1766921078.0,4
15208,2025-12-28 11:30:00+00:00,f0fd8e9f-75c8-5b1a-9e0d-ebafc6c72bba,20.118,13.891,,,0.0,-5.307,,-5.307,17.0,,,0,[],1766921753.0,4
15211,2025-12-28 11:40:00+00:00,1af0797a-f232-575f-8d73-6575ef72d491,19.113,14.986,,,0.0,-4.305,0.682,-3.623,17.0,,,0,[],1766922435.0,4
15214,2025-12-28 11:50:00+00:00,fb5e41a3-1b64-516b-993b-a2bc6bfce964,13.35,15.449,,,0.0,-0.47,2.835,2.365,18.0,,,0,[],1766923117.0,4
15217,2025-12-28 12:00:00+00:00,997dc433-5a0d-59c3-9cb4-c05438b74c4d,14.597,14.314,,,0.0,-1.877,1.82,-0.057,18.0,,,0,[],1766923680.0,4
15220,2025-12-28 12:10:00+00:00,306fe32f-3494-542f-b941-9a7ef5e7c03f,19.671,19.55,,,0.0,-3.052,3.29,0.238,18.0,,,0,[],1766924117.0,4
15223,2025-12-28 12:20:00+00:00,c4c72f62-f248-524d-8949-e3ef8d7ab391,15.45,13.938,,,0.0,-1.618,0.15,-1.468,19.0,,,0,[],1766924792.0,4
15226,2025-12-28 12:30:00+00:00,840e0cd7-04af-52a5-be29-a38b5f2aaf49,23.666,12.757,,,0.0,-10.389,,-10.389,20.5,,,0,[],1766925466.0,4
15229,2025-12-28 12:40:00+00:00,c1064783-cd77-5701-93c0-d8b848270441,19.818,6.391,,,0.0,-12.485,,-12.485,21.0,,,0,[],1766926068.0,4
15232,2025-12-28 12:50:00+00:00,1dfa664a-d73e-575a-b7a1-7c4fad0b40b3,24.992,10.193,,,0.0,-14.189,,-14.189,22.5,,,0,[],1766926477.0,4
15235,2025-12-28 13:00:00+00:00,fdd49fdf-399a-5887-bd05-58d3b63164e8,23.365,6.758,,,0.0,-16.008,,-16.008,25.0,,,0,[],1766927151.0,4
15238,2025-12-28 13:10:00+00:00,95c1226f-2ab3-5950-85bb-110b4f708290,23.98,8.84,,,0.0,-15.34,,-15.34,27.0,,,0,[],1766927826.0,4
15241,2025-12-28 13:20:00+00:00,80c3a7f7-092c-5fe2-bb30-1cefe723fc61,23.836,7.167,,,1.439,-17.333,,-17.333,29.0,,,0,[],1766928500.0,4
15244,2025-12-28 13:30:00+00:00,cb01a6ea-6c16-5257-9045-954b4b2c3b2d,18.824,6.017,,,0.012,-11.857,,-11.857,30.5,,,0,[],1766928838.0,4
15247,2025-12-28 13:40:00+00:00,dd0f1a4a-9b72-58d8-babd-84373e446f75,22.768,5.29,,,0.2,-16.929,,-16.929,33.0,,,0,[],1766929540.0,4
15250,2025-12-28 13:50:00+00:00,7a19cfde-0782-5051-a269-6232fcdffff9,19.346,7.578,,,0.006,-11.291,,-11.291,35.0,,,0,[],1766930223.0,4
15253,2025-12-28 14:00:00+00:00,a9c50ed0-8323-5643-bbf1-ee830b20ea0f,16.452,7.407,,,0.007,-8.549,,-8.549,36.0,,,0,[],1766930898.0,4
15256,2025-12-28 14:10:00+00:00,968e15ac-efad-53f9-ba3a-402ad00d9e9e,15.171,6.648,,,0.016,-8.104,,-8.104,37.0,,,0,[],1766931252.0,4
15259,2025-12-28 14:20:00+00:00,218eb81a-aae4-545c-b37c-befba08087b1,14.608,7.099,,,0.004,-7.851,,-7.851,38.0,,,0,[],1766931936.0,4
15262,2025-12-28 14:30:00+00:00,caf849ce-b28f-543d-8827-e3e8827a9cb3,9.948,6.058,,,-0.032,-3.353,,-3.353,38.0,,,0,[],1766932620.0,4
15265,2025-12-28 14:40:00+00:00,2d04833c-7aa7-52be-a50a-164cd9b94668,13.989,10.897,,,0.015,-2.807,,-2.807,39.0,,,0,[],1766933304.0,4
15268,2025-12-28 14:50:00+00:00,7405ddfa-5443-5037-a265-765d11efecf0,12.424,13.616,,,0.012,,1.45,1.5,39.0,,,0,[],1766933990.0,4
15271,2025-12-28 15:00:00+00:00,93f2ae36-f5b1-5e0c-8662-6efe0b54d649,14.272,13.406,,,0.014,-0.86,0.377,-0.483,39.0,,,0,[],1766934491.0,4
15273,2025-12-28 15:10:00+00:00,955a5fb0-eb8b-52af-8550-cd00828b8d0e,12.527,13.32,,,0.009,-0.082,1.241,1.159,38.5,,,0,[],1766935159.0,4
15276,2025-12-28 15:20:00+00:00,a231135c-a215-5161-a492-3596585a5ad8,10.294,10.668,,,0.017,,0.471,0.471,38.0,,,0,[],1766935604.0,4
15279,2025-12-28 15:30:00+00:00,1d456da3-439e-5a7b-8bc2-e3cb7f8f305e,6.768,11.426,,,0.013,,4.976,4.976,38.0,,,0,[],1766936279.0,4
15282,2025-12-28 15:40:00+00:00,a18362dd-3bcc-5736-9b2a-1e5b364ef7af,5.462,9.78,,,0.008,,4.523,4.523,37.5,,,0,[],1766936877.0,4
15285,2025-12-28 15:50:00+00:00,06aae3ec-3b8e-5336-86e8-36a8cd4e6138,4.421,9.848,,,0.014,,5.639,5.639,37.0,,,0,[],1766937290.0,4
15288,2025-12-28 16:00:00+00:00,fcf48f97-e63f-58ce-b32a-979f15c1aaf2,4.211,9.176,,,-0.058,,5.353,5.353,36.0,,,0,[],1766937964.0,4
15291,2025-12-28 16:10:00+00:00,5adbc54d-b909-5b52-80f0-1070fcaf7bf0,3.573,8.243,,,4.874,,0.136,0.099,35.0,,,0,[],1766938639.0,4
15294,2025-12-28 16:20:00+00:00,d51358eb-f326-5816-abf8-67b82781158b,3.189,6.667,,,3.688,,0.162,0.117,35.0,,,0,[],1766939313.0,4
15297,2025-12-28 16:30:00+00:00,de22c679-3930-5e07-9fe6-18b3c7b30f46,2.474,6.75,,,4.439,,0.136,0.123,35.0,,,0,[],1766939650.0,4
15300,2025-12-28 16:40:00+00:00,eca4a771-d7ea-5b43-b82e-f5e9f176c1d2,1.996,6.348,,,4.502,,0.155,0.139,35.0,,,0,[],1766940325.0,4
15303,2025-12-28 16:50:00+00:00,603899a4-04a7-517a-96d8-12a59718eb3a,1.887,5.049,,,3.334,,0.13,0.102,35.0,,,0,[],1766940999.0,4
15306,2025-12-28 17:00:00+00:00,618800fe-20cd-531a-8845-b2f1c0a22834,1.252,6.013,,,4.961,,0.147,0.125,35.0,,,0,[],1766941674.0,4
15309,2025-12-28 17:10:00+00:00,9fef1774-74ac-5dc2-a7bc-f9d67c43e0a6,0.88,6.232,,,5.557,,0.14,0.128,35.0,,,0,[],1766942338.0,4
15312,2025-12-28 17:20:00+00:00,3f90bf01-6607-552a-8f09-6f6824a8ca53,0.542,4.878,,,4.526,,0.132,0.128,35.0,,,0,[],1766942694.0,4
15315,2025-12-28 17:30:00+00:00,139f98b0-a190-5ed4-8654-911116064384,0.101,4.885,,,4.945,,0.114,0.096,35.0,,,0,[],1766943378.0,4
15318,2025-12-28 17:40:00+00:00,fd7850bb-cddc-57c7-867b-e89b5f2d0974,0.031,5.053,,,5.215,,0.059,0.04,35.0,,,0,[],1766944063.0,4
15321,2025-12-28 17:50:00+00:00,a7d0822b-17c7-5eda-a6cd-ea3fde2310bf,0.016,5.37,,,5.537,,0.06,0.034,35.0,,,0,[],1766944736.0,4
15324,2025-12-28 18:00:00+00:00,531117a2-5371-5a24-8574-e71e79c153c5,0.006,5.145,,,5.31,,0.091,0.067,35.0,,,0,[],1766945305.0,4
15327,2025-12-28 18:10:00+00:00,2df26656-cee0-5f7c-94b7-a310f1a2a2af,0.001,5.121,,,5.282,,0.083,0.077,35.0,,,0,[],1766945720.0,4
15330,2025-12-28 18:20:00+00:00,68f81119-0173-510d-af1c-7f1c4aa05e7e,0.0,4.925,,,5.076,,0.052,0.039,35.0,,,0,[],1766946430.0,4
15333,2025-12-28 18:30:00+00:00,4ec7e5f1-0276-5875-a381-b69d8e63c114,0.0,6.233,,,6.392,,0.061,0.051,35.0,,,0,[],1766947105.0,4
15336,2025-12-28 18:40:00+00:00,1fe3041a-b9b1-506b-a74e-535553666fad,0.0,5.642,,,5.79,,0.052,0.043,35.0,,,0,[],1766947692.0,4
15339,2025-12-28 18:50:00+00:00,49a68bcf-9d00-5f34-a640-23b52f248b8d,0.0,6.473,,,6.638,,0.054,0.039,35.0,,,0,[],1766948116.0,4
15342,2025-12-28 19:00:00+00:00,59ba08f5-5689-581b-b6d3-8fe516920d97,0.0,7.378,,,7.541,,0.062,0.043,35.0,,,0,[],1766948790.0,4
15345,2025-12-28 19:10:00+00:00,500ec211-1766-524a-a52c-73b6674e545d,0.0,6.939,,,7.104,,0.094,0.072,35.0,,,0,[],1766949465.0,4
15348,2025-12-28 19:20:00+00:00,46f0e614-dd2b-51cc-917b-e75e0a99255c,0.0,7.184,,,7.348,,0.051,0.025,35.0,,,0,[],1766950088.0,4
15351,2025-12-28 19:30:00+00:00,cadb761c-d11a-57b9-bb04-1d12f59cbb51,0.0,8.084,,,8.247,,0.088,0.068,35.0,,,0,[],1766950477.0,4
15354,2025-12-28 19:40:00+00:00,5dbd3f52-eee6-5e42-b710-12ae6938d2a0,0.0,8.173,,,8.329,,0.065,0.04,35.0,,,0,[],1766951151.0,4
15357,2025-12-28 19:50:00+00:00,fe07750c-a0ac-5433-8726-b967e16341b5,0.0,7.031,,,7.192,,0.054,0.037,35.0,,,0,[],1766951826.0,4
15360,2025-12-28 20:00:00+00:00,a9efbf00-e333-58a2-9bed-5e4fcdd16993,0.0,8.702,,,8.868,,0.06,0.056,35.0,,,0,[],1766952501.0,4
15363,2025-12-28 20:10:00+00:00,0831ddfe-e149-542d-8ce4-b1759e6efc7b,0.0,7.54,,,7.705,,0.068,0.046,35.0,,,0,[],1766952837.0,4
15366,2025-12-28 20:20:00+00:00,0c769168-7cd7-5458-a727-79c733885a1e,0.0,7.617,,,7.775,,0.054,0.033,35.0,,,0,[],1766953512.0,4
15369,2025-12-28 20:30:00+00:00,aa7a7fbd-4587-585a-abaf-fc2ca1cd54cb,0.0,5.559,,,5.722,,0.084,0.068,35.0,,,0,[],1766954196.0,4
15372,2025-12-28 20:40:00+00:00,76c2923a-4a54-5c38-ac09-62964fc0c07b,0.0,5.665,,,5.824,,0.059,0.041,35.0,,,0,[],1766954881.0,4
15375,2025-12-28 20:50:00+00:00,8e7202d7-d0d2-5d09-a6f9-c54e207996e5,0.0,7.521,,,7.679,,0.065,0.04,35.0,,,0,[],1766955565.0,4
15378,2025-12-28 21:00:00+00:00,226df587-1e52-57d0-9394-cd6612f8ffd7,0.0,7.724,,,7.89,,0.054,0.029,35.0,,,0,[],1766956118.0,4
15379,2025-12-28 21:10:00+00:00,56414219-a858-5aed-8ba9-8114b810483a,0.0,7.633,,,7.798,,0.056,0.032,35.0,,,0,[],1766956548.0,4
15382,2025-12-28 21:20:00+00:00,fddc890e-48b6-5297-9d20-2dc27461db96,0.0,7.005,,,7.17,,0.102,0.075,35.0,,,0,[],1766957233.0,4
15385,2025-12-28 21:30:00+00:00,aa814b78-9ec0-5fec-b0d9-fc849dba16ea,0.0,6.983,,,7.136,,0.06,0.033,35.0,,,0,[],1766957908.0,4
15388,2025-12-28 21:40:00+00:00,a9a18677-3b7a-53b9-ac80-929d332df64a,0.0,9.35,,,9.515,,0.061,0.036,35.0,,,0,[],1766958507.0,4
15391,2025-12-28 21:50:00+00:00,360c1fd9-e554-5b40-8de8-74e0acfbcb1b,0.0,9.08,,,9.246,,0.059,0.034,35.0,,,0,[],1766958919.0,4
15394,2025-12-28 22:00:00+00:00,7d61053e-7e28-50f4-82ed-91badf44160e,0.0,10.485,,,10.638,,0.061,0.046,35.0,,,0,[],1766959593.0,4
15397,2025-12-28 22:10:00+00:00,f85e99e0-4e38-5202-b290-a4ea783b52fd,0.0,9.322,,,9.488,,0.059,0.033,35.0,,,0,[],1766960267.0,4
15400,2025-12-28 22:20:00+00:00,544c7352-ea55-520c-a517-63c4145f0444,0.0,8.514,,,8.68,,0.055,0.027,35.0,,,0,[],1766960903.0,4
15403,2025-12-28 22:30:00+00:00,f5f815db-01fb-5063-90f8-faacb652f893,0.0,7.158,,,7.324,,0.058,0.031,35.0,,,0,[],1766961279.0,4
15406,2025-12-28 22:40:00+00:00,ce4e2761-4e2e-5049-9580-4a1b0d323bd7,0.0,7.077,,,7.242,,0.057,0.057,35.0,,,0,[],1766961954.0,4
15409,2025-12-28 22:50:00+00:00,7b1268ec-4c04-5343-90c2-0c1162138e03,0.0,6.333,,,6.506,,0.055,0.03,35.0,,,0,[],1766962627.0,4
15412,2025-12-28 23:10:00+00:00,b699ad50-7a23-5bad-bbad-8c81fea3e4b7,0.0,6.246,,,6.41,,0.056,0.031,35.0,,,0,[],1766963641.0,4
15415,2025-12-28 23:20:00+00:00,d04e6398-06fc-5c2e-928e-115286bf7853,0.0,6.905,,,7.07,,0.056,0.031,35.0,,,0,[],1766964324.0,4
15419,2025-12-28 23:30:00+00:00,3e836ef1-2131-5600-9313-af2e4647eff7,0.0,7.815,,,7.981,,0.057,0.033,35.0,,,0,[],1766965009.0,4
15421,2025-12-28 23:40:00+00:00,660cf9fd-e8a5-5a38-9300-96568fe291ae,0.0,7.262,,,7.428,,0.084,0.065,35.0,,,0,[],1766965694.0,4
15424,2025-12-28 23:50:00+00:00,29e58156-e075-5fb2-a165-19bec5f5e4fd,0.0,7.953,,,8.12,,0.066,0.043,35.0,,,0,[],1766966336.0,4
15427,2025-12-29 00:00:00+00:00,994782f4-027d-55b0-ad57-a370873ea5e4,0.0,8.642,,,8.808,,0.054,0.031,35.0,,,0,[],1766966934.0,4
15430,2025-12-29 00:10:00+00:00,a034e3c5-4f07-57dc-b05d-4622c8d98a70,0.0,9.337,,,9.504,,0.084,0.071,35.0,,,0,[],1766967348.0,4
15433,2025-12-29 00:20:00+00:00,9fab6ada-e685-5ff6-b55b-bc868c0c130d,0.0,7.714,,,7.879,,0.056,0.03,35.0,,,0,[],1766968046.0,4
15436,2025-12-29 00:30:00+00:00,7f9f6e38-dd6b-5c17-a732-248a55ea0d48,0.0,7.308,,,7.474,,0.057,0.031,35.0,,,0,[],1766968636.0,4
15439,2025-12-29 00:40:00+00:00,1b7914a8-8b5b-5ad8-9458-0277d36a41e5,0.0,7.326,,,7.492,,0.056,0.032,35.0,,,0,[],1766969317.0,4
15442,2025-12-29 00:50:00+00:00,0989e66e-b7aa-5bb8-8a39-7f91fdff23af,0.0,7.398,,,7.563,,0.054,0.029,35.0,,,0,[],1766969732.0,4
15445,2025-12-29 01:00:00+00:00,ea872906-dd7b-5635-841c-f0d8c2d4a839,0.0,6.975,,,7.142,,0.055,0.031,35.0,,,0,[],1766970408.0,4
15448,2025-12-29 01:10:00+00:00,558e2c68-b2a0-58ef-aa3c-63c0a3a91541,0.0,6.665,,,6.829,,0.055,0.031,35.0,,,0,[],1766971082.0,4
15451,2025-12-29 01:20:00+00:00,b4f12d87-a5f5-5310-91b8-2aaa6077106d,0.0,7.171,,,7.291,,0.063,0.075,35.0,,,0,[],1766971715.0,4
15454,2025-12-29 01:30:00+00:00,97eb38d8-735c-5e77-b8fc-939cc32da5d6,0.0,8.415,,,8.581,,0.056,0.031,35.0,,,0,[],1766972094.0,4
15457,2025-12-29 01:40:00+00:00,66caff04-aa96-593a-93bb-e133afd41793,0.0,7.821,,,7.941,,0.113,0.097,35.0,,,0,[],1766972769.0,4
15460,2025-12-29 01:50:00+00:00,18e7a564-420c-513d-96ad-b032e0816605,0.0,7.411,,,7.576,,0.064,0.038,35.0,,,0,[],1766973443.0,4
15463,2025-12-29 02:00:00+00:00,ea4b88cf-c5e3-5cad-91a4-4a89eb22f53d,0.0,7.514,,,7.68,,0.056,0.03,35.0,,,0,[],1766974106.0,4
15466,2025-12-29 02:10:00+00:00,1953c740-fe58-5178-8c78-a4462feee019,0.0,7.608,,,7.786,,0.098,0.072,35.0,,,0,[],1766974461.0,4
15469,2025-12-29 02:20:00+00:00,d932c23f-5e55-5385-9c35-0ee42eebd815,0.0,6.427,,,6.592,,0.054,0.034,35.0,,,0,[],1766975145.0,4
15472,2025-12-29 02:30:00+00:00,e0ceb000-5b13-51fa-a5b2-dfa75be2d30f,0.0,7.074,,,7.202,,0.087,0.107,35.0,,,0,[],1766975831.0,4
15475,2025-12-29 02:40:00+00:00,2c5dbe94-62ed-5b0a-b3e4-2f58b45ba65e,0.0,7.188,,,7.265,,0.1,0.118,35.0,,,0,[],1766976515.0,4
15478,2025-12-29 02:50:00+00:00,ef773944-31bf-54b0-9091-cc36464d7044,0.0,7.583,,,7.67,,0.095,0.114,35.0,,,0,[],1766976857.0,4
15481,2025-12-29 03:00:00+00:00,4d1dbb4e-a97a-5c4d-98f0-2ebe5c5a95c6,0.0,7.815,,,7.899,,0.086,0.096,35.0,,,0,[],1766977704.0,4
15484,2025-12-29 03:10:00+00:00,ef6cc403-1bee-5135-988e-c714cba4cab0,0.0,7.599,,,7.714,,0.106,0.116,35.0,,,0,[],1766978166.0,4
15487,2025-12-29 03:20:00+00:00,630eddfd-9cb4-5649-acc6-f352eded29a3,0.0,7.285,,,7.385,,0.083,0.095,35.0,,,0,[],1766978862.0,4
15490,2025-12-29 03:30:00+00:00,e3a73c18-2d81-5277-8320-97f0ddbf1dc1,0.0,7.039,,,7.172,,0.088,0.067,35.0,,,0,[],1766979536.0,4
15493,2025-12-29 03:40:00+00:00,282aaa0e-7baa-514b-8e20-1423c270fb84,0.0,6.799,,,6.902,,0.08,0.083,35.0,,,0,[],1766980133.0,4
15496,2025-12-29 03:50:00+00:00,1dbcb595-4ead-56bf-a1ac-ae4dff0e53c7,0.0,6.707,,,6.812,,0.086,0.062,35.0,,,0,[],1766980547.0,4
15499,2025-12-29 04:00:00+00:00,98e98c94-2774-5eeb-99d9-606792651e9b,0.0,7.608,,,7.719,,0.089,0.094,35.0,,,0,[],1766981222.0,4
15502,2025-12-29 04:10:00+00:00,40cbc654-cdbf-52a2-a215-ee2369982cb3,0.0,8.183,,,8.315,,0.105,0.113,35.0,,,0,[],1766981896.0,4
15505,2025-12-29 04:20:00+00:00,909a57f1-97b6-590f-8e6b-c7e4bf319d3a,0.0,8.163,,,8.315,,0.102,0.102,35.0,,,0,[],1766982518.0,4
15508,2025-12-29 04:30:00+00:00,55cf5d79-e45f-5fb5-ae94-3ecedf80a37f,0.0,7.985,,,8.117,,0.06,0.061,35.0,,,0,[],1766982908.0,4
15511,2025-12-29 04:40:00+00:00,eb8ed6c9-3145-51dc-972b-15931692229a,0.0,7.604,,,7.763,,0.098,0.079,35.0,,,0,[],1766983582.0,4
15514,2025-12-29 04:50:00+00:00,3b0294df-213e-5c5b-a3c1-3dd2cd906c6e,0.0,9.357,,,9.497,,0.076,0.074,35.0,,,0,[],1766984256.0,4
15517,2025-12-29 05:00:00+00:00,36a22844-9b12-5050-a7cb-1f44933151a4,0.0,10.427,,,10.574,,0.073,0.039,35.0,,,0,[],1766984931.0,4
15520,2025-12-29 05:10:00+00:00,4b109df0-d512-51ec-9412-438381f8e557,0.0,11.037,,,11.183,,0.081,0.074,35.0,,,0,[],1766985268.0,4
15523,2025-12-29 05:20:00+00:00,b631aa9b-0c9c-514a-93a2-dd9ab32ca532,0.001,9.38,,,9.54,,0.072,0.062,35.0,,,0,[],1766985951.0,4
15526,2025-12-29 05:30:00+00:00,58cb1b21-7d69-5d2f-9a30-8f58a4b693bb,0.002,8.87,,,8.98,,0.077,0.067,35.0,,,0,[],1766986636.0,4
15529,2025-12-29 05:40:00+00:00,d7463835-9530-5664-b073-2e5af8d37cbd,0.028,8.747,,,8.877,,0.07,0.05,35.0,,,0,[],1766987318.0,4
15532,2025-12-29 05:50:00+00:00,7bcccaf8-d4bb-5a81-a68a-16e298b7c8f4,0.036,8.31,,,8.463,,0.078,0.066,35.0,,,0,[],1766987662.0,4
15535,2025-12-29 06:00:00+00:00,2631410e-ef50-5772-add9-b17d58e9aeef,0.255,8.763,,,8.678,,0.119,0.119,35.0,,,0,[],1766988529.0,4
15537,2025-12-29 06:10:00+00:00,16afba26-a458-5c3a-909f-cb988c3923be,0.491,8.636,,,8.285,,0.138,0.127,35.0,,,0,[],1766988976.0,4
15539,2025-12-29 06:20:00+00:00,09e02778-39f9-5a19-9d20-4bb85cf4ab1b,0.868,8.426,,,7.735,,0.15,0.115,35.0,,,0,[],1766989717.0,4
15541,2025-12-29 06:30:00+00:00,382fdd1d-a546-5954-84fc-2e4ebfbbea63,1.459,8.762,,,7.458,,0.169,0.13,35.0,,,0,[],1766990274.0,4
15543,2025-12-29 06:40:00+00:00,4d5a31e8-040d-5b62-8b3e-04d899006240,2.006,9.083,,,7.251,,0.166,0.125,35.0,,,0,[],1766990728.0,4
15545,2025-12-29 06:50:00+00:00,0f6d2d99-5d2d-5f9c-ba55-54137822a017,2.93,9.304,,,6.549,-0.051,0.171,0.12,35.0,,,0,[],1766991403.0,4
15547,2025-12-29 07:00:00+00:00,17e1d2d9-4d17-593c-a478-5f1e8b8d9de3,2.64,8.91,,,6.453,,0.179,0.137,35.0,,,0,[],1766992077.0,4
15549,2025-12-29 07:10:00+00:00,e996a779-10ee-5431-8272-23d92a9916c5,4.114,8.559,,,4.638,,0.157,0.118,35.0,,,0,[],1766992669.0,4
15551,2025-12-29 07:20:00+00:00,fbfe7b3b-efc3-5804-93d2-78ce08e31dde,3.495,9.02,,,5.69,,0.16,0.125,35.0,,,0,[],1766993089.0,4
15553,2025-12-29 07:30:00+00:00,737c985e-1bee-5841-a265-c256b654df3e,4.494,9.403,,,5.065,,0.165,0.127,35.0,,,0,[],1766993763.0,4
15555,2025-12-29 07:40:00+00:00,2f1cfb2c-1730-5045-a2a2-0c1c9a28c4d2,5.86,10.351,,,4.702,,0.152,0.116,35.0,,,0,[],1766994437.0,4
15557,2025-12-29 07:50:00+00:00,5ed5589c-6d58-534c-b4d2-7a3128e0e463,4.873,10.669,,,5.951,,0.14,0.123,35.0,,,0,[],1766995111.0,4
15559,2025-12-29 08:00:00+00:00,88be30da-88b1-58f3-800a-7e3f74f5ae77,4.81,10.937,,,6.346,,0.152,0.12,35.0,,,0,[],1766995448.0,4
15561,2025-12-29 08:10:00+00:00,f8c34efa-5af4-57d9-a6d6-97e55906a195,2.17,9.018,,,7.056,,0.147,0.125,35.0,,,0,[],1766996122.0,4
15563,2025-12-29 08:20:00+00:00,8493ca01-4060-5569-b2f7-914fe97a1eb8,5.323,10.728,,,5.625,,0.153,0.119,35.0,,,0,[],1766996797.0,4
15565,2025-12-29 08:30:00+00:00,f15d2faa-2322-5149-bbcd-2565b773bb4b,2.576,9.792,,,7.418,,0.158,0.133,35.0,,,0,[],1766997471.0,4
15568,2025-12-29 08:40:00+00:00,b71ec006-cc30-5131-82d6-cc7beb968a82,1.701,8.174,,,6.635,,0.151,0.129,35.0,,,0,[],1766997808.0,4
15571,2025-12-29 08:50:00+00:00,600e21aa-a1b3-59a9-a488-90770dec5da8,3.031,10.501,,,7.623,,0.164,0.125,35.0,,,0,[],1766998488.0,4
15574,2025-12-29 09:00:00+00:00,e68f2b74-1677-531b-b37f-c88561ba6556,3.582,9.182,,,5.717,,0.136,0.139,35.0,,,0,[],1766999318.0,4
15577,2025-12-29 09:10:00+00:00,9e3cf062-1b9f-53b5-809f-be59f7de5dd0,2.434,10.724,,,8.479,,0.146,0.13,35.0,,,0,[],1766999831.0,4
15580,2025-12-29 09:20:00+00:00,dbdeac26-10f7-55f8-9707-716c2acf43f9,2.18,8.135,,,6.131,,0.152,0.144,35.0,,,0,[],1767000508.0,4
15583,2025-12-29 09:30:00+00:00,bbc0886e-9006-56a5-bf60-536f5ea19fa2,2.423,7.636,,,5.394,,0.148,0.131,35.0,,,0,[],1767001075.0,4
15586,2025-12-29 09:40:00+00:00,0abfaa84-d41a-5dd7-872b-b5406abee54e,2.433,7.221,,,4.968,,0.159,0.125,35.0,,,0,[],1767001519.0,4
15589,2025-12-29 09:50:00+00:00,bb99f7ce-0437-5b0f-ab60-33e072f84e7a,2.614,8.236,,,5.814,,0.172,0.141,35.0,,,0,[],1767002194.0,4
15592,2025-12-29 10:00:00+00:00,74ec964b-993a-5bcf-8fa5-779de0c2fecf,6.64,10.521,,,4.065,,0.145,0.134,35.0,,,0,[],1767002868.0,4
15595,2025-12-29 10:10:00+00:00,8a3b5ecf-8311-5200-8dec-bb2434b4d994,3.192,7.951,,,4.969,,0.156,0.128,35.0,,,0,[],1767003471.0,4
15598,2025-12-29 10:20:00+00:00,d80954ea-8fb1-53dd-9725-904c3907275b,2.305,7.687,,,5.553,,0.163,0.138,35.0,,,0,[],1767003880.0,4
15601,2025-12-29 10:30:00+00:00,1db54d5f-a3e8-5b3f-9cb8-34b08ab68307,2.911,8.35,,,5.619,,0.175,0.129,35.0,,,0,[],1767004554.0,4
15604,2025-12-29 10:40:00+00:00,477cc3eb-733a-5631-84fa-9b0d123fb5bc,5.895,9.856,,,4.159,,0.157,0.125,35.0,,,0,[],1767005229.0,4
15607,2025-12-29 10:50:00+00:00,39bc2c62-25e6-501a-82f0-9ce67ef3e1f8,10.564,12.139,,,1.782,,0.158,0.13,35.0,,,0,[],1767005903.0,4
15610,2025-12-29 11:00:00+00:00,c7ad9e55-3f14-51e4-84dc-b7273432c9aa,8.802,10.904,,,2.281,,0.153,0.124,35.0,,,0,[],1767006240.0,4
15611,2025-12-29 11:10:00+00:00,7d20e0a5-3b4b-5f91-9e4a-5ddd3a7bea10,21.52,11.489,,,0.049,-9.573,0.144,-9.429,35.0,,,0,[],1767006914.0,4
15614,2025-12-29 11:20:00+00:00,9f8ed547-e987-5e6d-8866-8ae717fff0f6,25.528,11.494,,,0.334,-14.149,,-14.149,38.0,,,0,[],1767007589.0,4
15617,2025-12-29 11:30:00+00:00,e0641013-d50c-59c4-814c-551d2f421df6,13.236,10.729,,,0.196,-2.199,0.441,-1.758,39.0,,,0,[],1767008263.0,4
15620,2025-12-29 11:40:00+00:00,595c33b8-8bfe-5cca-a231-5dfeec76ef84,23.444,11.526,,,-0.146,-10.361,,-10.361,40.0,,,0,[],1767008605.0,4
15623,2025-12-29 11:50:00+00:00,5f277164-300c-50e0-85ba-ac825d3b401b,23.118,12.896,,,0.016,-9.567,,-9.567,41.0,,,0,[],1767009289.0,4
15626,2025-12-29 12:00:00+00:00,9ea6b2d4-3338-5bf6-a04d-8bee67eebc92,23.216,10.508,,,0.009,-12.073,,-12.073,43.0,,,0,[],1767009974.0,4
15629,2025-12-29 12:10:00+00:00,0c394334-a1de-5ba0-b68d-8c89d27567d8,23.256,10.442,,,0.022,-12.199,,-12.199,44.5,,,0,[],1767010624.0,4
15632,2025-12-29 12:20:00+00:00,a5f3a887-ff6f-5e5b-b755-3eb082da397c,21.977,13.433,,,0.012,-7.989,,-7.989,46.0,,,0,[],1767011310.0,4
15635,2025-12-29 12:30:00+00:00,0274ce85-4cc4-5c13-a5c1-36cb7876cf60,22.456,12.988,,,0.013,-8.859,,-8.859,46.5,,,0,[],1767011890.0,4
15638,2025-12-29 12:40:00+00:00,09b1c113-43ec-5704-b915-2d45f6a4816a,22.517,11.704,,,0.013,-10.123,,-10.123,48.0,,,0,[],1767012322.0,4
15641,2025-12-29 12:50:00+00:00,aad1c3a6-76b5-54cb-ba0a-f504d7dc910f,22.261,11.467,,,0.017,-10.153,,-10.153,49.0,,,0,[],1767012996.0,4
15644,2025-12-29 13:00:00+00:00,319813f0-fa01-5f45-afd6-7e13b5f9960d,24.275,13.355,,,0.0,-10.412,,-10.412,50.0,,,0,[],1767013602.0,4
15645,2025-12-29 13:10:00+00:00,8c93e3a3-a230-569b-b673-dfcb1e8190b7,23.345,11.616,,,0.0,-10.835,,-10.835,51.0,,,0,[],1767014287.0,4
15648,2025-12-29 13:20:00+00:00,7ecb35bd-705c-542e-bd29-b075acb7670a,20.428,14.367,,,0.0,-3.541,0.292,-3.249,52.0,,,0,[],1767014849.0,4
15651,2025-12-29 13:30:00+00:00,248f5162-b5e5-52de-a516-bd936ce3fb25,23.412,13.128,,,0.0,-9.687,,-9.687,53.0,,,0,[],1767015313.0,4
15654,2025-12-29 13:40:00+00:00,e5c0d469-541e-534d-9d06-e6c21cca511b,8.377,12.077,,,0.0,,4.552,4.552,54.0,,,0,[],1767015998.0,4
15657,2025-12-29 13:50:00+00:00,96e4f065-ad58-5e93-b028-f6c083298a8c,16.2,9.998,,,0.0,-7.653,2.18,-5.473,55.0,,,0,[],1767016681.0,4
15660,2025-12-29 14:00:00+00:00,885aca7e-8310-5d9d-89fd-ee6f844252bd,20.358,10.646,,,0.0,-9.089,,-9.089,55.5,,,0,[],1767017209.0,4
15663,2025-12-29 14:10:00+00:00,d000881d-e39a-5438-bdcf-4d3fb8d14e2e,16.41,16.551,,,0.0,,2.507,2.507,56.0,,,0,[],1767017884.0,4
15666,2025-12-29 14:20:00+00:00,057d9316-44c4-54a4-94b9-afd181100fb8,17.756,16.994,,,0.0,-1.725,1.265,-0.46,56.0,,,0,[],1767018393.0,4
15669,2025-12-29 14:30:00+00:00,cab56de9-330d-53f6-a7b6-622257e12162,16.92,17.401,,,0.0,-1.31,2.092,0.782,56.0,,,0,[],1767019076.0,4
15672,2025-12-29 14:40:00+00:00,6b9624b7-8d2a-53c0-91e3-c6d9fd5979aa,15.903,17.008,,,0.0,-0.272,1.281,1.009,56.0,,,0,[],1767019570.0,4
15675,2025-12-29 14:50:00+00:00,febf71da-21ad-5eb7-8694-bfbec8ac4fc9,14.901,19.007,,,0.0,-0.753,5.088,4.335,56.0,,,0,[],1767020244.0,4
15678,2025-12-29 15:00:00+00:00,ed4b0908-5998-5d35-835b-ae2e05b79e87,13.476,16.851,,,0.0,,3.724,3.724,56.0,,,0,[],1767020789.0,4
15681,2025-12-29 15:10:00+00:00,e9980b4f-6903-5546-a65e-6e6a9faf6e7d,11.631,20.755,,,0.0,,9.504,9.504,54.0,,,0,[],1767021327.0,4
15684,2025-12-29 15:20:00+00:00,7a84d59b-62f0-5d81-81b3-7e3848acf8bd,11.274,12.569,,,0.0,-0.301,1.848,1.547,54.0,,,0,[],1767022020.0,4
15687,2025-12-29 15:30:00+00:00,ec7ed7a3-84f9-5bca-9e8a-a2cdee074845,9.502,15.85,,,0.0,,6.557,6.557,53.0,,,0,[],1767022704.0,4
15690,2025-12-29 15:40:00+00:00,ba37fddd-410d-5949-aef0-2e98636cf407,8.842,13.873,,,0.0,,5.308,5.308,52.5,,,0,[],1767023278.0,4
15693,2025-12-29 15:50:00+00:00,0766f9cc-52b4-5f8a-afe2-7d8a5af5a6da,7.709,11.257,,,0.0,,3.835,3.835,52.0,,,0,[],1767023729.0,4
15696,2025-12-29 16:00:00+00:00,9662c5eb-7341-563d-83e3-bcd1df74cd52,6.189,17.715,,,0.0,,11.917,11.917,50.5,,,0,[],1767024415.0,4
15699,2025-12-29 16:10:00+00:00,1f1f8ccd-5152-535d-85c5-9c80d2f99c73,3.207,20.15,,,0.0,,17.415,17.415,48.5,,,0,[],1767025099.0,4
15702,2025-12-29 16:20:00+00:00,7ae33fc8-755d-579b-ab9d-6d54e275be0c,3.89,18.385,,,0.0,,15.001,15.001,46.5,,,0,[],1767025591.0,4
15705,2025-12-29 16:30:00+00:00,1b12b5da-ec37-5a49-a9fb-b1e4f9fdad0e,3.214,10.078,,,0.0,,7.169,7.169,45.0,,,0,[],1767026266.0,4
15708,2025-12-29 16:40:00+00:00,31ef2ab5-fc63-5356-a2cb-34c67c315428,1.918,9.697,,,0.0,,7.762,7.762,44.0,,,0,[],1767026812.0,4
15711,2025-12-29 16:50:00+00:00,2d39b40b-f544-5bae-9bda-1105c0b06992,1.662,12.425,,,0.0,,11.058,11.058,43.0,,,0,[],1767027277.0,4
15714,2025-12-29 17:00:00+00:00,598dc8b7-7791-5fff-a72b-c56714d4609b,1.261,12.255,,,0.011,,11.341,11.341,41.0,,,0,[],1767027953.0,4
15717,2025-12-29 17:10:00+00:00,7515ebaf-92e7-5f74-8c11-e16f56a89d3d,0.785,11.348,,,0.016,,10.893,10.893,39.0,,,0,[],1767028664.0,4
15720,2025-12-29 17:20:00+00:00,b856d247-04ab-5f84-a03e-13c385e266cb,0.482,12.533,,,0.013,,12.515,12.515,38.5,,,0,[],1767029301.0,4
15723,2025-12-29 17:30:00+00:00,9e7400b8-e23a-551a-99b7-b47b5dbe9d27,0.189,12.36,,,0.014,,12.515,12.515,37.0,,,0,[],1767029691.0,4
15726,2025-12-29 17:40:00+00:00,1e794d72-5901-5d9b-bfca-a09c40abbeb9,0.05,7.214,,,7.379,,0.052,0.039,35.0,,,0,[],1767030375.0,4
15729,2025-12-29 17:50:00+00:00,b4e73f96-16fa-55c2-926d-ad47c85fcbdc,0.017,7.839,,,7.995,,,0.034,35.0,,,0,[],1767031060.0,4
15732,2025-12-29 18:00:00+00:00,5f62e862-a176-5093-acb9-f98a29cd318d,0.009,9.353,,,9.517,,,0.041,35.0,,,0,[],1767031737.0,4
15735,2025-12-29 18:10:00+00:00,9630fe81-291a-5520-9f46-5b843000ef1c,0.003,8.283,,,8.448,,,0.037,35.0,,,0,[],1767032088.0,4
15738,2025-12-29 18:20:00+00:00,86959fa3-d33f-56a0-9816-c441efe9f316,0.0,8.793,,,8.937,,,0.051,35.0,,,0,[],1767032773.0,4
15741,2025-12-29 18:30:00+00:00,b8aaaf35-0134-5705-b089-1b08c9f2fa55,0.0,8.514,,,8.643,,,0.053,35.0,,,0,[],1767033456.0,4
15744,2025-12-29 18:40:00+00:00,0ac332fa-53aa-5b99-89a8-5a8b98a1a81c,0.0,8.682,,,8.826,,,0.051,35.0,,,0,[],1767034138.0,4
15747,2025-12-29 19:00:00+00:00,f18b53b7-3897-58b6-b2f3-167291a8317a,0.0,7.334,,,7.485,,,0.045,35.0,,,0,[],1767035169.0,4
15751,2025-12-29 19:10:00+00:00,ece600bb-666b-59e7-b14f-899abe6e53dc,0.0,6.095,,,6.251,,,0.031,35.0,,,0,[],1767035855.0,4
15754,2025-12-29 19:20:00+00:00,c3da34c3-7b85-5975-ab53-8f31b5334a8e,0.001,6.135,,,6.27,,,0.034,35.0,,,0,[],1767036539.0,4
15757,2025-12-29 19:30:00+00:00,9d235a7c-b816-5df7-ab11-0b291fddb30f,0.001,8.04,,,8.198,,,0.033,35.0,,,0,[],1767037036.0,4
15760,2025-12-29 19:40:00+00:00,810a6ad8-0f60-5826-9459-917677681b68,0.0,9.132,,,9.281,,,0.03,35.0,,,0,[],1767037710.0,4
15763,2025-12-29 19:50:00+00:00,e14a0233-815c-582c-80db-a26247cabd71,0.001,8.71,,,8.855,,,0.047,35.0,,,0,[],1767038250.0,4
15766,2025-12-29 20:00:00+00:00,da7d8202-8615-5cc0-8339-5a1e0df4b085,0.0,8.902,,,9.048,,,0.032,35.0,,,0,[],1767038738.0,4
15769,2025-12-29 20:10:00+00:00,14b5419c-07bf-5127-a951-a0dfac3c4459,0.0,8.907,,,9.047,,,0.044,35.0,,,0,[],1767039431.0,4
15772,2025-12-29 20:20:00+00:00,b5c1ac5c-855c-50db-8fe0-1f283e25aa78,0.0,8.849,,,8.982,,,0.034,35.0,,,0,[],1767040115.0,4
15775,2025-12-29 20:30:00+00:00,9579b2e1-1615-52a0-8963-2f0b5b51b27c,0.0,8.751,,,8.888,,,0.033,35.0,,,0,[],1767040458.0,4
15778,2025-12-29 20:40:00+00:00,40e4b9b4-1d90-5474-b220-d433f1f8a471,0.0,6.806,,,6.957,,,0.036,35.0,,,0,[],1767041142.0,4
15781,2025-12-29 20:50:00+00:00,cb1aca97-3ff9-5b9e-b8ed-ac405c7b8107,0.001,6.923,,,7.062,,,0.037,35.0,,,0,[],1767041827.0,4
15784,2025-12-29 21:00:00+00:00,97b60af7-debd-529f-aeec-535bc27b4e0c,0.001,7.024,,,7.172,,,0.033,35.0,,,0,[],1767042513.0,4
15786,2025-12-29 21:10:00+00:00,74746a65-bc44-5410-b60f-9cdfbd8fa816,0.0,8.234,,,8.395,,,0.028,35.0,,,0,[],1767043106.0,4
15789,2025-12-29 21:20:00+00:00,cc021b2a-65c7-5d90-af48-002d817d72b5,0.001,8.597,,,8.735,,,0.05,35.0,,,0,[],1767043540.0,4
15792,2025-12-29 21:30:00+00:00,670ad42d-fd67-52b4-a97d-efa5bb1cf787,0.0,8.439,,,8.603,,,0.071,35.0,,,0,[],1767044224.0,4
15795,2025-12-29 21:40:00+00:00,905c3c0d-3175-574d-aea6-88aedf35a3d5,0.0,10.355,,,10.501,,,0.041,35.0,,,0,[],1767044909.0,4
15798,2025-12-29 21:50:00+00:00,6f93562e-d285-5871-b7d1-50f871d4c87a,0.0,9.419,,,9.559,,,0.034,35.0,,,0,[],1767045467.0,4
15801,2025-12-29 22:00:00+00:00,0c273fb2-2927-5267-b1d3-4eb132966dec,0.0,9.696,,,9.853,,,0.026,35.0,,,0,[],1767045936.0,4
15804,2025-12-29 22:10:00+00:00,318f3ad6-7b24-526c-8887-a054884efdc9,0.0,8.231,,,8.38,,,0.043,35.0,,,0,[],1767046620.0,4
15807,2025-12-29 22:20:00+00:00,ae86093e-6b5c-52af-b6f5-aae3200c33ac,0.0,8.883,,,9.029,,,0.039,35.0,,,0,[],1767047309.0,4
15810,2025-12-29 22:30:00+00:00,abfdd7e0-06fa-5e3d-89d6-b51b9ea2120e,0.0,8.933,,,9.087,,,0.04,35.0,,,0,[],1767047861.0,4
15813,2025-12-29 22:40:00+00:00,91f0fcb2-93e6-5bc9-bfd8-41a88da10c70,0.0,9.219,,,9.377,,,0.033,35.0,,,0,[],1767048535.0,4
15816,2025-12-29 22:50:00+00:00,22c48898-f219-5404-b88f-ce880138966d,0.0,9.915,,,10.081,,,0.034,35.0,,,0,[],1767049020.0,4
15819,2025-12-29 23:10:00+00:00,e4b67cdd-84f8-5479-ab7f-cffac7043bf5,0.0,10.312,,,10.468,,,0.035,35.0,,,0,[],1767050246.0,4
15823,2025-12-29 23:20:00+00:00,dcb8f0b8-fa46-598f-8f14-bcb1e210ca89,0.0,10.972,,,11.131,,,0.032,35.0,,,0,[],1767050931.0,4
15825,2025-12-29 23:30:00+00:00,116af82d-42cd-5e60-b859-1f9acd6f6432,0.0,9.507,,,9.675,,,0.024,35.0,,,0,[],1767051274.0,4
15828,2025-12-29 23:40:00+00:00,29522ee9-81b4-5462-8b18-2d84c1a1646a,0.0,8.868,,,9.031,,,0.023,35.0,,,0,[],1767051958.0,4
15831,2025-12-29 23:50:00+00:00,e5dac4c6-b7fc-5956-86bf-1cc1d273d00f,0.0,7.925,,,8.085,,,0.035,35.0,,,0,[],1767052643.0,4
15834,2025-12-30 00:00:00+00:00,d6024d9b-5d25-53ea-82c5-abace11539fc,0.0,8.825,,,8.981,,,0.031,35.0,,,0,[],1767053326.0,4
15837,2025-12-30 00:10:00+00:00,69d6030a-ccef-5dcb-9c3a-04a3ab9f3a07,0.0,8.749,,,8.903,,,0.033,35.0,,,0,[],1767053929.0,4
15840,2025-12-30 00:20:00+00:00,7dbed21a-5fc8-5e22-9b85-72e2f030a8e2,0.0,8.492,,,8.655,,,0.025,35.0,,,0,[],1767054352.0,4
15843,2025-12-30 00:30:00+00:00,b4ca3c0b-8615-53a9-80ba-cb5b91897023,0.0,9.252,,,9.411,,,0.032,35.0,,,0,[],1767055018.0,4
15846,2025-12-30 00:40:00+00:00,35f5bcdf-879f-516f-b0f6-f5efc8a99406,0.0,8.368,,,8.52,,,0.03,35.0,,,0,[],1767055722.0,4
15849,2025-12-30 00:50:00+00:00,14822e09-2966-50a1-9078-b713a1407485,0.0,7.249,,,7.41,,,0.027,35.0,,,0,[],1767056289.0,4
15852,2025-12-30 01:00:00+00:00,c91d2c1c-b8dd-58cf-af0b-0b2e8323b53b,0.0,6.954,,,7.105,,,0.029,35.0,,,0,[],1767056748.0,4
15855,2025-12-30 01:10:00+00:00,d3869416-5c56-5e26-872e-9a3baf938c6a,0.0,7.447,,,7.607,,,0.023,35.0,,,0,[],1767057433.0,4
15858,2025-12-30 01:20:00+00:00,f62ca12d-a452-5f0f-985e-1fd5e62b6297,0.0,7.239,,,7.402,,,0.028,35.0,,,0,[],1767058121.0,4
15861,2025-12-30 01:30:00+00:00,dfcc9e23-956e-548f-909e-66351085c2aa,0.0,6.813,,,6.973,,,0.025,35.0,,,0,[],1767058686.0,4
15864,2025-12-30 01:40:00+00:00,0e2be432-3c40-50ef-bde2-2e7b4eb79d49,0.0,7.295,,,7.455,,,0.027,35.0,,,0,[],1767059148.0,4
15867,2025-12-30 01:50:00+00:00,eb656be1-b965-5529-b891-f8badf96d724,0.0,6.827,,,6.976,,,0.031,35.0,,,0,[],1767059832.0,4
15870,2025-12-30 02:00:00+00:00,5d15d35c-6645-5308-a54c-be3cc676fb1a,0.0,7.092,,,7.242,,,0.036,35.0,,,0,[],1767060372.0,4
15873,2025-12-30 02:10:00+00:00,d15589b3-7368-5629-abe0-cf7a7a3bdc6c,0.0,6.496,,,6.648,,,0.026,35.0,,,0,[],1767061058.0,4
15876,2025-12-30 02:20:00+00:00,0feecdfe-e2a5-5a42-a4ea-948b79b9e630,0.0,6.975,,,7.125,,,0.034,35.0,,,0,[],1767061738.0,4
15879,2025-12-30 02:30:00+00:00,ba882c44-bddc-5774-92eb-e24cd20cabd2,0.0,6.996,,,7.156,,,0.023,35.0,,,0,[],1767062085.0,4
15882,2025-12-30 02:40:00+00:00,95b76d57-664e-5c7d-acd7-af16047639b8,0.0,6.831,,,6.983,,,0.033,35.0,,,0,[],1767062769.0,4
15885,2025-12-30 02:50:00+00:00,86eeaf0f-e983-548a-8454-39d334c7c6fc,0.0,6.811,,,6.962,,,0.042,35.0,,,0,[],1767063453.0,4
15888,2025-12-30 03:00:00+00:00,9d181a39-bc67-5a21-a272-2699b8d48eda,0.0,6.841,,,6.997,,,0.024,35.0,,,0,[],1767064116.0,4
15891,2025-12-30 03:10:00+00:00,cb7e4b2e-fb7b-520c-ba27-898b70627592,0.0,6.586,,,6.748,,,0.026,35.0,,,0,[],1767064555.0,4
15894,2025-12-30 03:20:00+00:00,cd9a6f99-b585-526d-b4f9-f79a55069218,0.0,6.911,,,7.062,,,0.035,35.0,,,0,[],1767065278.0,4
15897,2025-12-30 03:30:00+00:00,9042fd9c-81f8-5e26-8fc8-d10894f3d31e,0.0,6.316,,,6.466,,,0.03,35.0,,,0,[],1767065802.0,4
15900,2025-12-30 03:40:00+00:00,d6bb8294-19c4-5da6-9044-c84bbb264f05,0.0,8.913,,,9.067,,,0.035,35.0,,,0,[],1767066477.0,4
15903,2025-12-30 03:50:00+00:00,6e6dccdd-dbb8-53a3-a61c-df454d9204fb,0.0,8.424,,,8.562,,,0.041,35.0,,,0,[],1767066989.0,4
15906,2025-12-30 04:00:00+00:00,17e87926-171d-5998-a3fc-67ba25cbfb93,0.0,8.288,,,8.444,,,0.03,35.0,,,0,[],1767067673.0,4
15909,2025-12-30 04:10:00+00:00,71406348-5274-5184-ac94-fe64f4a74e89,0.0,8.269,,,8.403,,,0.044,35.0,,,0,[],1767068152.0,4
15912,2025-12-30 04:20:00+00:00,44f189c8-ddd7-5ff6-815e-d3141a4d52de,0.0,8.026,,,8.191,,,0.024,35.0,,,0,[],1767068826.0,4
15915,2025-12-30 04:30:00+00:00,e6ed0f6f-ef80-52e4-8bc0-7fcf74b9b4d1,0.0,7.881,,,8.045,,,0.025,35.0,,,0,[],1767069501.0,4
15918,2025-12-30 04:40:00+00:00,f2d1adb0-5eae-5f78-87ba-84c3988e82c5,0.002,7.382,,,7.54,,,0.032,35.0,,,0,[],1767070068.0,4
15921,2025-12-30 04:50:00+00:00,fb1b7e12-981e-5451-9bbc-d68ab6af000f,0.002,7.37,,,7.518,,,0.031,35.0,,,0,[],1767070513.0,4
15924,2025-12-30 05:00:00+00:00,519ea05c-66dd-56b6-9c85-461ef8c0487c,0.0,7.527,,,7.692,,,0.019,35.0,,,0,[],1767071187.0,4
15927,2025-12-30 05:10:00+00:00,c1bee951-2263-557e-adde-f65a497edc96,0.001,8.846,,,9.003,,,0.036,35.0,,,0,[],1767071862.0,4
15930,2025-12-30 05:20:00+00:00,fc4618d6-4aac-5205-911d-406f73ad01c1,0.004,8.987,,,9.142,,,0.03,35.0,,,0,[],1767072536.0,4
15933,2025-12-30 05:30:00+00:00,c2ce91d3-191e-5205-82b7-229dee32eee6,0.007,9.31,,,9.463,,,0.036,35.0,,,0,[],1767073136.0,4
15936,2025-12-30 05:40:00+00:00,28aa1a51-685d-5e97-b9a0-c472b28871a4,0.036,8.049,,,8.209,,,0.03,35.0,,,0,[],1767073548.0,4
15939,2025-12-30 05:50:00+00:00,43f089ae-0c19-500f-9d72-c89c67abbe15,0.067,8.688,,,8.804,,,0.029,35.0,,,0,[],1767074222.0,4
15942,2025-12-30 06:00:00+00:00,c7ffba5f-9379-5c23-a074-5bc58bbe61ce,0.275,7.915,,,7.841,,0.065,0.044,35.0,,,0,[],1767074897.0,4
15945,2025-12-30 06:10:00+00:00,0c8ab09e-fe02-5992-a3b6-6add66cb0434,0.4,7.574,,,7.361,,0.068,0.06,35.0,,,0,[],1767075367.0,4
15948,2025-12-30 06:20:00+00:00,3c1eee39-7f7e-562d-b473-88a813f57b8f,0.463,7.305,,,7.042,,0.085,0.06,35.0,,,0,[],1767076060.0,4
15951,2025-12-30 06:30:00+00:00,f3096886-2798-5d20-b2c2-1cf074dbee9b,1.4,8.35,,,7.112,,0.104,0.082,35.0,,,0,[],1767076736.0,4
15954,2025-12-30 06:40:00+00:00,949a98fa-ed6a-5c23-9f44-edcce942d84b,3.212,8.752,,,5.65,,0.119,0.107,35.0,,,0,[],1767077257.0,4
15957,2025-12-30 06:50:00+00:00,e0b2a204-8f86-5abb-907d-68908156cc46,3.295,8.587,,,5.492,,0.101,0.096,35.0,,,0,[],1767077932.0,4
15960,2025-12-30 07:00:00+00:00,0470d6d5-6006-57cb-a084-a130dede02f3,4.579,9.377,,,4.952,,0.105,0.101,35.0,,,0,[],1767078454.0,4
15963,2025-12-30 07:10:00+00:00,1537cbb7-f990-58f9-8ace-3858baeaf0cb,4.628,9.612,,,5.156,,0.109,0.109,35.0,,,0,[],1767079136.0,4
15966,2025-12-30 07:20:00+00:00,12e61038-e15c-5342-85e2-2eb20e200eb7,7.364,9.853,,,2.644,,0.092,0.095,35.0,,,0,[],1767079662.0,4
15969,2025-12-30 07:30:00+00:00,7cf14109-7b5e-519c-b9d4-05fe4940f57c,7.183,9.552,,,2.502,,0.093,0.108,35.0,,,0,[],1767080165.0,4
15972,2025-12-30 07:40:00+00:00,9e847ba6-9c30-5b72-af83-d769caa7fa6a,10.288,10.951,,,0.932,,0.094,0.105,35.0,,,0,[],1767080849.0,4
15975,2025-12-30 07:50:00+00:00,7e7f9792-c4d5-5a53-bd8e-c9eeb365888f,10.372,11.165,,,1.015,,0.095,0.095,35.0,,,0,[],1767081517.0,4
15978,2025-12-30 08:00:00+00:00,5c32ac2f-e980-5971-bd75-2533d09e474c,11.291,10.58,,,0.955,-2.01,0.105,-1.905,35.0,,,0,[],1767082022.0,4
15981,2025-12-30 08:10:00+00:00,3d6903ef-553e-54ae-ba96-1729f18b9a78,8.758,10.937,,,2.412,,0.264,0.264,35.0,,,0,[],1767082702.0,4
15984,2025-12-30 08:20:00+00:00,b8ab9f6b-ba99-51d2-b3af-ae6cb3e633a2,15.451,13.197,,,0.319,-2.891,,-2.891,35.0,,,0,[],1767083070.0,4
15987,2025-12-30 08:30:00+00:00,cd1a0506-d8a5-557e-94d5-6c5ad1679a78,8.344,12.415,,,4.3,,0.071,0.042,35.0,,,0,[],1767083794.0,4
15990,2025-12-30 08:40:00+00:00,4bee1e18-4c17-5f95-ad07-8f936b3a190b,17.412,14.154,,,0.023,-2.2,,-2.2,35.5,,,0,[],1767084478.0,4
15993,2025-12-30 08:50:00+00:00,8945fa20-a1ca-59af-b72e-5caf5feba233,16.15,17.349,,,0.01,-0.344,2.302,1.958,35.5,,,0,[],1767085058.0,4
15996,2025-12-30 09:00:00+00:00,a1a002d9-66b0-5abb-8431-a84f83b72d6e,7.343,13.154,,,5.937,,0.087,0.116,35.0,,,0,[],1767085504.0,4
15999,2025-12-30 09:10:00+00:00,51350098-18e0-510e-af2f-326a7d5a2807,6.936,13.509,,,2.016,,4.933,4.895,35.5,,,0,[],1767086189.0,4
16002,2025-12-30 09:20:00+00:00,02bd6702-6417-5b2a-9a36-5499f6a48e99,7.683,15.12,,,7.624,,0.088,0.085,35.0,,,0,[],1767086873.0,4
16005,2025-12-30 09:30:00+00:00,08d4ce8c-559a-502a-a00d-b772b4bb1f59,22.438,16.472,,,0.014,-5.415,,-5.415,36.0,,,0,[],1767087418.0,4
16008,2025-12-30 09:40:00+00:00,8e45be55-4ff2-553d-937d-ce37ad0885d2,20.94,16.921,,,0.008,-3.545,,-3.545,36.5,,,0,[],1767088093.0,4
16011,2025-12-30 09:50:00+00:00,f5e0a328-cfcc-5e76-8387-b08ba0c424a6,20.904,19.407,,,0.04,-1.367,,-1.367,37.0,,,0,[],1767088584.0,4
16014,2025-12-30 10:00:00+00:00,eb042fec-0ca9-5387-9d8f-98852347ba32,23.145,15.959,,,0.012,-6.441,,-6.441,37.0,,,0,[],1767089268.0,4
16017,2025-12-30 10:10:00+00:00,e7327525-22c0-5639-b371-ebf902a53b66,23.174,16.454,,,0.213,-6.311,,-6.311,37.0,,,0,[],1767089756.0,4
16020,2025-12-30 10:20:00+00:00,1ff5bc2d-f468-5806-82f7-070f93f74dec,18.422,17.275,,,0.054,-4.129,3.155,-0.974,37.0,,,0,[],1767090430.0,4
16023,2025-12-30 10:30:00+00:00,e2e6a66a-44b5-5897-a7e0-a794b575a89a,24.636,13.791,,,0.017,-10.28,,-10.28,38.5,,,0,[],1767091104.0,4
16026,2025-12-30 10:40:00+00:00,397175bf-6292-5350-8b0a-84f6a9a93b86,24.48,14.468,,,0.026,-9.571,,-9.571,39.5,,,0,[],1767091664.0,4
16029,2025-12-30 10:50:00+00:00,1f216c38-6118-50d8-9d26-7b43603ded19,23.154,16.401,,,0.017,-6.339,,-6.339,40.0,,,0,[],1767092116.0,4
16032,2025-12-30 11:00:00+00:00,b50fd7e3-b528-5570-86d3-8e7f760c7342,25.382,19.577,,,0.019,-5.267,,-5.267,41.0,,,0,[],1767092791.0,4
16035,2025-12-30 11:10:00+00:00,7a68d5ea-fcc6-5cb6-9962-e013d6da157f,25.923,22.678,,,0.009,-2.338,,-2.338,42.0,,,0,[],1767093465.0,4
16038,2025-12-30 11:20:00+00:00,b30d4f38-ed91-5033-93da-7fc3fd91035c,25.377,18.951,,,0.292,-6.25,,-6.25,42.0,,,0,[],1767093802.0,4
16041,2025-12-30 11:30:00+00:00,1a0c8df1-8008-5272-91c8-5fec68558454,25.411,17.333,,,-0.001,-7.6,,-7.6,43.0,,,0,[],1767094482.0,4
16044,2025-12-30 11:40:00+00:00,9f68e0ae-a3eb-5f2e-a5b0-a80131cf82d4,24.8,21.06,,,-0.003,-3.803,,-3.803,44.0,,,0,[],1767095166.0,4
16047,2025-12-30 11:50:00+00:00,4e6f27ba-391c-59ee-b06b-aae7bc6f1238,25.075,19.416,,,0.009,-5.119,,-5.119,45.0,,,0,[],1767095851.0,4
16050,2025-12-30 12:00:00+00:00,0d7beb94-573d-584e-9a13-707f5e706862,24.446,15.913,,,0.009,-7.929,,-7.929,46.0,,,0,[],1767096518.0,4
16053,2025-12-30 12:10:00+00:00,45fe74a1-7c68-5937-b528-0ea4766802da,24.387,12.757,,,-0.101,-11.546,,-11.546,46.0,,,0,[],1767096880.0,4
16056,2025-12-30 12:20:00+00:00,960405fb-ac98-5df5-8d51-09a88a4bf8cb,24.096,15.571,,,-0.017,-7.371,,-7.371,48.0,,,0,[],1767097565.0,4
16059,2025-12-30 12:30:00+00:00,a287054b-4c04-5693-aefa-d0bbf7563629,23.962,13.067,,,0.035,-10.588,,-10.588,49.0,,,0,[],1767098249.0,4
16062,2025-12-30 12:40:00+00:00,00f0648d-0a1a-5553-b606-ea7da80ff150,23.801,11.598,,,-0.111,-11.595,,-11.595,51.0,,,0,[],1767098918.0,4
16065,2025-12-30 13:00:00+00:00,0d7046d5-b917-5fb4-80d7-ccd182b04fff,22.803,12.976,,,0.014,-9.268,,-9.268,53.0,,,0,[],1767099965.0,4
16069,2025-12-30 13:10:00+00:00,90644efb-1b2e-5071-a8eb-9fd9391b8be1,22.425,14.374,,,0.01,-7.495,,-7.495,54.0,,,0,[],1767100649.0,4
16072,2025-12-30 13:20:00+00:00,2c26415a-63bb-5898-afd5-9157fc87b1aa,21.934,13.886,,,0.011,-7.489,,-7.489,55.0,,,0,[],1767101317.0,4
16075,2025-12-30 13:30:00+00:00,4beff151-9014-5b1f-aabc-4806100bf7cf,21.359,13.522,,,0.018,-7.286,,-7.286,56.0,,,0,[],1767101676.0,4
16078,2025-12-30 13:40:00+00:00,c0d38085-3f59-5230-9982-123c13a74bdf,20.551,12.703,,,0.013,-7.353,,-7.353,57.0,,,0,[],1767102361.0,4
16081,2025-12-30 13:50:00+00:00,faaa1be0-51b4-59ea-a587-e1f12001fd65,20.109,10.002,,,-0.022,-9.122,,-9.122,58.0,,,0,[],1767103046.0,4
16084,2025-12-30 14:00:00+00:00,60500167-4f70-5a63-a3b7-632b48fcc48b,18.932,11.475,,,0.009,-6.95,,-6.95,59.0,,,0,[],1767103717.0,4
16087,2025-12-30 14:10:00+00:00,eccf7924-f4fa-51dc-bd1e-68adc226a883,18.219,9.308,,,0.006,-8.126,,-8.126,60.0,,,0,[],1767104283.0,4
16090,2025-12-30 14:20:00+00:00,f177e27b-4f8a-52dc-b2ef-de6ddcd8561d,17.911,9.097,,,0.009,-8.293,,-8.293,61.0,,,0,[],1767104617.0,4
16093,2025-12-30 14:30:00+00:00,cbf445be-29cd-5eb4-9505-d28c367d0760,16.876,11.427,,,0.007,-4.55,,-4.55,61.0,,,0,[],1767105302.0,4
16096,2025-12-30 14:40:00+00:00,99644f85-47de-55ca-b911-3cd42fb64fe5,16.018,12.289,,,0.017,-3.36,,-3.36,62.0,,,0,[],1767105985.0,4
16099,2025-12-30 14:50:00+00:00,7b705327-7195-58e2-9364-2757d5fcc160,14.193,14.737,,,0.013,,0.847,0.847,62.0,,,0,[],1767106671.0,4
16102,2025-12-30 15:00:00+00:00,64542175-b3c1-525e-a44a-47496566f02a,13.679,16.168,,,-0.022,,2.471,2.471,62.0,,,0,[],1767107314.0,4
16105,2025-12-30 15:10:00+00:00,4a94c199-cc6c-5172-a709-951880d10faf,12.524,14.546,,,-0.088,,2.813,2.813,62.0,,,0,[],1767107697.0,4
16108,2025-12-30 15:20:00+00:00,d2617469-6a61-539a-a6d7-c72f8c1d693e,11.627,17.154,,,0.007,,5.95,5.95,61.0,,,0,[],1767108381.0,4
16111,2025-12-30 15:30:00+00:00,100c3db6-8e6f-5a79-8f38-1bc0e509c620,10.101,18.097,,,0.008,,8.421,8.421,60.0,,,0,[],1767109065.0,4
16114,2025-12-30 15:40:00+00:00,5a51cfa0-789e-5af4-8827-2c8e33484b68,7.928,17.096,,,-0.003,,9.074,9.074,59.0,,,0,[],1767109737.0,4
16117,2025-12-30 15:50:00+00:00,722ea6de-44be-52bb-8cea-fc4cfd6b98f7,8.235,16.971,,,0.023,,8.965,8.965,58.0,,,0,[],1767110091.0,4
16120,2025-12-30 16:00:00+00:00,06fc772d-9db8-5901-8acf-e2bbf5cc076f,6.129,14.311,,,-0.023,,8.556,8.556,57.0,,,0,[],1767110776.0,4
16123,2025-12-30 16:10:00+00:00,649fa742-3d10-52de-a8cf-b409fa4eaff9,5.053,14.049,,,0.016,,9.37,9.37,55.5,,,0,[],1767111460.0,4
16126,2025-12-30 16:20:00+00:00,9341380f-2c13-54e7-aa73-e5d0a25a233b,2.946,15.622,,,0.007,,13.071,13.071,54.5,,,0,[],1767112133.0,4
16129,2025-12-30 16:30:00+00:00,da681cf6-15ca-5219-9dfd-eca1b97f6303,3.209,13.12,,,0.002,,9.718,9.718,53.0,,,0,[],1767112731.0,4
16132,2025-12-30 16:40:00+00:00,146c393b-f390-5b9c-bb49-e36440491e5f,2.332,15.851,,,0.011,,14.006,14.006,51.0,,,0,[],1767113170.0,4
16135,2025-12-30 16:50:00+00:00,47df15dd-df8a-5d45-8238-30c0c458bae8,1.645,16.469,,,0.008,,16.119,16.119,48.5,,,0,[],1767113855.0,4
16138,2025-12-30 17:00:00+00:00,27318fb7-bb05-5524-904e-ded5b09f5178,1.223,17.048,,,0.009,,16.35,16.35,46.0,,,0,[],1767114539.0,4
16141,2025-12-30 17:10:00+00:00,f456c8c9-b393-5bd4-83e9-4bdd8ac2f26d,0.742,15.784,,,-0.074,,15.739,15.739,44.0,,,0,[],1767115103.0,4
16144,2025-12-30 17:20:00+00:00,461f8277-5b04-5aa0-bc52-852a10b1859c,0.533,13.116,,,-0.099,,13.389,13.389,43.0,,,0,[],1767115428.0,4
16147,2025-12-30 17:30:00+00:00,0ce4b2ca-88eb-550d-8fb0-b908528c50df,0.146,15.05,,,-0.06,,15.432,15.432,40.0,,,0,[],1767116121.0,4
16150,2025-12-30 17:40:00+00:00,ecd489e5-23b9-581b-ae13-8aac3a7faecd,0.032,11.989,,,0.0,,11.929,11.929,38.0,,,0,[],1767116806.0,4
16153,2025-12-30 17:50:00+00:00,125b878e-b277-5950-b64d-66cb7b289bb9,0.016,13.867,,,0.011,,14.258,14.258,36.0,,,0,[],1767117490.0,4
16156,2025-12-30 18:00:00+00:00,6d86ed9c-bc30-5bbb-a292-017b1cec1671,0.006,5.76,,,5.921,,,0.044,35.0,,,0,[],1767117832.0,4
16159,2025-12-30 18:10:00+00:00,5631ed06-a273-5fd5-b7ae-7088ec645ee5,0.003,5.276,,,5.429,,,0.035,35.0,,,0,[],1767118517.0,4
16162,2025-12-30 18:20:00+00:00,e7306152-a22a-5a3e-a376-4ffdb41e4211,0.0,4.61,,,4.744,,,0.047,35.0,,,0,[],1767119202.0,4
16165,2025-12-30 18:30:00+00:00,051e02c0-c98f-5f80-99ac-b5b93b2e65c8,0.0,4.556,,,4.719,,,0.027,35.0,,,0,[],1767119886.0,4
16168,2025-12-30 18:40:00+00:00,c82b52b5-53b7-5363-8728-1cc3621d8d12,0.001,5.329,,,5.459,,0.055,0.063,35.0,,,0,[],1767120485.0,4
16171,2025-12-30 19:00:00+00:00,3736fe47-e347-5f9e-aeec-05fd91cbaed3,0.0,8.942,,,9.106,,,0.025,35.0,,,0,[],1767121597.0,4
16175,2025-12-30 19:10:00+00:00,e5832fde-acd3-518d-a8db-80349451facb,0.0,8.72,,,8.857,,,0.043,35.0,,,0,[],1767122281.0,4
16178,2025-12-30 19:20:00+00:00,88e45b3e-681b-58e8-bafa-78f7f3468aa0,0.001,8.55,,,8.688,,,0.046,35.0,,,0,[],1767122869.0,4
16181,2025-12-30 19:30:00+00:00,0aabe5bc-e526-5404-8754-c2b4ac951bf4,0.001,8.134,,,8.274,,,0.05,35.0,,,0,[],1767123308.0,4
16184,2025-12-30 19:40:00+00:00,641d09e3-fbde-5d1f-bc96-0216a4d94c9a,0.0,7.298,,,7.459,,,0.034,35.0,,,0,[],1767123992.0,4
16187,2025-12-30 19:50:00+00:00,e5038d4a-dce1-54e2-9def-e5c6e3f8d68c,0.001,8.276,,,8.431,,,0.038,35.0,,,0,[],1767124677.0,4
16190,2025-12-30 20:00:00+00:00,97ed1119-4cf5-5459-89e1-bd7938062a78,0.001,8.171,,,8.334,,,0.027,35.0,,,0,[],1767125229.0,4
16193,2025-12-30 20:10:00+00:00,34a3c725-5d23-5b05-be67-d42cdf9f4707,0.001,6.846,,,7.006,,,0.033,35.0,,,0,[],1767125908.0,4
16196,2025-12-30 20:20:00+00:00,4f32ab55-244e-5ff7-90e9-ef6a9fa8973d,0.0,5.808,,,5.97,,,0.024,35.0,,,0,[],1767126240.0,4
16199,2025-12-30 20:30:00+00:00,409bb0e9-72b2-510d-916c-964a80b747d6,0.0,5.381,,,5.524,,,0.035,35.0,,,0,[],1767126925.0,4
16202,2025-12-30 20:40:00+00:00,99c9ba14-c6f7-58e2-b123-ee0d1f8369a1,0.001,4.937,,,5.089,,,0.041,35.0,,,0,[],1767127610.0,4
16205,2025-12-30 20:50:00+00:00,4de4e387-380a-5544-aada-9b3e67db4c53,0.0,7.446,,,7.6,,,0.039,35.0,,,0,[],1767128293.0,4
16208,2025-12-30 21:00:00+00:00,4cf0d3d7-1035-52cc-8070-994688654234,0.001,9.141,,,9.286,,,0.049,35.0,,,0,[],1767128637.0,4
16211,2025-12-30 21:10:00+00:00,783c8342-b952-5204-840b-9421b5c4690b,0.0,9.285,,,9.443,,,0.026,35.0,,,0,[],1767129321.0,4
16214,2025-12-30 21:20:00+00:00,aff2f89e-24d0-5d5b-a9e6-dfe522f3f9ad,0.001,9.693,,,9.824,,0.054,0.058,35.0,,,0,[],1767130006.0,4
16217,2025-12-30 21:30:00+00:00,e8680a73-ce55-5815-b22c-c0a45df8b104,0.001,9.693,,,9.821,,0.054,0.058,35.0,,,0,[],1767130689.0,4
16220,2025-12-30 21:40:00+00:00,0252f3bd-5140-5fff-a343-32632a5aad72,0.0,9.682,,,9.797,,0.052,0.054,35.0,,,0,[],1767131299.0,4
16223,2025-12-30 21:50:00+00:00,f508510a-2574-5c66-a6de-538e174b6235,0.001,9.174,,,9.324,,,0.047,35.0,,,0,[],1767131717.0,4
16226,2025-12-30 22:00:00+00:00,fb44422e-dca3-5594-ad71-9fb11e410a65,0.0,9.27,,,9.43,,,0.036,35.0,,,0,[],1767132401.0,4
16229,2025-12-30 22:10:00+00:00,657fc3fe-e03a-5f87-ab37-d9730ac2e68b,0.001,7.638,,,7.801,,,0.031,35.0,,,0,[],1767133086.0,4
16232,2025-12-30 22:20:00+00:00,5b8a0122-6620-5281-8aac-8043d8e1e6fe,0.0,7.645,,,7.792,,,0.037,35.0,,,0,[],1767133684.0,4
16235,2025-12-30 22:30:00+00:00,818c47a7-9633-5e38-8b21-6e5f4e4aaf52,0.001,9.507,,,9.654,,,0.045,35.0,,,0,[],1767134112.0,4
16238,2025-12-30 22:40:00+00:00,95466e5f-e0b3-573a-9d80-5143cfca9238,0.0,9.47,,,9.623,,,0.032,35.0,,,0,[],1767134798.0,4
16241,2025-12-30 22:50:00+00:00,f28dae22-e5dc-5171-8ff9-8a4f812ac3dd,0.0,8.544,,,8.676,,,0.031,35.0,,,0,[],1767135483.0,4
16244,2025-12-30 23:00:00+00:00,e9a1f9e1-a911-5a95-885d-2dc3e04fbca9,0.0,7.361,,,7.503,,,0.042,35.0,,,0,[],1767136166.0,4
16247,2025-12-30 23:10:00+00:00,975e4d17-f170-5f28-924c-297fb29abdbd,0.0,7.65,,,7.795,,,0.038,35.0,,,0,[],1767136722.0,4
16248,2025-12-30 23:20:00+00:00,a3c0c242-fa2a-512f-be34-b074039dd0c2,0.0,6.719,,,6.852,,,0.034,35.0,,,0,[],1767137057.0,4
16251,2025-12-30 23:30:00+00:00,748c660f-5d59-5336-bdc3-37ccea378bb6,0.0,7.281,,,7.43,,,0.037,35.0,,,0,[],1767137740.0,4
16254,2025-12-30 23:40:00+00:00,ff9768c7-e8ce-5189-b2ba-0e8a4c380b6c,0.0,6.002,,,6.144,,,0.045,35.0,,,0,[],1767138425.0,4
16257,2025-12-30 23:50:00+00:00,468f9ab8-b800-5aea-a7ae-d7a8131353cc,0.0,6.888,,,7.032,,,0.047,35.0,,,0,[],1767139111.0,4
16260,2025-12-31 00:00:00+00:00,52e3c1aa-5a63-51ee-9ba2-a4f4f5174121,0.0,6.453,,,6.605,,,0.041,35.0,,,0,[],1767139454.0,4
16263,2025-12-31 00:10:00+00:00,cc9c9254-7ccb-5aba-8065-453b3345a14b,0.0,6.301,,,6.459,,,0.042,35.0,,,0,[],1767140139.0,4
16266,2025-12-31 00:20:00+00:00,19df4fa9-a13b-56df-97ea-b50ed6940506,0.0,7.126,,,7.277,,,0.039,35.0,,,0,[],1767140819.0,4
16269,2025-12-31 00:30:00+00:00,9526e102-6a47-5e98-93fb-fac83d10430c,0.0,6.855,,,7.001,,,0.044,35.0,,,0,[],1767141507.0,4
16272,2025-12-31 00:40:00+00:00,69377050-6504-5c10-b99e-fcc73a1afea5,0.0,7.03,,,7.184,,,0.05,35.0,,,0,[],1767142115.0,4
16275,2025-12-31 00:50:00+00:00,6119d4da-583f-551e-bd56-98fd06c403ba,0.0,7.49,,,7.639,,,0.04,35.0,,,0,[],1767142534.0,4
16278,2025-12-31 01:00:00+00:00,d9215ae4-6696-5876-b6d7-0953e0dd5a98,0.0,7.614,,,7.763,,,0.038,35.0,,,0,[],1767143217.0,4
16281,2025-12-31 01:10:00+00:00,1d66851a-e527-508f-84ec-d370c739463b,0.0,7.657,,,7.808,,,0.043,35.0,,,0,[],1767143903.0,4
16284,2025-12-31 01:20:00+00:00,fc0bdd2a-8cf1-5a04-a7cd-5ee5085531c4,0.0,7.034,,,7.168,,,0.038,35.0,,,0,[],1767144499.0,4
16287,2025-12-31 01:30:00+00:00,6cb3dedd-5cf5-544f-92c0-f9d952e50b5e,0.0,7.287,,,7.437,,,0.038,35.0,,,0,[],1767144930.0,4
16290,2025-12-31 01:40:00+00:00,1d5ad5fa-3f82-59c3-9761-9446fb7c86dc,0.0,7.417,,,7.571,,,0.046,35.0,,,0,[],1767145614.0,4
16293,2025-12-31 01:50:00+00:00,fd13ec3d-30f5-569f-bc35-4062837f809b,0.0,7.177,,,7.332,,,0.039,35.0,,,0,[],1767146299.0,4
16296,2025-12-31 02:00:00+00:00,3de75c56-ad89-5ef5-a655-7aee0b95c58b,0.0,6.697,,,6.831,,,0.052,35.0,,,0,[],1767146859.0,4
16299,2025-12-31 02:10:00+00:00,e734e3e4-3f9e-510d-843c-68306b10075e,0.0,6.554,,,6.697,,,0.039,35.0,,,0,[],1767147492.0,4
16302,2025-12-31 02:20:00+00:00,e7a50894-3f82-545e-a357-9a7b0c6cc5e3,0.0,6.863,,,7.021,,,0.049,35.0,,,0,[],1767147870.0,4
16305,2025-12-31 02:30:00+00:00,b48fc6bd-a699-5043-96d1-f7fea8969e75,0.0,6.669,,,6.811,,,0.039,35.0,,,0,[],1767148554.0,4
16308,2025-12-31 02:40:00+00:00,a14e8912-b488-5b3b-b510-c5a6be2c15b0,0.0,7.03,,,7.186,,,0.042,35.0,,,0,[],1767149238.0,4
16311,2025-12-31 02:50:00+00:00,5c6c9188-6502-58ca-8227-d98b774d02dd,0.0,7.307,,,7.459,,,0.039,35.0,,,0,[],1767149922.0,4
16314,2025-12-31 03:00:00+00:00,33cf8485-bced-5904-b522-5e4452fd9f82,0.0,7.022,,,7.172,,,0.039,35.0,,,0,[],1767150268.0,4
16317,2025-12-31 03:10:00+00:00,02ba1281-ec3c-56de-b742-813f6d3e248a,0.0,7.587,,,7.735,,,0.031,35.0,,,0,[],1767150951.0,4
16320,2025-12-31 03:20:00+00:00,d3e93689-3fcc-5ef5-bb3e-565b871ebbaa,0.0,7.797,,,7.937,,,0.045,35.0,,,0,[],1767151637.0,4
16323,2025-12-31 03:30:00+00:00,dd45adc7-6adf-57c7-9728-3d9b7d1d95d9,0.0,8.646,,,8.792,,,0.04,35.0,,,0,[],1767152320.0,4
16326,2025-12-31 03:40:00+00:00,9463897f-5a66-55eb-ac76-9bace907410f,0.0,8.697,,,8.849,,,0.032,35.0,,,0,[],1767152663.0,4
16329,2025-12-31 03:50:00+00:00,1e9275c6-b3e0-5e2b-9c23-2313e2a5594b,0.0,8.032,,,8.168,,,0.04,35.0,,,0,[],1767153348.0,4
16332,2025-12-31 04:00:00+00:00,41540e3f-6418-53fa-bfc8-62f556822551,0.001,7.648,,,7.798,,,0.038,35.0,,,0,[],1767154018.0,4
16335,2025-12-31 04:10:00+00:00,05dbc7ac-5867-5047-8a33-d3cf6da4a5ba,0.0,7.646,,,7.798,,,0.038,35.0,,,0,[],1767154716.0,4
16338,2025-12-31 04:20:00+00:00,71a6c6d6-6474-59d4-b97a-db3c437268ae,0.0,7.643,,,7.803,,,0.039,35.0,,,0,[],1767155315.0,4
16341,2025-12-31 04:30:00+00:00,634a29c6-711b-586c-8e76-2ae10614c373,0.0,7.511,,,7.659,,,0.03,35.0,,,0,[],1767155743.0,4
16344,2025-12-31 04:40:00+00:00,e60d78ec-8500-5029-a220-c9b8c55e63f1,0.0,7.825,,,7.975,,,0.04,35.0,,,0,[],1767156428.0,4
16347,2025-12-31 04:50:00+00:00,8afee034-beef-52ba-8ef4-8dfe2306a345,0.0,8.362,,,8.519,,,0.035,35.0,,,0,[],1767157112.0,4
16350,2025-12-31 05:00:00+00:00,7091a49a-5544-5148-a57d-d02afb13c30e,0.0,8.481,,,8.64,,,0.029,35.0,,,0,[],1767157676.0,4
16353,2025-12-31 05:10:00+00:00,a0ac20cf-1763-5b93-9189-37130625abb5,0.0,10.998,,,11.156,,,0.037,35.0,,,0,[],1767158307.0,4
16356,2025-12-31 05:20:00+00:00,b9b6ac5e-2ae3-5cb6-aa08-73162e108dba,0.003,10.551,,,10.709,,,0.033,35.0,,,0,[],1767158687.0,4
16359,2025-12-31 05:30:00+00:00,fe5e6c80-93f7-5460-b2be-71ab7b42f91d,0.008,9.326,,,9.482,,,0.034,35.0,,,0,[],1767159368.0,4
16362,2025-12-31 05:40:00+00:00,d96043e5-d02e-587b-a9c8-c28292c57297,0.017,9.376,,,9.541,,,0.051,35.0,,,0,[],1767160052.0,4
16365,2025-12-31 05:50:00+00:00,fb2ecb8d-1c8a-5849-8071-a78f5dc84130,0.072,7.751,,,7.832,,0.062,0.039,35.0,,,0,[],1767160734.0,4
16368,2025-12-31 06:00:00+00:00,0d7025cb-406d-55ab-a933-5d78d3adc81b,0.158,7.047,,,7.047,,0.068,0.04,35.0,,,0,[],1767161079.0,4
16371,2025-12-31 06:10:00+00:00,cf968493-9ad4-5c70-a7ea-e311f191b442,0.487,6.848,,,6.537,,0.077,0.065,35.0,,,0,[],1767161763.0,4
16374,2025-12-31 06:20:00+00:00,00d6b36a-4fa4-5813-a9b7-dcc51e5aa4c8,0.781,7.955,,,7.365,,0.088,0.068,35.0,,,0,[],1767162447.0,4
16377,2025-12-31 06:30:00+00:00,d888e9f1-0eaf-5ba2-a88e-9db79e5ab1f9,1.127,9.016,,,8.05,,0.103,0.094,35.0,,,0,[],1767163132.0,4
16380,2025-12-31 06:40:00+00:00,2c155669-fb40-5748-88f7-0f8616767591,1.247,9.171,,,8.105,,0.11,0.095,35.0,,,0,[],1767163474.0,4
16383,2025-12-31 06:50:00+00:00,e79ea5de-e1ba-59bf-bacf-b97ea661e32a,1.575,9.269,,,7.836,,0.115,0.124,35.0,,,0,[],1767164158.0,4
16386,2025-12-31 07:00:00+00:00,524fc0e7-f619-559d-ada4-1e57e8a02795,2.908,9.676,,,6.949,,0.115,0.098,35.0,,,0,[],1767164843.0,4
16389,2025-12-31 07:10:00+00:00,98778ef4-da91-5052-bdb5-aa8ac477df7b,2.69,8.526,,,5.996,,0.138,0.14,35.0,,,0,[],1767165527.0,4
16392,2025-12-31 07:20:00+00:00,ff06e8c0-e2d4-5a56-ba5e-a0d22dc7c423,2.304,8.886,,,6.757,,0.139,0.128,35.0,,,0,[],1767165869.0,4
16395,2025-12-31 07:30:00+00:00,624c173a-8aa6-52e3-a5af-647b53e2e419,5.817,11.35,,,5.721,,0.101,0.113,35.0,,,0,[],1767166554.0,4
16398,2025-12-31 07:40:00+00:00,d437c0b0-cd91-582a-a0da-62d6d7547b8f,6.256,10.57,,,4.456,,0.099,0.119,35.0,,,0,[],1767167238.0,4
16401,2025-12-31 07:50:00+00:00,9c2af161-f11f-50ba-a054-1733a68b2003,4.986,10.087,,,5.279,,0.112,0.099,35.0,,,0,[],1767167922.0,4
16404,2025-12-31 08:00:00+00:00,bde9bff3-ba7f-57cd-bff1-f31ff73099f8,7.51,9.241,,,1.929,,0.138,0.132,35.0,,,0,[],1767168491.0,4
16407,2025-12-31 08:10:00+00:00,4e79c30f-2e53-57a4-a9c6-272849da680e,6.418,9.703,,,3.457,,0.14,0.146,35.0,,,0,[],1767169117.0,4
16410,2025-12-31 08:20:00+00:00,6c1a6d1c-fab9-59ec-8673-08c6864dbfa8,6.073,9.303,,,3.378,,0.116,0.128,35.0,,,0,[],1767169502.0,4
16413,2025-12-31 08:30:00+00:00,c5739a9c-d570-57a2-8471-4f04416106f5,14.229,10.495,,,0.01,-3.313,,-3.313,35.0,,,0,[],1767170180.0,4
16416,2025-12-31 08:40:00+00:00,4cd34f1a-5a02-55ee-8d48-3a0608a037c1,11.35,8.897,,,0.019,-2.142,,-2.142,36.0,,,0,[],1767170865.0,4
16419,2025-12-31 08:50:00+00:00,6cc3a10a-dac1-52b1-8f58-c9ee872f261d,7.95,10.415,,,0.011,,2.763,2.763,36.0,,,0,[],1767171207.0,4
16422,2025-12-31 09:00:00+00:00,876240c5-3047-5c49-8881-6c3b0d71d076,10.931,10.169,,,0.016,-0.41,,-0.41,36.0,,,0,[],1767171892.0,4
16425,2025-12-31 09:10:00+00:00,f99bcea4-e104-5416-8132-845ab4e68130,7.428,9.15,,,1.997,-0.067,0.089,0.022,35.0,,,0,[],1767172576.0,4
16428,2025-12-31 09:20:00+00:00,076ddd1b-7b97-5b80-a8a1-5fb15738eab5,6.535,7.356,,,0.94,,0.104,0.124,35.0,,,0,[],1767173260.0,4
16431,2025-12-31 09:30:00+00:00,ef87be5e-ad31-53c1-8c78-e00ff0a2755e,9.997,7.469,,,0.468,-3.223,0.555,-2.668,36.0,,,0,[],1767173885.0,4
16434,2025-12-31 09:40:00+00:00,c95821fe-3b9c-529b-b597-60993c7538f1,4.735,8.172,,,3.468,-0.058,0.45,0.392,35.0,,,0,[],1767174289.0,4
16437,2025-12-31 09:50:00+00:00,fb0feddf-0fcf-5b81-acb1-f8a992679238,5.372,6.623,,,1.428,,0.075,0.068,35.0,,,0,[],1767174973.0,4
16440,2025-12-31 10:00:00+00:00,fb3519ce-840e-5ae4-9442-3f2c354da959,8.7,8.781,,,0.212,,0.102,0.108,35.0,,,0,[],1767175657.0,4
16443,2025-12-31 10:10:00+00:00,a6e2ff1a-6394-504f-89a3-5614aed75eb7,11.027,8.003,,,0.268,-2.89,,-2.873,35.5,,,0,[],1767176268.0,4
16446,2025-12-31 10:20:00+00:00,f91538d1-1be8-5525-a3dd-f0739bda8ca3,11.208,8.252,,,0.012,-2.601,,-2.601,36.0,,,0,[],1767176685.0,4
16449,2025-12-31 10:30:00+00:00,ec51fccc-05a2-51da-a307-9b040f8b8bf0,16.625,7.624,,,0.013,-8.364,,-8.364,36.0,,,0,[],1767177369.0,4
16452,2025-12-31 10:40:00+00:00,d3b9cae7-619d-584d-b092-4d743e4d0eb1,14.603,6.501,,,0.008,-7.573,,-7.573,38.0,,,0,[],1767178053.0,4
16455,2025-12-31 10:50:00+00:00,efdbfa25-696a-556a-b535-389f326081e3,8.047,8.156,,,-0.029,-0.119,0.055,-0.064,39.0,,,0,[],1767178737.0,4
16458,2025-12-31 11:00:00+00:00,7b22f97d-5d3c-55e4-a1aa-c3a4233f6e35,19.511,8.277,,,-0.01,-10.676,,-10.676,40.0,,,0,[],1767179304.0,4
16460,2025-12-31 11:10:00+00:00,3fa7226c-0e9b-5c31-a181-0e9abaab78a4,13.416,12.997,,,0.013,-3.244,3.222,-0.022,41.0,,,0,[],1767179917.0,4
16463,2025-12-31 11:20:00+00:00,60217bc3-4907-50aa-8c75-1f0ba8d40cad,13.553,14.5,,,-0.104,,1.046,1.046,41.0,,,0,[],1767180315.0,4
16466,2025-12-31 11:30:00+00:00,bbcee968-dd37-59bc-838a-eb1656691d33,21.931,13.542,,,0.019,-8.579,,-8.579,42.0,,,0,[],1767180992.0,4
16469,2025-12-31 11:40:00+00:00,384ce3ef-0c65-55c6-a186-d4c8446565ec,23.359,15.589,,,-0.022,-6.697,,-6.697,43.0,,,0,[],1767181677.0,4
16472,2025-12-31 11:50:00+00:00,d3a5a352-e293-5fed-a84e-c8917040bc60,20.77,10.101,,,0.008,-10.154,,-10.154,44.0,,,0,[],1767182021.0,4
16475,2025-12-31 12:00:00+00:00,523aaaa9-aa56-5286-9c42-cda568404ee6,23.588,9.792,,,0.014,-13.139,,-13.139,46.0,,,0,[],1767182705.0,4
16478,2025-12-31 12:10:00+00:00,7fbc9871-efcc-57ac-aaee-e65e7d71b8bb,18.754,9.496,,,0.033,-8.598,,-8.598,48.0,,,0,[],1767183390.0,4
16481,2025-12-31 12:20:00+00:00,a18118e1-cae4-5077-9357-04ceda74aab7,22.587,11.506,,,0.009,-10.43,,-10.43,49.0,,,0,[],1767184118.0,4
16484,2025-12-31 12:30:00+00:00,7220b22b-0cd7-5ff5-934e-81453e5ea466,24.706,9.822,,,0.02,-14.159,,-14.159,50.0,,,0,[],1767184490.0,4
16487,2025-12-31 12:40:00+00:00,c0d17db1-dcba-5dca-9a60-7f1496cca96a,8.234,11.069,,,0.01,,3.132,3.132,51.0,,,0,[],1767185213.0,4
16490,2025-12-31 12:50:00+00:00,5628e86f-ea9e-5d78-9160-9cc956e96ebb,17.322,10.992,,,0.01,-5.972,,-5.972,51.0,,,0,[],1767185898.0,4
16493,2025-12-31 13:00:00+00:00,2dac517c-9b51-5b7d-9994-bc2e6c562729,23.497,14.622,,,0.008,-8.318,,-8.318,52.0,,,0,[],1767186444.0,4
16496,2025-12-31 13:10:00+00:00,2ad4f1ed-6bbb-568d-be4c-c0b32a003730,22.454,17.454,,,0.013,-4.452,,-4.452,53.0,,,0,[],1767187118.0,4
16499,2025-12-31 13:20:00+00:00,0049834f-cc4e-5837-aa6d-30414edb6fa4,21.786,17.033,,,0.009,-4.102,,-4.102,54.0,,,0,[],1767187609.0,4
16502,2025-12-31 13:30:00+00:00,a9accc09-b72b-51ec-a357-3a9598e85e36,14.082,16.418,,,0.03,-1.365,3.499,2.134,54.0,,,0,[],1767188293.0,4
16505,2025-12-31 13:40:00+00:00,6bcf702c-d288-5129-ae64-5936e9af6dc8,20.129,16.358,,,0.017,-3.257,,-3.257,54.5,,,0,[],1767188804.0,4
16508,2025-12-31 13:50:00+00:00,561074b4-c6c2-58a7-8572-c517a39bc334,19.272,12.528,,,0.01,-6.138,,-6.138,55.0,,,0,[],1767189479.0,4
16511,2025-12-31 14:00:00+00:00,118d7a68-f794-5995-8a1b-c7ff68c44de7,18.222,10.884,,,0.015,-6.556,,-6.556,56.0,,,0,[],1767190007.0,4
16514,2025-12-31 14:10:00+00:00,abfe9a1a-779b-5bcf-b2ef-8066ac1e771c,17.631,9.666,,,0.014,-7.338,,-7.338,57.0,,,0,[],1767190691.0,4
16517,2025-12-31 14:20:00+00:00,2eb9126f-2935-5a38-9c4c-966c131bba77,16.836,9.046,,,0.008,-7.301,,-7.301,57.5,,,0,[],1767191165.0,4
16520,2025-12-31 14:30:00+00:00,e5aef878-46a3-5aea-88a5-4983d7ac3c28,15.442,9.323,,,0.014,-5.656,,-5.656,58.0,,,0,[],1767191840.0,4
16523,2025-12-31 14:40:00+00:00,2309e16b-0ed8-52f0-8d64-b6705b1f2e0b,14.719,12.815,,,0.008,-1.501,,-1.501,59.0,,,0,[],1767192514.0,4
16526,2025-12-31 14:50:00+00:00,c1b495de-108f-5918-a0e1-0b1eeaa13ccf,13.255,14.42,,,0.005,,1.573,1.573,59.0,,,0,[],1767193189.0,4
16529,2025-12-31 15:00:00+00:00,10fe8f2d-67ec-5c99-8962-1ab441c07c95,12.733,14.841,,,0.018,,2.547,2.547,59.0,,,0,[],1767193526.0,4
16531,2025-12-31 15:10:00+00:00,d187aaca-7225-5967-9927-bcaa47c864e9,11.672,15.709,,,0.011,,4.389,4.389,58.0,,,0,[],1767194200.0,4
16534,2025-12-31 15:20:00+00:00,68867490-9744-556f-8da4-9308438046f9,10.209,10.95,,,0.011,,0.945,0.945,58.0,,,0,[],1767194918.0,4
16537,2025-12-31 15:30:00+00:00,4b813f4e-f49d-59ec-9671-a9265cff5c6a,9.545,9.3,,,0.011,,0.088,0.099,58.0,,,0,[],1767195305.0,4
16540,2025-12-31 15:40:00+00:00,ae2d048c-fe3b-547f-8b3b-9ef199f97917,7.881,10.16,,,0.012,,2.56,2.56,57.0,,,0,[],1767195997.0,4
16543,2025-12-31 15:50:00+00:00,ee3424c3-0e68-544e-bd58-3d5bec43c3fe,5.086,12.082,,,-0.007,,7.155,7.155,57.0,,,0,[],1767196683.0,4
16546,2025-12-31 16:00:00+00:00,31ef782f-29f8-5a22-9b55-84368b5b16cc,5.967,11.558,,,0.009,,5.953,5.953,56.0,,,0,[],1767197290.0,4
16549,2025-12-31 16:10:00+00:00,1449d13e-7aad-5c13-9d59-cd1c5733caa7,5.057,12.249,,,0.018,,7.489,7.489,55.0,,,0,[],1767197710.0,4
16552,2025-12-31 16:20:00+00:00,88841dff-4a16-58f6-856d-7ff9d8c48cff,3.503,12.138,,,0.01,,9.004,9.004,54.0,,,0,[],1767198393.0,4
16555,2025-12-31 16:30:00+00:00,50e7f75f-e037-5e83-8067-d87de54921b9,2.978,15.81,,,0.007,,13.352,13.352,52.0,,,0,[],1767199078.0,4
16558,2025-12-31 16:40:00+00:00,d051c074-d74e-5d63-961f-29f2a1511fb8,2.471,16.421,,,-0.098,,14.855,14.855,50.5,,,0,[],1767199649.0,4
16561,2025-12-31 16:50:00+00:00,ef649574-d48a-5948-8bd5-333d01897c1e,1.853,14.467,,,0.016,,13.061,13.061,49.0,,,0,[],1767200105.0,4
16564,2025-12-31 17:00:00+00:00,8f1c42ec-ec9b-50ec-87ce-9bc7250440bd,1.34,18.932,,,0.039,,18.165,18.165,46.5,,,0,[],1767200789.0,4
16567,2025-12-31 17:10:00+00:00,7f374b04-3e89-5bfd-b33f-f3c04e64e5b4,0.77,17.89,,,0.017,,17.667,17.667,44.0,,,0,[],1767201473.0,4
16570,2025-12-31 17:20:00+00:00,6120f7a1-cadc-57b8-9344-fe4f568e25fa,0.597,16.555,,,0.012,,16.428,16.428,42.5,,,0,[],1767202008.0,4
16573,2025-12-31 17:30:00+00:00,35bd4ac2-bbc0-53f1-81f0-0a8cd315eaf1,0.181,15.998,,,0.114,,15.533,15.533,39.5,,,0,[],1767202683.0,4
16576,2025-12-31 17:40:00+00:00,eeffce67-d2b5-5024-aced-e60101822a7d,0.05,15.155,,,0.014,,15.578,15.578,37.5,,,0,[],1767203184.0,4
16579,2025-12-31 17:50:00+00:00,1d117201-4c25-5b71-a80d-a60624068758,0.01,10.362,,,3.572,,7.089,7.087,35.5,,,0,[],1767203868.0,4
16582,2025-12-31 18:00:00+00:00,866e224b-8365-5083-a7a3-79e05e627144,0.008,7.631,,,7.795,,0.088,0.074,35.0,,,0,[],1767204538.0,4
16585,2025-12-31 18:10:00+00:00,2b00dd30-f55e-5238-8610-c981c950e796,0.003,6.634,,,6.782,,0.06,0.06,35.0,,,0,[],1767205042.0,4
16588,2025-12-31 18:20:00+00:00,ecb5172a-8a52-5506-a209-29c8cffdee78,0.001,6.973,,,7.139,,0.061,0.046,35.0,,,0,[],1767205737.0,4
16591,2025-12-31 18:30:00+00:00,b27e3c47-6531-5f51-a526-2906bf5f3383,0.001,8.963,,,9.119,,0.062,0.055,35.0,,,0,[],1767206117.0,4
16594,2025-12-31 18:40:00+00:00,2665beab-5f17-5a81-8518-481f9b20b510,0.001,9.967,,,10.131,,0.062,0.048,35.0,,,0,[],1767206810.0,4
16597,2025-12-31 18:50:00+00:00,9be25872-fca4-54f4-bd14-62eee4b05c58,0.001,11.378,,,11.538,,0.064,0.045,35.0,,,0,[],1767207494.0,4
16600,2025-12-31 19:00:00+00:00,dec5497e-b549-5482-890e-b5e08213f10f,0.001,9.596,,,9.764,,0.064,0.049,35.0,,,0,[],1767208077.0,4
16602,2025-12-31 19:10:00+00:00,5dd855b3-3bc8-53f5-8ff7-4c136b4c11bb,0.001,8.805,,,8.971,,0.064,0.048,35.0,,,0,[],1767208519.0,4
16605,2025-12-31 19:20:00+00:00,4fbe543b-fb14-5965-92c6-3150d2640a8d,0.001,10.116,,,10.276,,0.072,0.057,35.0,,,0,[],1767209205.0,4
16608,2025-12-31 19:30:00+00:00,84374ff6-5128-5897-a482-875bd56ea13a,0.001,11.028,,,11.192,,0.071,0.059,35.0,,,0,[],1767209889.0,4
16611,2025-12-31 19:40:00+00:00,61dcaa0a-bab7-525f-a80f-e0c33f08877d,0.001,12.218,,,12.351,,0.078,0.07,35.0,,,0,[],1767210437.0,4
16614,2025-12-31 19:50:00+00:00,d01dcd9a-7cc7-52f1-9b50-ea7aeb131dd2,0.001,11.396,,,11.54,,0.077,0.074,35.0,,,0,[],1767211111.0,4
16617,2025-12-31 20:00:00+00:00,6c5fa627-1576-5668-9798-7ee5f0a0dd27,0.002,10.885,,,11.026,,0.078,0.081,35.0,,,0,[],1767211600.0,4
16620,2025-12-31 20:10:00+00:00,91733aac-cb56-5ce9-9d27-2935f4eb78e2,0.002,10.876,,,10.99,,0.083,0.084,35.0,,,0,[],1767212284.0,4
16623,2025-12-31 20:20:00+00:00,e52414e6-c3e3-5f16-a303-f46f71031da2,0.002,10.395,,,10.557,,0.075,0.064,35.0,,,0,[],1767212798.0,4
16626,2025-12-31 20:30:00+00:00,084c6018-9505-5671-b0d1-a569976b81ca,0.001,10.363,,,10.523,,0.064,0.055,35.0,,,0,[],1767213472.0,4
16629,2025-12-31 20:40:00+00:00,b62ea7e6-8dad-5ed2-beab-58e9b76cf012,0.001,10.789,,,10.919,,0.068,0.09,35.0,,,0,[],1767213995.0,4
16632,2025-12-31 20:50:00+00:00,24d08b64-321a-5e0b-be6c-3bc194d6b224,0.001,9.883,,,10.012,,0.063,0.081,35.0,,,0,[],1767214679.0,4
16635,2025-12-31 21:00:00+00:00,9720af92-649b-550c-bb3d-b4f59266003d,0.0,8.601,,,8.782,,0.064,0.048,35.0,,,0,[],1767215158.0,4
16638,2025-12-31 21:10:00+00:00,b6d7bc53-720f-5e7e-9579-ab064e37651d,0.001,8.166,,,8.332,,0.057,0.04,35.0,,,0,[],1767215832.0,4
16641,2025-12-31 21:20:00+00:00,44fe66b4-8f45-5fb3-8631-6ffb0463b2e6,0.001,8.332,,,8.498,,0.057,0.04,35.0,,,0,[],1767216514.0,4
16644,2025-12-31 21:30:00+00:00,a5083fd1-beca-5953-a5e7-0eb64698c8b1,0.001,8.1,,,8.266,,0.056,0.038,35.0,,,0,[],1767216931.0,4
16647,2025-12-31 21:40:00+00:00,b42645de-cdde-5fe5-851e-9cb86006932d,0.001,9.275,,,9.436,,0.059,0.041,35.0,,,0,[],1767217622.0,4
16650,2025-12-31 21:50:00+00:00,5277a4ca-51ec-5998-9313-a74bdd2a7fff,0.001,6.85,,,7.015,,0.059,0.04,35.0,,,0,[],1767218308.0,4
16653,2025-12-31 22:00:00+00:00,740dd18a-fccf-5933-ba59-8029ac21f132,0.001,7.314,,,7.48,,0.059,0.041,35.0,,,0,[],1767218880.0,4
16656,2025-12-31 22:10:00+00:00,adf55471-f4b4-5c15-b8aa-de5874bd3144,0.002,9.408,,,9.569,,0.061,0.045,35.0,,,0,[],1767219334.0,4
16659,2025-12-31 22:20:00+00:00,1a2b8d91-4c66-5fed-b4cc-6b5746ef9f14,0.001,9.584,,,9.751,,0.058,0.04,35.0,,,0,[],1767220019.0,4
16662,2025-12-31 22:30:00+00:00,6d0af70e-a6b7-5373-8eda-969f83e5c63f,0.001,8.812,,,8.978,,0.058,0.037,35.0,,,0,[],1767220703.0,4
16665,2025-12-31 22:40:00+00:00,f9788722-a423-525e-9f10-c435204025e6,0.002,7.414,,,7.58,,0.055,0.035,35.0,,,0,[],1767221240.0,4
16668,2025-12-31 22:50:00+00:00,58a1a89d-34c6-57aa-811a-fbb98a7974e7,0.002,7.763,,,7.929,,0.055,0.035,35.0,,,0,[],1767221914.0,4
16671,2025-12-31 23:00:00+00:00,daeba101-c5e6-5a9c-a787-698828e16ac2,0.0,3.417,,,3.502,,,-0.019,35.0,,,0,[],1767222589.0,4
16674,2025-12-31 23:10:00+00:00,cf6b3840-3b42-54a8-a6fd-d71a0cc72d30,0.001,6.556,,,6.721,,0.061,0.042,35.0,,,0,[],1767223099.0,4
16677,2025-12-31 23:20:00+00:00,e932ce9a-4412-5ebd-8580-07dd971893f1,0.001,6.653,,,6.819,,0.058,0.04,35.0,,,0,[],1767223600.0,4
16680,2025-12-31 23:30:00+00:00,b5361326-4a94-57fa-9d58-2a33d390808d,0.001,5.933,,,6.091,,0.062,0.048,35.0,,,0,[],1767224275.0,4
16683,2025-12-31 23:40:00+00:00,9d048fe1-fb89-55de-8738-406e80e8cdac,0.0,6.04,,,6.201,,0.066,0.079,35.0,,,0,[],1767224810.0,4
16686,2026-01-01 00:10:00+00:00,3d6d8743-4a52-5e6e-8834-a6289716b829,0.001,7.469,,,7.637,,0.065,0.045,35.0,,,0,[],1767226636.0,4
16689,2026-01-01 00:20:00+00:00,9338cf35-ee7f-5d5b-ba95-12ea0ac8d3a2,0.0,6.644,,,6.81,,0.064,0.043,35.0,,,0,[],1767227329.0,4
16692,2026-01-01 00:30:00+00:00,ea0d11a2-bf21-55fe-b912-90bae4885a5d,0.001,6.033,,,6.2,,0.064,0.044,35.0,,,0,[],1767227745.0,4
16695,2026-01-01 00:40:00+00:00,ca3aa1dd-9d1e-55a3-af49-356594f8b2c6,0.0,5.957,,,6.124,,0.062,0.041,35.0,,,0,[],1767228439.0,4
16698,2026-01-01 00:50:00+00:00,34e4cd59-faf8-575d-9919-9b66a411b1bd,0.0,6.067,,,6.234,,0.059,0.036,35.0,,,0,[],1767229123.0,4
16701,2026-01-01 01:00:00+00:00,9ed7d8a6-5b44-5d18-9fc3-52026b5ff707,0.0,6.404,,,6.57,,0.06,0.036,35.0,,,0,[],1767229694.0,4
16704,2026-01-01 01:10:00+00:00,a256562a-3e63-5236-9e4a-15cb064b50f2,0.0,6.044,,,6.211,,0.06,0.039,35.0,,,0,[],1767230149.0,4
16707,2026-01-01 01:20:00+00:00,8bb01210-9765-57c3-99ef-e4eb313ca7ef,0.0,5.773,,,5.942,,0.058,0.041,35.0,,,0,[],1767230837.0,4
16710,2026-01-01 01:30:00+00:00,472dbfb8-5773-5b8d-a47f-726427ffc60a,0.0,6.11,,,6.266,,0.059,0.04,35.0,,,0,[],1767231522.0,4
16713,2026-01-01 01:40:00+00:00,eb72da87-9873-5559-bfde-0a508b0658f6,0.0,5.684,,,5.848,,0.058,0.04,35.0,,,0,[],1767232054.0,4
16716,2026-01-01 01:50:00+00:00,31a3fc85-2754-5d11-8e77-57706e050633,0.0,5.839,,,6.005,,0.057,0.038,35.0,,,0,[],1767232728.0,4
16719,2026-01-01 02:00:00+00:00,50d40b4f-9fe2-56b4-8f74-f45e1409fc68,0.0,6.44,,,6.605,,0.058,0.043,35.0,,,0,[],1767233233.0,4
16722,2026-01-01 02:10:00+00:00,3722ae8c-d09d-51cc-80fb-77d10424dd8e,0.0,8.03,,,8.194,,0.06,0.065,35.0,,,0,[],1767233917.0,4
16725,2026-01-01 02:20:00+00:00,9050852a-dbb8-5097-9808-548becffc088,0.0,6.665,,,6.829,,0.059,0.038,35.0,,,0,[],1767234413.0,4
16728,2026-01-01 02:30:00+00:00,4aaa2dbd-b347-57f2-a724-7b83c533c2aa,0.0,7.287,,,7.45,,0.065,0.046,35.0,,,0,[],1767235088.0,4
16731,2026-01-01 02:40:00+00:00,aa111964-69a4-52ec-97a1-5709b943f5a6,0.0,6.118,,,6.289,,0.057,0.038,35.0,,,0,[],1767235632.0,4
16734,2026-01-01 02:50:00+00:00,a3875ce1-b971-5943-bea1-a5758abc1b73,0.0,6.542,,,6.707,,0.057,0.038,35.0,,,0,[],1767236316.0,4
16737,2026-01-01 03:00:00+00:00,d3ca2b0a-41c0-553e-a068-e8e82d6d1e98,0.0,6.995,,,7.155,,0.058,0.04,35.0,,,0,[],1767236773.0,4
16740,2026-01-01 03:10:00+00:00,69698a57-1dc5-54bf-9be1-ca316e68a60c,0.0,6.07,,,6.236,,0.057,0.038,35.0,,,0,[],1767237447.0,4
16743,2026-01-01 03:20:00+00:00,9d5369dc-5344-597a-9ea8-ba1fcd785c8f,0.0,5.78,,,5.942,,0.058,0.037,35.0,,,0,[],1767238137.0,4
16746,2026-01-01 03:30:00+00:00,46825d84-8c5c-52a2-baff-3c9fcfc3cd6a,0.001,6.148,,,6.308,,0.058,0.039,35.0,,,0,[],1767238559.0,4
16749,2026-01-01 03:40:00+00:00,aa604bc8-99a8-5866-a6a6-e43d5fed6ad6,0.0,5.887,,,6.05,,0.057,0.037,35.0,,,0,[],1767239251.0,4
16752,2026-01-01 04:00:00+00:00,a7a3705e-7fe9-5d07-8a0c-59d1b3e8627b,0.0,5.907,,,6.071,,0.054,0.036,35.0,,,0,[],1767240506.0,4
16755,2026-01-01 04:10:00+00:00,1dfbfdb1-809b-59b8-a30e-74aebfe0f0f8,0.001,5.664,,,5.829,,0.054,0.034,35.0,,,0,[],1767240962.0,4
16758,2026-01-01 04:20:00+00:00,6da74785-5652-57d8-a986-05c43234b9d8,0.001,5.697,,,5.853,,0.054,0.033,35.0,,,0,[],1767241647.0,4
16761,2026-01-01 04:30:00+00:00,b17edc8d-e619-505b-b038-54944cb2df2c,0.001,6.536,,,6.701,,0.059,0.039,35.0,,,0,[],1767242332.0,4
16764,2026-01-01 04:40:00+00:00,922f7b92-b09d-5102-acb3-f2d1fa78df5f,0.001,6.401,,,6.561,,0.055,0.035,35.0,,,0,[],1767242866.0,4
16767,2026-01-01 04:50:00+00:00,589d8e31-77fb-5555-9e2a-dc9805091336,0.001,7.638,,,7.804,,0.056,0.038,35.0,,,0,[],1767243357.0,4
16770,2026-01-01 05:00:00+00:00,4e35da9c-b492-5daf-b650-ec15f2a6dbd8,0.001,7.377,,,7.543,,0.054,0.033,35.0,,,0,[],1767244043.0,4
16773,2026-01-01 05:10:00+00:00,f4633ac7-e9a3-508d-b166-b7f9cd3a42fb,0.0,8.428,,,8.595,,0.059,0.039,35.0,,,0,[],1767244718.0,4
16776,2026-01-01 05:20:00+00:00,5a36d9e8-b9fa-5023-881e-29708adc2b36,0.004,7.333,,,7.498,,0.052,0.03,35.0,,,0,[],1767245226.0,4
16779,2026-01-01 05:30:00+00:00,36e30f01-c273-5781-ae3e-39f637b13edd,0.004,7.065,,,7.233,,0.052,0.03,35.0,,,0,[],1767245901.0,4
16782,2026-01-01 05:40:00+00:00,65af9f25-e9a0-5b1b-9574-152bd804c036,0.009,6.943,,,7.111,,0.051,0.029,35.0,,,0,[],1767246438.0,4
16785,2026-01-01 05:50:00+00:00,7fc6aae4-04ff-5b34-9ad5-dba9c46cabed,0.039,6.858,,,6.99,,0.056,0.033,35.0,,,0,[],1767247121.0,4
16787,2026-01-01 06:00:00+00:00,e5ebb84c-1bb4-5301-9492-e0ff052484b7,0.131,6.357,,,6.413,,0.125,0.105,35.0,,,0,[],1767247586.0,4
16789,2026-01-01 06:10:00+00:00,b20f653e-3ea2-5d44-957b-02c47573e826,0.45,5.311,,,5.029,,0.143,0.135,35.0,,,0,[],1767248261.0,4
16791,2026-01-01 06:20:00+00:00,6f89ea08-c2ea-5ecf-9f7f-0ab4422367de,0.917,5.858,,,5.121,,0.147,0.123,35.0,,,0,[],1767248833.0,4
16793,2026-01-01 06:30:00+00:00,3cd26b08-9903-525f-9896-74a212e4d729,1.294,5.923,,,4.822,,0.159,0.132,35.0,,,0,[],1767249374.0,4
16795,2026-01-01 06:40:00+00:00,b102b710-9db8-5b3b-9664-a1563c585ed3,1.857,5.086,,,3.387,,0.156,0.138,35.0,,,0,[],1767250067.0,4
16797,2026-01-01 06:50:00+00:00,3da71315-374a-506c-b076-f67958b21a3c,2.03,6.027,,,4.155,,0.153,0.147,35.0,,,0,[],1767250656.0,4
16799,2026-01-01 07:00:00+00:00,b7ae799d-b435-5f14-b2b3-0953e0343a37,2.711,5.766,,,3.253,,0.166,0.132,35.0,,,0,[],1767251331.0,4
16801,2026-01-01 07:10:00+00:00,e542ae56-26bd-5f59-af4b-0c1a5fe07a42,3.663,6.366,,,2.877,,0.15,0.128,35.0,,,0,[],1767251778.0,4
16803,2026-01-01 07:20:00+00:00,0c4987a3-ef0d-5f5e-8ded-cd67117c95eb,4.75,9.239,,,4.697,,0.149,0.12,35.0,,,0,[],1767252462.0,4
16805,2026-01-01 07:30:00+00:00,df0cc2cd-f443-5b55-aded-57c4d3db4635,5.297,8.677,,,3.512,,0.158,0.129,35.0,,,0,[],1767253018.0,4
16807,2026-01-01 07:40:00+00:00,2ba44377-5666-5e94-85f1-3028b186c714,6.366,8.504,,,2.317,,0.123,0.098,35.0,,,0,[],1767253692.0,4
16809,2026-01-01 07:50:00+00:00,cc1b3b7e-6556-5215-8633-025a867d77b5,7.594,8.76,,,1.321,,0.143,0.131,35.0,,,0,[],1767254178.0,4
16811,2026-01-01 08:00:00+00:00,313efa83-a9cf-51c1-8109-105648ac6e45,8.951,8.792,,,0.088,,0.16,0.125,35.0,,,0,[],1767254863.0,4
16814,2026-01-01 08:10:00+00:00,d448657b-e274-5fb1-9123-701e1aa2304b,9.669,9.103,,,-0.23,,0.129,0.089,35.0,,,0,[],1767255379.0,4
16817,2026-01-01 08:20:00+00:00,46328bbc-60df-54be-ac2a-02d357d479fa,10.529,9.335,,,0.006,-0.849,,-0.849,35.0,,,0,[],1767256053.0,4
16820,2026-01-01 08:30:00+00:00,c58b1f73-7082-5303-a852-440647414fcb,9.406,9.312,,,-0.003,-0.225,0.124,-0.101,35.0,,,0,[],1767256573.0,4
16823,2026-01-01 08:40:00+00:00,777a5ce8-235d-56bb-ad58-92a9eb726618,13.019,9.98,,,0.014,-2.648,,-2.648,35.5,,,0,[],1767257259.0,4
16826,2026-01-01 08:50:00+00:00,fdcf40eb-be5b-5d9a-8bdb-bac4901d1590,13.459,10.745,,,-0.024,-2.772,,-2.772,36.0,,,0,[],1767257942.0,4
16829,2026-01-01 09:00:00+00:00,50ddce6d-519c-5414-9dac-b870398f0e7d,14.37,9.707,,,0.004,-4.182,,-4.182,36.0,,,0,[],1767258413.0,4
16832,2026-01-01 09:10:00+00:00,69abb8a6-6b21-5e94-8d16-0dd214213efd,15.645,9.362,,,0.023,-6.45,,-6.45,37.0,,,0,[],1767259087.0,4
16835,2026-01-01 09:20:00+00:00,eeaf8d06-485f-525a-a304-bfacb0ef0358,15.653,12.478,,,0.011,-2.741,,-2.741,37.0,,,0,[],1767259653.0,4
16838,2026-01-01 09:30:00+00:00,43a16986-7a18-5656-b92d-f6f83c60681e,16.387,11.596,,,0.015,-4.524,,-4.524,38.0,,,0,[],1767260189.0,4
16841,2026-01-01 09:40:00+00:00,2a0f09c0-37eb-5c5a-8d00-465eb7aadc83,17.053,10.989,,,0.009,-5.627,,-5.627,38.0,,,0,[],1767260881.0,4
16844,2026-01-01 09:50:00+00:00,889a8920-57da-54d5-9985-35a98ebff380,13.818,13.515,,,0.007,-3.299,3.591,0.292,38.0,,,0,[],1767261503.0,4
16847,2026-01-01 10:00:00+00:00,2326394a-dacf-51cd-bfc5-568b9164332a,7.188,13.063,,,-0.037,,6.476,6.476,38.0,,,0,[],1767261907.0,4
16850,2026-01-01 10:10:00+00:00,455367bc-39d2-5233-ba27-2081a3147dbf,5.818,9.173,,,0.01,,3.638,3.638,37.0,,,0,[],1767262592.0,4
16853,2026-01-01 10:20:00+00:00,564e77ee-c899-5352-b27c-61ef5f028f1a,6.613,11.125,,,0.009,,4.292,4.292,36.5,,,0,[],1767263188.0,4
16856,2026-01-01 10:30:00+00:00,c8d35973-3fb9-56fb-9553-ddceb1df05c5,11.868,10.539,,,0.012,-1.029,,-1.029,37.0,,,0,[],1767263752.0,4
16859,2026-01-01 10:40:00+00:00,4d5557c4-8d07-5ebd-9836-f830b6c71f87,22.371,11.711,,,0.015,-10.25,,-10.25,37.0,,,0,[],1767264476.0,4
16862,2026-01-01 10:50:00+00:00,546a4133-bdea-5b8c-80ba-c91578e3c8d4,24.015,11.702,,,0.012,-11.518,,-11.518,39.0,,,0,[],1767265160.0,4
16865,2026-01-01 11:00:00+00:00,aba25726-6789-5d45-830c-44c7c19592cd,21.429,11.463,,,0.006,-9.86,,-9.86,40.0,,,0,[],1767265709.0,4
16868,2026-01-01 11:10:00+00:00,531af91a-b1ac-52b8-9364-4f5ff6a078c6,24.924,13.206,,,0.018,-11.097,,-11.097,41.0,,,0,[],1767266082.0,4
16871,2026-01-01 11:20:00+00:00,561bc667-d5b5-50e1-9144-6ba55117ae74,24.256,14.104,,,0.014,-9.596,,-9.596,43.0,,,0,[],1767266791.0,4
16874,2026-01-01 11:30:00+00:00,8b5e7358-512c-5023-a5f7-2b3f4b7e3a90,14.102,9.83,,,0.01,-4.543,0.642,-3.901,44.0,,,0,[],1767267475.0,4
16877,2026-01-01 11:40:00+00:00,a447c52d-fddd-54bd-840d-593b8ca69ffd,20.04,9.79,,,0.004,-9.854,,-9.854,45.5,,,0,[],1767268105.0,4
16880,2026-01-01 11:50:00+00:00,4dea8cb5-78b2-5fe7-ac94-92f5e0b8403e,18.804,11.161,,,-0.17,-6.843,,-6.843,46.0,,,0,[],1767268503.0,4
16883,2026-01-01 12:00:00+00:00,bd442f89-02b6-5458-99d6-4ee9f7a71a68,23.329,11.396,,,0.011,-10.835,,-10.835,48.0,,,0,[],1767269187.0,4
16886,2026-01-01 12:10:00+00:00,05637e5c-ea54-5d47-9ca7-6431eaf53078,23.262,11.817,,,0.011,-10.872,,-10.872,49.5,,,0,[],1767269872.0,4
16889,2026-01-01 12:20:00+00:00,a2117805-2241-557c-b590-aaa3c2e99e34,23.302,11.878,,,0.164,-11.594,,-11.594,50.5,,,0,[],1767270466.0,4
16892,2026-01-01 12:30:00+00:00,ca3f2e87-6600-59d4-80cc-44f1fd74ca2e,22.803,12.891,,,0.009,-9.393,,-9.393,52.0,,,0,[],1767270898.0,4
16895,2026-01-01 12:40:00+00:00,47b89605-aaff-5983-8495-4ac2330c9c99,14.732,14.713,,,-0.061,,0.103,0.118,53.0,,,0,[],1767271583.0,4
16898,2026-01-01 12:50:00+00:00,25d8e0be-b5cf-5e32-8fd5-8f286c30777b,22.467,14.922,,,-0.002,-7.27,,-7.27,54.0,,,0,[],1767272267.0,4
16901,2026-01-01 13:00:00+00:00,5cd4d768-0a6c-5f0a-86b9-1350e7f4fd5f,22.238,17.616,,,0.014,-4.148,,-4.148,54.0,,,0,[],1767272827.0,4
16904,2026-01-01 13:10:00+00:00,ef80ffaa-bcb4-5707-9186-74312877543f,22.143,13.843,,,0.0,-8.102,,-8.102,55.0,,,0,[],1767273501.0,4
16907,2026-01-01 13:20:00+00:00,2bfc11f8-4091-5a0c-8216-014c78f6b34a,21.622,13.617,,,-0.025,-7.01,,-7.01,55.5,,,0,[],1767273982.0,4
16910,2026-01-01 13:30:00+00:00,97cce7dc-c202-5c78-9a51-a8aed637bf85,15.148,15.57,,,-0.069,,2.331,2.331,56.0,,,0,[],1767274666.0,4
16913,2026-01-01 13:40:00+00:00,7dbd7c30-44ee-5fe5-a5d7-427c2571da95,19.224,13.798,,,0.011,-4.925,,-4.925,56.5,,,0,[],1767275009.0,4
16916,2026-01-01 13:50:00+00:00,a208eda9-19f9-5063-9c22-8d2aecc748ed,18.249,13.844,,,-0.007,-3.655,,-3.655,57.0,,,0,[],1767275815.0,4
16919,2026-01-01 14:00:00+00:00,fd9817e9-0c4f-5b01-9393-d7769f8325c0,18.256,11.144,,,0.007,-6.655,,-6.655,58.0,,,0,[],1767276497.0,4
16922,2026-01-01 14:10:00+00:00,65f248cf-9419-5273-88d7-17b0ff7abe36,17.394,11.821,,,0.014,-4.834,,-4.834,58.0,,,0,[],1767276849.0,4
16925,2026-01-01 14:20:00+00:00,6abafcbe-471c-5154-866e-c0bf7f511dd9,17.042,8.348,,,0.017,-8.361,,-8.361,59.0,,,0,[],1767277534.0,4
16928,2026-01-01 14:30:00+00:00,3fa73d04-c028-5aa8-b04b-872128644eb5,16.684,9.596,,,0.011,-6.549,,-6.549,60.0,,,0,[],1767278218.0,4
16931,2026-01-01 14:40:00+00:00,5c04004e-92dd-55f0-9006-0077e9da4206,11.36,8.56,,,0.012,-2.619,0.161,-2.458,60.5,,,0,[],1767278903.0,4
16934,2026-01-01 14:50:00+00:00,fcbdf2e3-7dad-5d60-b577-9ec70636864d,15.722,7.344,,,0.005,-7.878,,-7.878,61.0,,,0,[],1767279479.0,4
16937,2026-01-01 15:00:00+00:00,d805dc20-4dfc-5728-899e-39543d386cc0,14.507,6.277,,,0.011,-7.31,,-7.31,62.0,,,0,[],1767279929.0,4
16940,2026-01-01 15:10:00+00:00,067bb9b2-11b6-5903-b41d-745416c9ba96,11.33,5.176,,,0.012,-5.477,,-5.477,62.0,,,0,[],1767280614.0,4
16943,2026-01-01 15:20:00+00:00,26905f9f-07c4-5f78-b78e-b0beda142e03,8.781,7.929,,,0.008,-1.089,0.358,-0.731,63.0,,,0,[],1767281298.0,4
16946,2026-01-01 15:30:00+00:00,61ccfb5d-0107-5a12-ae8d-cc9bef9e56cd,9.07,7.304,,,0.003,-1.643,,-1.643,63.0,,,0,[],1767281840.0,4
16949,2026-01-01 15:40:00+00:00,56a883fd-b2a7-5881-80c3-40e82d0c121c,6.317,10.514,,,0.01,,4.419,4.419,63.0,,,0,[],1767282514.0,4
16952,2026-01-01 15:50:00+00:00,6c8cc17c-1bd4-55a2-92ff-f7c803d082b4,7.947,7.628,,,0.015,-0.449,,-0.449,63.0,,,0,[],1767283010.0,4
16955,2026-01-01 16:00:00+00:00,32733672-e39b-5fb0-b5f5-9504a5b2129b,8.603,8.155,,,0.016,-0.304,0.276,-0.028,63.0,,,0,[],1767283694.0,4
16958,2026-01-01 16:10:00+00:00,5aae88d8-431c-5a88-ba54-afae21f0c921,7.761,7.419,,,0.008,-0.174,0.118,-0.056,63.0,,,0,[],1767284201.0,4
16961,2026-01-01 16:20:00+00:00,eee4bec7-f033-56fd-ba0f-7f07d1e9c1e5,5.713,7.257,,,0.015,,1.811,1.811,63.0,,,0,[],1767284875.0,4
16964,2026-01-01 16:30:00+00:00,5d601028-90e4-5071-bbeb-ae5f85439466,4.78,9.451,,,0.012,,4.968,4.968,62.0,,,0,[],1767285403.0,4
16967,2026-01-01 16:40:00+00:00,8dec574f-6104-5c98-9c95-4f710b099ffc,3.491,6.689,,,0.012,,3.476,3.476,61.0,,,0,[],1767286111.0,4
16970,2026-01-01 16:50:00+00:00,c0674d9e-e574-5a56-a063-00baa0202adf,3.102,7.516,,,0.014,,4.69,4.69,61.0,,,0,[],1767286480.0,4
16973,2026-01-01 17:00:00+00:00,2cd227de-02aa-5223-a28d-cd83bdb7fbee,2.438,4.648,,,0.016,,2.496,2.496,60.0,,,0,[],1767287174.0,4
16976,2026-01-01 17:10:00+00:00,514e3da3-0ec5-5e76-8f01-38364f53e215,1.467,5.867,,,0.023,,4.13,4.13,60.0,,,0,[],1767287859.0,4
16979,2026-01-01 17:20:00+00:00,85c9b00b-02d2-5173-8f73-b44e76219096,0.692,4.77,,,0.01,,4.489,4.489,59.0,,,0,[],1767288538.0,4
16982,2026-01-01 17:30:00+00:00,74f1c113-f6a2-5841-8dd5-e862a2115c9a,0.325,5.356,,,0.006,,5.315,5.315,59.0,,,0,[],1767289104.0,4
16985,2026-01-01 17:40:00+00:00,41ba1bb7-f8b4-507c-a58c-560807c53b0e,0.056,4.183,,,-0.093,,4.798,4.798,58.0,,,0,[],1767289573.0,4
16988,2026-01-01 17:50:00+00:00,368eae34-c9af-53da-9487-4042d01ad44f,0.011,7.065,,,0.007,,7.326,7.326,57.5,,,0,[],1767290258.0,4
16991,2026-01-01 18:00:00+00:00,a454372a-62ef-5ad7-9c56-3d72959a2ca2,0.008,6.982,,,0.011,,7.244,7.244,56.5,,,0,[],1767290938.0,4
16994,2026-01-01 18:10:00+00:00,ed76a7e1-f829-5afe-8eaa-c1fb44e20e9b,0.003,7.575,,,0.006,,7.846,7.846,55.5,,,0,[],1767291464.0,4
16997,2026-01-01 18:20:00+00:00,e8dc0b1d-fad9-5d56-beb4-f4ed91c0b127,0.001,6.629,,,0.006,,6.979,6.979,54.5,,,0,[],1767291968.0,4
17000,2026-01-01 18:30:00+00:00,f94178a9-e77d-5b8c-af6b-9ad062226cdc,0.0,6.014,,,0.007,,6.281,6.281,53.5,,,0,[],1767292652.0,4
17003,2026-01-01 18:40:00+00:00,d39a08c4-114b-5289-844b-8f5ab6f53189,0.0,7.074,,,0.006,,7.349,7.349,52.5,,,0,[],1767293319.0,4
17006,2026-01-01 18:50:00+00:00,e3b4eb19-101f-5983-b7de-9d673d8c8dd4,0.001,9.609,,,0.008,,9.893,9.893,51.5,,,0,[],1767293824.0,4
17009,2026-01-01 19:00:00+00:00,c6235515-91d3-5157-b9f8-2caa6045c757,0.001,15.558,,,0.014,,15.94,15.94,49.5,,,0,[],1767294498.0,4
17012,2026-01-01 19:10:00+00:00,cd99305c-4167-5ee2-be73-f2c6d2713d42,0.002,13.642,,,-0.059,,14.142,14.142,48.0,,,0,[],1767295047.0,4
17015,2026-01-01 19:20:00+00:00,395ff1af-77e0-5d20-b973-60a016177653,0.001,14.903,,,0.31,,14.948,14.948,45.5,,,0,[],1767295718.0,4
17018,2026-01-01 19:30:00+00:00,f123f249-707d-5f4f-b044-370705a838b8,0.001,14.413,,,0.307,,14.122,14.122,44.0,,,0,[],1767296183.0,4
17021,2026-01-01 19:40:00+00:00,5c9d59e3-6f9d-5ae2-93da-2afa4b912079,0.001,11.274,,,-0.001,,12.103,12.103,42.0,,,0,[],1767296924.0,4
17024,2026-01-01 19:50:00+00:00,09d34167-1fb8-51ce-a3ce-1c762350c32a,0.001,13.172,,,0.007,,13.551,13.551,41.0,,,0,[],1767297293.0,4
17027,2026-01-01 20:00:00+00:00,551c67ef-cf24-5168-a824-2bf70d8c61c9,0.001,12.943,,,0.008,,13.322,13.322,39.0,,,0,[],1767297985.0,4
17030,2026-01-01 20:10:00+00:00,2110ae00-1f8c-5ac0-9f2a-2928b456e99b,0.001,13.58,,,0.014,,13.891,13.891,37.0,,,0,[],1767298670.0,4
17033,2026-01-01 20:20:00+00:00,3bff8c68-647f-58b5-995e-47b632b2a592,0.001,6.133,,,6.299,,0.054,0.047,35.0,,,0,[],1767299337.0,4
17036,2026-01-01 20:30:00+00:00,54699ccb-bbb0-5993-8f16-5a1a9a8ecbac,0.0,7.915,,,8.08,,0.053,0.036,35.0,,,0,[],1767299926.0,4
17039,2026-01-01 20:40:00+00:00,7238f746-c901-510c-b548-bda2d2ab4196,0.001,9.781,,,9.931,,0.056,0.045,35.0,,,0,[],1767300380.0,4
17042,2026-01-01 20:50:00+00:00,5bb41fe4-6d14-5d2a-9748-da05cc9b866a,0.001,8.634,,,8.78,,0.052,0.041,35.0,,,0,[],1767301065.0,4
17045,2026-01-01 21:00:00+00:00,2797876f-a7d5-58fe-afe1-106669bfbf42,0.002,8.493,,,8.649,,,0.028,35.0,,,0,[],1767301735.0,4
17048,2026-01-01 21:10:00+00:00,df98de6a-e180-5a8f-8a14-8ba5c9b2086e,0.002,8.711,,,8.876,,,0.023,35.0,,,0,[],1767302286.0,4
17051,2026-01-01 21:20:00+00:00,f87c3ef4-aeb6-5a5a-b605-02251c4fd664,0.002,8.391,,,8.526,,0.063,0.057,35.0,,,0,[],1767302776.0,4
17054,2026-01-01 21:30:00+00:00,dceae685-5486-53b1-9f93-ce67fed65a52,0.003,8.794,,,8.927,,,0.037,35.0,,,0,[],1767303460.0,4
17057,2026-01-01 21:40:00+00:00,cd11bf6b-ef28-56bb-87ea-5b5a77343b53,0.001,8.911,,,9.058,,,0.025,35.0,,,0,[],1767303972.0,4
17060,2026-01-01 21:50:00+00:00,09a95f58-ed26-5c72-a528-46b4bc75461e,0.001,10.667,,,10.814,,,0.039,35.0,,,0,[],1767304647.0,4
17063,2026-01-01 22:00:00+00:00,36ddc724-997e-5656-a0cf-bbce41850850,0.001,9.232,,,9.374,,,0.043,35.0,,,0,[],1767305321.0,4
17066,2026-01-01 22:10:00+00:00,c8dc1d86-e21f-5aad-91e6-09dfd58fff55,0.002,8.892,,,9.048,,0.053,0.054,35.0,,,0,[],1767305855.0,4
17069,2026-01-01 22:20:00+00:00,2831edd1-b3ac-50ad-82aa-1f4bf858156d,0.001,9.134,,,9.261,,0.056,0.063,35.0,,,0,[],1767306537.0,4
17072,2026-01-01 22:30:00+00:00,91baa2d2-71e9-5492-84a3-8c96db582a2b,0.001,9.202,,,9.341,,0.064,0.064,35.0,,,0,[],1767307006.0,4
17075,2026-01-01 22:40:00+00:00,9f31dd6f-a944-5fce-98ea-69a66f040ed6,0.002,8.871,,,8.982,,0.069,0.07,35.0,,,0,[],1767307738.0,4
17078,2026-01-01 22:50:00+00:00,3b7ad0ab-0ec4-54be-b68f-85e1b459d4fb,0.001,7.822,,,7.943,,0.061,0.072,35.0,,,0,[],1767308106.0,4
17081,2026-01-01 23:10:00+00:00,5ed53cb5-2330-55db-a6ba-1e72af7ae9d9,0.003,9.355,,,9.476,,0.069,0.065,35.0,,,0,[],1767309483.0,4
17085,2026-01-01 23:20:00+00:00,8feb205e-58d9-5309-8edb-ace0ae383f0d,0.003,9.171,,,9.338,,,0.035,35.0,,,0,[],1767310064.0,4
17087,2026-01-01 23:30:00+00:00,efebb3ce-d1bd-5a57-bd11-fd9985a8610d,0.003,9.527,,,9.668,,,0.04,35.0,,,0,[],1767310510.0,4
17090,2026-01-01 23:40:00+00:00,1b1471d0-18ca-5275-b126-7f498d216554,0.003,8.57,,,8.704,,,0.038,35.0,,,0,[],1767311195.0,4
17093,2026-01-01 23:50:00+00:00,930f14af-c588-5fee-974d-785ea6194617,0.001,7.898,,,8.058,,0.053,0.034,35.0,,,0,[],1767311879.0,4
17096,2026-01-02 00:00:00+00:00,48b7bacd-da91-53e7-bd1c-a4a2c5961abe,0.001,7.207,,,7.336,,,0.035,35.0,,,0,[],1767312425.0,4
17099,2026-01-02 00:10:00+00:00,f8c8d026-af63-5bf2-a09a-9404a52d1d34,0.001,8.098,,,8.258,,,0.026,35.0,,,0,[],1767313099.0,4
17102,2026-01-02 00:20:00+00:00,b06c925b-5695-5eb7-8830-d6128e330ae3,0.001,8.028,,,8.194,,,0.031,35.0,,,0,[],1767313591.0,4
17105,2026-01-02 00:30:00+00:00,301fcae4-a4ee-5f5a-871a-a6771ec6121d,0.001,7.116,,,7.265,,,0.031,35.0,,,0,[],1767314276.0,4
17108,2026-01-02 00:40:00+00:00,97cd9e81-dc09-55d5-947b-eb64cc2e316c,0.001,7.123,,,7.277,,,0.027,35.0,,,0,[],1767314785.0,4
17111,2026-01-02 00:50:00+00:00,d78d50f8-d61a-5244-9618-00891d8d57eb,0.001,7.585,,,7.743,,,0.025,35.0,,,0,[],1767315460.0,4
17114,2026-01-02 01:00:00+00:00,66ae0d95-4ac2-5398-8840-692543d5b815,0.001,8.097,,,8.262,,,0.024,35.0,,,0,[],1767316134.0,4
17117,2026-01-02 01:10:00+00:00,d3514e4d-1be0-5541-a80d-e9dbda89a014,0.0,7.588,,,7.734,,,0.032,35.0,,,0,[],1767316671.0,4
17120,2026-01-02 01:20:00+00:00,6f6f2a66-4b2d-5a4b-be7f-d030a8402a4f,0.0,7.888,,,8.049,,,0.026,35.0,,,0,[],1767317339.0,4
17123,2026-01-02 01:30:00+00:00,0dd69513-12cf-5cb3-8a7c-0eeb19820c3c,0.0,8.111,,,8.275,,,0.026,35.0,,,0,[],1767317820.0,4
17126,2026-01-02 01:40:00+00:00,3ed393f0-d61f-50f7-aa2a-4be89c0c1550,0.001,7.698,,,7.836,,,0.034,35.0,,,0,[],1767318539.0,4
17129,2026-01-02 01:50:00+00:00,ac89b6ad-e079-5751-8352-0cde32cab905,0.0,7.746,,,7.887,,,0.033,35.0,,,0,[],1767318922.0,4
17132,2026-01-02 02:00:00+00:00,dbf4805e-8254-5439-8496-c3f89731bfac,0.0,8.25,,,8.396,,,0.033,35.0,,,0,[],1767319615.0,4
17135,2026-01-02 02:10:00+00:00,fa144b05-5785-54ea-8f21-eaf7ba825ca7,0.0,6.022,,,6.176,,,0.032,35.0,,,0,[],1767320300.0,4
17138,2026-01-02 02:20:00+00:00,299253df-12b8-5d31-b0d8-9e8357fc6fae,0.001,6.296,,,6.433,,0.055,0.047,35.0,,,0,[],1767320882.0,4
17141,2026-01-02 02:30:00+00:00,a62a20a3-ad45-5b41-bde2-c3d61842fd8f,0.0,6.149,,,6.275,,0.054,0.043,35.0,,,0,[],1767321325.0,4
17144,2026-01-02 02:40:00+00:00,8e6d3597-aad5-5c40-9630-50eed392fb7e,0.001,5.948,,,6.098,,,0.035,35.0,,,0,[],1767322010.0,4
17147,2026-01-02 02:50:00+00:00,e408772f-1fb1-5d65-85cc-1da10eb0a9f7,0.001,6.174,,,6.331,,,0.027,35.0,,,0,[],1767322694.0,4
17150,2026-01-02 03:00:00+00:00,6984f1b7-cb25-5bb6-809d-768092237bf8,0.0,6.447,,,6.595,,0.053,0.044,35.0,,,0,[],1767323297.0,4
17153,2026-01-02 03:10:00+00:00,e82eb1d8-9dc0-581a-8de2-642b44ffd06d,0.0,5.838,,,5.983,,0.052,0.041,35.0,,,0,[],1767323722.0,4
17156,2026-01-02 03:20:00+00:00,6d173491-bd72-549e-b0a8-6abc4c7c557a,0.0,5.943,,,6.089,,,0.036,35.0,,,0,[],1767324406.0,4
17159,2026-01-02 03:30:00+00:00,e30a3f08-1613-5b70-ba85-93495874c005,0.0,5.961,,,6.104,,,0.035,35.0,,,0,[],1767325091.0,4
17162,2026-01-02 03:40:00+00:00,55b5e34f-02cb-5295-afa0-9f7bfefd0767,0.0,6.143,,,6.279,,,0.033,35.0,,,0,[],1767325657.0,4
17165,2026-01-02 03:50:00+00:00,e0d40726-183a-5172-8476-40b736e00173,0.0,5.681,,,5.807,,0.051,0.048,35.0,,,0,[],1767326117.0,4
17168,2026-01-02 04:00:00+00:00,64ea3dbf-9b3f-53ac-bced-bc5940b15fd1,0.0,5.807,,,5.948,,,0.048,35.0,,,0,[],1767326801.0,4
17171,2026-01-02 04:10:00+00:00,4ad4fcc4-e47c-57c1-a460-8ba5c35100a8,0.0,6.078,,,6.22,,0.052,0.048,35.0,,,0,[],1767327486.0,4
17174,2026-01-02 04:20:00+00:00,8dadeed0-ae3e-545f-a8c7-7c00d7f1771f,0.001,5.624,,,5.778,,,0.035,35.0,,,0,[],1767328017.0,4
17177,2026-01-02 04:30:00+00:00,65e6a9f2-c894-56a3-82be-1f87cbe883ad,0.001,5.724,,,5.86,,,0.037,35.0,,,0,[],1767328691.0,4
17180,2026-01-02 04:40:00+00:00,94336fbe-0ae2-546a-b75c-048ca32afed4,0.0,5.625,,,5.771,,,0.041,35.0,,,0,[],1767329196.0,4
17183,2026-01-02 04:50:00+00:00,6b4e55ec-046b-58e6-9e09-8b04bb9ad521,0.002,5.38,,,5.532,,,0.038,35.0,,,0,[],1767329738.0,4
17186,2026-01-02 05:00:00+00:00,b5ef8fd2-d260-5e36-ba29-b361b50eff49,0.002,6.476,,,6.618,,,0.037,35.0,,,0,[],1767330431.0,4
17189,2026-01-02 05:10:00+00:00,a22dbab4-76c8-5fc4-ad5d-6a26ca0a8f45,0.0,6.338,,,6.492,,,0.031,35.0,,,0,[],1767331115.0,4
17192,2026-01-02 05:20:00+00:00,120d0c4e-9bae-50e1-a5de-90212a0a64b0,0.0,6.623,,,6.781,,,0.025,35.0,,,0,[],1767331725.0,4
17195,2026-01-02 05:30:00+00:00,42af3dd5-eeee-504d-982a-f60a8addbc01,0.004,8.121,,,8.255,,0.051,0.039,35.0,,,0,[],1767332142.0,4
17198,2026-01-02 05:40:00+00:00,2ae73ef5-1453-5ebd-a689-ade535a19dea,0.01,6.648,,,6.796,,,0.033,35.0,,,0,[],1767332826.0,4
17201,2026-01-02 05:50:00+00:00,3169ec3b-2ca6-5ec8-be49-d172cc822bc9,0.022,6.418,,,6.543,,,0.026,35.0,,,0,[],1767333510.0,4
17204,2026-01-02 06:00:00+00:00,78a26e17-be2e-5138-923d-26a664cf4414,0.061,5.984,,,6.093,,0.054,0.05,35.0,,,0,[],1767334107.0,4
17207,2026-01-02 06:10:00+00:00,e08b9682-bbc7-512a-a632-77cf02338c20,0.127,6.012,,,6.034,,0.07,0.061,35.0,,,0,[],1767334536.0,4
17210,2026-01-02 06:20:00+00:00,ce521681-bfa4-5b40-81ba-e8f4d13ce964,0.221,6.071,,,6.007,,0.083,0.063,35.0,,,0,[],1767335221.0,4
17213,2026-01-02 06:30:00+00:00,ffa10e5b-a241-5414-9539-b2857105b1f7,0.838,7.132,,,6.455,,0.086,0.08,35.0,,,0,[],1767335906.0,4
17216,2026-01-02 06:40:00+00:00,18dd3754-c52e-5958-acf6-3f65290c8354,1.015,7.182,,,6.32,,0.106,0.095,35.0,,,0,[],1767336469.0,4
17219,2026-01-02 06:50:00+00:00,8472f2ff-2ad4-5d34-a36e-fd1f2adaf22b,1.93,6.932,,,5.137,,0.107,0.1,35.0,,,0,[],1767336932.0,4
17221,2026-01-02 07:00:00+00:00,961ab781-fc09-5791-94b3-16bf1758c656,1.889,6.489,,,4.73,,0.1,0.106,35.0,,,0,[],1767337616.0,4
17223,2026-01-02 07:10:00+00:00,68ab1dd3-ad6f-5fca-bd37-8b0c1e2831e5,3.173,7.19,,,4.184,,0.108,0.107,35.0,,,0,[],1767338302.0,4
17225,2026-01-02 07:20:00+00:00,55b0b05b-302a-507c-b696-4007bdcec602,3.912,7.291,,,3.527,,0.097,0.101,35.0,,,0,[],1767338830.0,4
17227,2026-01-02 07:30:00+00:00,ab0a6f65-1fbd-5b86-ad3a-6e20740917ed,5.891,9.033,,,3.321,,0.087,0.095,35.0,,,0,[],1767339505.0,4
17229,2026-01-02 07:40:00+00:00,797896e0-0bb6-5807-81ca-e44d1fece48d,6.452,9.47,,,3.148,,0.082,0.093,35.0,,,0,[],1767340014.0,4
17231,2026-01-02 07:50:00+00:00,b12e2178-f640-5c19-be15-315b4e000dff,5.446,7.856,,,2.597,,0.113,0.106,35.0,,,0,[],1767340553.0,4
17233,2026-01-02 08:00:00+00:00,627bd1f0-82f0-5851-a069-b2c4256343cc,3.827,6.682,,,3.048,,0.136,0.131,35.0,,,0,[],1767341245.0,4
17235,2026-01-02 08:10:00+00:00,0b0a7382-86b8-5756-a951-d3e32716bef2,4.868,7.169,,,2.507,,0.131,0.104,35.0,,,0,[],1767341917.0,4
17237,2026-01-02 08:20:00+00:00,657d257f-e87e-5630-bbff-72513f11e7f0,7.194,8.285,,,1.235,,0.151,0.151,35.0,,,0,[],1767342272.0,4
17240,2026-01-02 08:30:00+00:00,8c326d5d-cf7b-58ca-b7f2-22c69795599b,11.053,11.72,,,0.882,,0.138,0.154,35.0,,,0,[],1767342956.0,4
17243,2026-01-02 08:40:00+00:00,a6a79a16-3e37-5259-9d3b-07b19f1bef6c,10.887,12.162,,,1.401,,0.12,0.115,35.0,,,0,[],1767343640.0,4
17246,2026-01-02 08:50:00+00:00,9f43c3b0-9ea1-5a18-b8ca-4c84c406ac72,6.587,8.276,,,1.885,,0.152,0.166,35.0,,,0,[],1767344319.0,4
17249,2026-01-02 09:00:00+00:00,128e2a21-ea9d-5421-a356-9bd6b1935e30,4.332,7.637,,,3.506,,0.15,0.133,35.0,,,0,[],1767344671.0,4
17252,2026-01-02 09:10:00+00:00,f001515b-f1c0-560a-835e-8e9db0386b09,7.943,9.514,,,1.733,,0.151,0.143,35.0,,,0,[],1767345355.0,4
17255,2026-01-02 09:20:00+00:00,7ba8ca80-31e3-5cad-b15b-3be4f4832d29,9.125,10.313,,,1.351,,0.112,0.126,35.0,,,0,[],1767346040.0,4
17258,2026-01-02 09:30:00+00:00,7c0d973c-6908-5163-8c97-72fab8e8f072,4.918,7.49,,,2.767,,0.138,0.144,35.0,,,0,[],1767346718.0,4
17261,2026-01-02 09:40:00+00:00,aa14ebd4-3724-5b52-9ccd-4493aec07ce3,4.964,7.482,,,2.677,,0.091,0.08,35.0,,,0,[],1767347309.0,4
17264,2026-01-02 09:50:00+00:00,d5be4a3e-e24f-5ec1-9820-3f431661d24e,3.64,7.199,,,3.698,,0.103,0.128,35.0,,,0,[],1767347751.0,4
17267,2026-01-02 10:00:00+00:00,b4ec7445-cf36-5024-94a4-a6e6b3ce137a,5.339,8.913,,,3.738,,0.123,0.119,35.0,,,0,[],1767348435.0,4
17270,2026-01-02 10:10:00+00:00,d630f459-57e2-5187-a928-3379ad2d7916,6.349,10.388,,,4.19,,0.11,0.11,35.0,,,0,[],1767349120.0,4
17275,2026-01-02 10:30:00+00:00,6b3079bb-c9e6-599d-891b-18f5e0f669e3,13.319,14.842,,,1.884,,0.137,0.173,35.0,,,0,[],1767350270.0,4
17278,2026-01-02 10:40:00+00:00,c0fe2b9a-4f63-55e8-aabf-13ef4a4c3f94,14.72,17.683,,,1.839,-0.577,,-0.558,35.0,,,0,[],1767350906.0,4
17281,2026-01-02 10:50:00+00:00,b9bed3b9-3281-5204-a1dc-b30f2c3f56f3,10.125,15.533,,,5.658,,,0.011,35.0,,,0,[],1767351363.0,4
17284,2026-01-02 11:00:00+00:00,54f1aba8-0e6d-5203-9b26-2eb5941cdb95,23.335,14.978,,,0.031,-8.36,0.737,-7.623,36.0,,,0,[],1767352051.0,4
17287,2026-01-02 11:10:00+00:00,93d97c61-6043-52dc-90e5-f793b3350a20,20.319,15.487,,,0.415,-6.131,0.953,-5.178,36.0,,,0,[],1767352718.0,4
17290,2026-01-02 11:20:00+00:00,ba08a943-0a85-51f3-9be6-420bb2380118,20.961,17.586,,,0.113,-4.148,,-4.148,37.0,,,0,[],1767353266.0,4
17293,2026-01-02 11:30:00+00:00,0193342a-1d8e-51b3-87e3-60990fc82f44,26.21,21.018,,,0.016,-4.621,,-4.621,37.0,,,0,[],1767353762.0,4
17296,2026-01-02 11:40:00+00:00,47d269a2-07c5-5b99-9767-05339de3acd7,9.425,18.909,,,0.049,,9.762,9.762,38.0,,,0,[],1767354447.0,4
17299,2026-01-02 11:50:00+00:00,312d0d52-dc4d-5ade-b5bd-92b31bc31c98,20.419,14.041,,,-0.027,-6.743,1.493,-5.25,37.0,,,0,[],1767355117.0,4
17302,2026-01-02 12:00:00+00:00,5ea1067b-5574-5ba1-b20f-b6d9a011fcad,12.424,10.354,,,0.021,-1.659,,-1.659,37.0,,,0,[],1767355627.0,4
17305,2026-01-02 12:10:00+00:00,cb295234-36cb-5d00-a3ca-350df526be21,10.799,14.057,,,0.126,,2.687,2.687,38.0,,,0,[],1767356301.0,4
17308,2026-01-02 12:20:00+00:00,9d0d2e0d-7be7-5726-bf5d-aae504530b46,20.898,12.823,,,-0.13,-6.947,,-6.947,38.5,,,0,[],1767356842.0,4
17311,2026-01-02 12:30:00+00:00,fc077ff3-7abf-501b-b505-379ac62f4b43,22.226,11.279,,,-0.125,-9.076,,-9.076,39.5,,,0,[],1767357516.0,4
17314,2026-01-02 12:40:00+00:00,3e0d83e0-283b-5900-bda2-4093adeff9c2,11.477,10.834,,,0.02,-0.341,,-0.341,40.0,,,0,[],1767357987.0,4
17317,2026-01-02 12:50:00+00:00,e70cb3e8-a91e-5a21-88f3-b57243c82f65,11.163,11.302,,,0.288,-0.89,0.861,-0.029,41.0,,,0,[],1767358661.0,4
17320,2026-01-02 13:00:00+00:00,231713b5-0f51-540c-b438-439623af6f8e,8.102,11.257,,,-0.055,,4.248,4.248,41.0,,,0,[],1767359237.0,4
17323,2026-01-02 13:10:00+00:00,9674dafc-11d0-5868-a28f-dc632917912a,19.454,7.861,,,0.01,-10.845,,-10.845,41.0,,,0,[],1767359921.0,4
17326,2026-01-02 13:20:00+00:00,3aeca8e1-d074-5a8f-80cd-a48eb50dd65f,14.697,8.737,,,0.021,-5.076,,-5.076,41.5,,,0,[],1767360379.0,4
17329,2026-01-02 13:30:00+00:00,b34a1121-2661-5b73-82d7-27924e09de5a,15.873,8.516,,,0.01,-6.465,,-6.465,42.0,,,0,[],1767361054.0,4
17332,2026-01-02 13:40:00+00:00,5a53d19f-f1b3-5f39-9b5a-71d6fe9d4faf,9.995,10.481,,,0.012,,0.779,0.779,42.0,,,0,[],1767361549.0,4
17335,2026-01-02 13:50:00+00:00,9ef65173-4c3b-50ef-b879-e6eed9562929,19.529,10.797,,,0.02,-8.476,,-8.476,42.0,,,0,[],1767362223.0,4
17338,2026-01-02 14:00:00+00:00,9347419a-2f6d-58da-8143-7233563b7baa,7.441,11.187,,,0.034,,4.126,4.126,42.0,,,0,[],1767362897.0,4
17341,2026-01-02 14:10:00+00:00,fa2f65ac-bb3a-5867-9a9b-741dff7b905a,11.55,7.729,,,0.012,-3.681,,-3.695,42.0,,,0,[],1767363449.0,4
17344,2026-01-02 14:20:00+00:00,3c37df4e-4bc2-5c44-b941-cfc4d6bdff12,8.907,10.8,,,0.317,-0.689,2.092,1.403,42.0,,,0,[],1767364120.0,4
17347,2026-01-02 14:30:00+00:00,0c16b7d7-fff8-5edd-b797-cc541a1e3cfa,6.597,7.032,,,0.017,,0.846,0.846,42.0,,,0,[],1767364584.0,4
17350,2026-01-02 14:40:00+00:00,f34b5325-cb85-5e06-bdd6-dfe0c746fa72,10.848,9.354,,,0.015,-1.181,,-1.181,41.0,,,0,[],1767365259.0,4
17353,2026-01-02 14:50:00+00:00,558e8321-541b-5d56-a527-cbf24bd05f3b,16.663,8.766,,,0.008,-7.051,,-7.051,42.0,,,0,[],1767365933.0,4
17356,2026-01-02 15:00:00+00:00,20b5a976-4f01-5d27-a6c4-56209d0d2d65,16.373,7.93,,,0.013,-7.932,,-7.932,43.0,,,0,[],1767366517.0,4
17359,2026-01-02 15:10:00+00:00,049eb21b-4673-5254-82e8-e1f42f82140f,14.873,9.911,,,0.015,-4.46,,-4.46,43.0,,,0,[],1767366945.0,4
17362,2026-01-02 15:20:00+00:00,ee2878c9-5cae-5667-935a-7e9893219c9e,12.171,9.28,,,0.008,-2.55,,-2.55,44.0,,,0,[],1767367621.0,4
17365,2026-01-02 15:30:00+00:00,f00e4b63-d9c2-55d2-8f12-91aae159d90d,10.898,7.362,,,0.051,-3.331,,-3.331,44.0,,,0,[],1767368295.0,4
17368,2026-01-02 15:40:00+00:00,e9b99846-d861-5186-9494-900417671d6e,9.819,7.574,,,0.169,-2.541,,-2.541,44.0,,,0,[],1767368921.0,4
17371,2026-01-02 15:50:00+00:00,f88aaca9-c370-5b88-b92a-a3f9d5cc82d7,8.892,5.941,,,0.013,-2.639,,-2.639,45.0,,,0,[],1767369307.0,4
17374,2026-01-02 16:00:00+00:00,7ec47535-18ea-5dae-8d8e-39a173a9fbf6,4.729,6.902,,,0.017,,2.429,2.429,45.0,,,0,[],1767369982.0,4
17377,2026-01-02 16:10:00+00:00,c0ca251c-5c7e-5d5c-bcbf-7c2ad66bdd5d,5.081,6.556,,,0.014,,2.184,2.184,44.0,,,0,[],1767370656.0,4
17380,2026-01-02 16:20:00+00:00,9111fe80-6d83-5531-b9b9-1b99c4e800a6,4.444,7.225,,,0.328,,2.427,2.427,44.0,,,0,[],1767371181.0,4
17383,2026-01-02 16:30:00+00:00,8a34277d-cf5b-549a-9b91-bde04f594ecb,3.55,8.368,,,0.008,,5.068,5.068,44.0,,,0,[],1767371856.0,4
17386,2026-01-02 16:40:00+00:00,fe9b35a6-8f48-5b7f-ada7-1396a8543a13,2.595,7.262,,,0.008,,4.949,4.949,43.0,,,0,[],1767372537.0,4
17389,2026-01-02 16:50:00+00:00,aa5c203f-eb8c-5f41-ac1c-589804f719ba,2.065,7.414,,,0.008,,5.576,5.576,42.5,,,0,[],1767373041.0,4
17392,2026-01-02 17:00:00+00:00,341dd34b-8e68-57e3-ac2a-e4d4c9a388e7,1.513,6.406,,,0.006,,5.307,5.307,41.5,,,0,[],1767373716.0,4
17395,2026-01-02 17:10:00+00:00,b41c7ffd-5788-57e2-965f-f4f07977edf3,1.149,7.831,,,0.107,,5.783,5.783,41.0,,,0,[],1767374252.0,4
17398,2026-01-02 17:20:00+00:00,6a97ee8f-071b-5959-a468-7b33dab63a26,0.44,7.245,,,0.012,,7.073,7.073,40.0,,,0,[],1767374936.0,4
17401,2026-01-02 17:30:00+00:00,5679b707-03a5-5ddb-90a8-3939f78305c1,0.174,7.58,,,0.016,,7.661,7.661,39.0,,,0,[],1767375402.0,4
17404,2026-01-02 17:40:00+00:00,7df7449f-2598-5ae0-adbd-0d194c169aaf,0.038,8.956,,,0.011,,9.232,9.232,38.0,,,0,[],1767376078.0,4
17407,2026-01-02 17:50:00+00:00,d12baaf5-b1e7-5dfa-95b8-3fa5b3e69e74,0.006,10.387,,,0.012,,10.665,10.665,36.5,,,0,[],1767376649.0,4
17410,2026-01-02 18:00:00+00:00,8d789bfe-9855-5aef-a4be-534d90db4187,0.009,4.44,,,4.602,,,0.03,35.0,,,0,[],1767377317.0,4
17413,2026-01-02 18:10:00+00:00,e0f27558-095a-5f80-83b8-b556ab13d2fe,0.001,4.396,,,4.531,,,0.049,35.0,,,0,[],1767377764.0,4
17418,2026-01-02 18:30:00+00:00,be76d4e8-91dd-5001-8a8e-c3635747e8e3,0.0,4.784,,,4.909,,0.056,0.054,35.0,,,0,[],1767379113.0,4
17421,2026-01-02 18:40:00+00:00,0c87a1c4-9084-5a74-b65f-f101dc91ddb8,0.0,3.943,,,4.09,,,0.031,35.0,,,0,[],1767379729.0,4
17424,2026-01-02 18:50:00+00:00,3ce81969-c836-5041-b5b9-1a6d5671fd91,0.0,4.886,,,5.007,,,0.04,35.0,,,0,[],1767380125.0,4
17427,2026-01-02 19:00:00+00:00,ce8bf6e4-a7f9-5f0e-8506-72a2cada533a,0.001,7.673,,,7.816,,,0.036,35.0,,,0,[],1767380799.0,4
17430,2026-01-02 19:10:00+00:00,33694932-e659-537a-8abe-418836dc07ea,0.001,7.977,,,8.104,,,0.041,35.0,,,0,[],1767381474.0,4
17433,2026-01-02 19:20:00+00:00,5736b2d8-2b55-5d1e-b2ae-904a676998c0,0.0,7.085,,,7.208,,,0.046,35.0,,,0,[],1767381996.0,4
17436,2026-01-02 19:30:00+00:00,ae6c9aa7-85bf-5089-b024-134254a3526a,0.0,7.642,,,7.766,,,0.048,35.0,,,0,[],1767382671.0,4
17439,2026-01-02 19:40:00+00:00,c5b1d301-07c4-5c85-aeb3-98c9262f0d89,0.001,6.801,,,6.933,,,0.035,35.0,,,0,[],1767383338.0,4
17442,2026-01-02 19:50:00+00:00,cc8e6412-34ad-549e-b942-cca462f79f7f,0.001,6.079,,,6.213,,,0.034,35.0,,,0,[],1767383858.0,4
17445,2026-01-02 20:00:00+00:00,27ca0237-9e2d-55ac-91f9-cb602d0f40d8,0.001,4.773,,,4.889,,,0.047,35.0,,,0,[],1767384532.0,4
17448,2026-01-02 20:10:00+00:00,45db3423-1ac2-568c-9f52-2311805867fc,0.001,5.752,,,5.874,,,0.044,35.0,,,0,[],1767385065.0,4
17451,2026-01-02 20:20:00+00:00,80f7cbd1-526a-5936-9187-8902dde320de,0.001,6.147,,,6.275,,,0.039,35.0,,,0,[],1767385736.0,4
17454,2026-01-02 20:30:00+00:00,7c8e81ba-d83f-5180-b664-4a7bc15eeb28,0.001,5.929,,,6.046,,0.051,0.053,35.0,,,0,[],1767386219.0,4
17457,2026-01-02 20:40:00+00:00,13e234f4-a0ff-5fe4-a2df-1e3068263d09,0.0,5.425,,,5.558,,,0.041,35.0,,,0,[],1767386894.0,4
17460,2026-01-02 20:50:00+00:00,a735c78b-497d-594a-8208-bfb50665eba2,0.0,7.935,,,8.069,,,0.038,35.0,,,0,[],1767387460.0,4
17463,2026-01-02 21:00:00+00:00,f51c365b-3767-5e57-8b00-477fc4144fb0,0.001,8.103,,,8.228,,,0.041,35.0,,,0,[],1767388130.0,4
17466,2026-01-02 21:10:00+00:00,effa7940-3975-5f0f-a19a-015e0513aa84,0.001,8.218,,,8.354,,,0.034,35.0,,,0,[],1767388579.0,4
17469,2026-01-02 21:20:00+00:00,703be4a5-c402-5579-a45a-3ab46f36723c,0.002,9.883,,,10.011,,,0.05,35.0,,,0,[],1767389254.0,4
17472,2026-01-02 21:30:00+00:00,491cedbb-880a-5ad7-8642-5a0b22fbbdd2,0.001,8.081,,,8.202,,,0.043,35.0,,,0,[],1767389928.0,4
17475,2026-01-02 21:40:00+00:00,f3670dc0-a0d0-5aff-9631-eb26c2ce3cb9,0.002,9.549,,,9.676,,,0.042,35.0,,,0,[],1767390538.0,4
17478,2026-01-02 21:50:00+00:00,34f19426-c6bc-5a67-8821-d4adf82b1300,0.001,9.32,,,9.445,,,0.045,35.0,,,0,[],1767390940.0,4
17481,2026-01-02 22:00:00+00:00,78758c23-cd9e-58c3-a39b-f31d2613da48,0.002,10.248,,,10.375,,,0.055,35.0,,,0,[],1767391614.0,4
17484,2026-01-02 22:10:00+00:00,ed6e580a-be4d-5e10-863f-eeee993934d8,0.002,11.076,,,11.205,,,0.05,35.0,,,0,[],1767392289.0,4
17487,2026-01-02 22:20:00+00:00,3dfd110a-8b54-5975-bdb7-24fbfa27e9b9,0.002,11.437,,,11.56,,,0.053,35.0,,,0,[],1767392922.0,4
17490,2026-01-02 22:30:00+00:00,9cb1a328-1e9b-5b40-9f0f-04894c7feda8,0.002,10.738,,,10.854,,,0.048,35.0,,,0,[],1767393483.0,4
17493,2026-01-02 22:40:00+00:00,f8829392-f55b-54ca-8e11-ecee7bdecb80,0.003,10.255,,,10.376,,,0.044,35.0,,,0,[],1767393940.0,4
17496,2026-01-02 22:50:00+00:00,8ff8bd09-4af0-53f0-9f39-85f6b44299a7,0.002,9.429,,,9.539,,,0.049,35.0,,,0,[],1767394615.0,4
17499,2026-01-02 23:00:00+00:00,0d804ab4-fd74-5a4d-a1b5-7d79771aa3e7,0.002,9.356,,,9.479,,,0.04,35.0,,,0,[],1767395290.0,4
17502,2026-01-02 23:10:00+00:00,1a7aa109-f654-5bac-8c55-657f05477d0f,0.002,10.422,,,10.537,,0.058,0.055,35.0,,,0,[],1767395964.0,4
17505,2026-01-02 23:20:00+00:00,97342cac-4140-51e4-9027-fef4b5079157,0.003,10.511,,,10.629,,0.056,0.059,35.0,,,0,[],1767396301.0,4
17507,2026-01-02 23:30:00+00:00,e9471700-0d50-5500-92a4-d5a2716b1caf,0.001,9.392,,,9.508,,0.059,0.06,35.0,,,0,[],1767396975.0,4
17510,2026-01-02 23:40:00+00:00,0a017ecf-9207-5e02-8dae-9d8c7df033f5,0.003,9.907,,,10.029,,0.055,0.056,35.0,,,0,[],1767397650.0,4
17513,2026-01-02 23:50:00+00:00,7483ad00-d437-507f-a8d8-0b34720759fd,0.003,9.897,,,10.0,,0.056,0.057,35.0,,,0,[],1767398324.0,4
17516,2026-01-03 00:00:00+00:00,60fefc28-8598-509e-b56d-950e1f7193a6,0.003,7.797,,,7.9,,,0.058,35.0,,,0,[],1767398938.0,4
17519,2026-01-03 00:10:00+00:00,120a3623-8881-5558-a67b-0a9ffb80acc1,0.004,7.545,,,7.692,,0.059,0.064,35.0,,,0,[],1767399337.0,4
17522,2026-01-03 00:20:00+00:00,ccba77ca-9625-5028-bfd5-3c689b8f81bb,0.003,7.668,,,7.787,,,0.054,35.0,,,0,[],1767400011.0,4
17525,2026-01-03 00:30:00+00:00,5c45cec5-472f-59ca-88af-38baf801c4fa,0.002,7.785,,,7.894,,0.054,0.067,35.0,,,0,[],1767400686.0,4
17528,2026-01-03 00:40:00+00:00,f470881a-f559-558f-b7cc-fe1c5fc1a0af,0.002,7.769,,,7.903,,,0.057,35.0,,,0,[],1767401023.0,4
17531,2026-01-03 00:50:00+00:00,08843e44-0f9a-5deb-a6b2-810859b72094,0.002,7.362,,,7.478,,0.052,0.058,35.0,,,0,[],1767401699.0,4
17534,2026-01-03 01:00:00+00:00,f30f0978-7f8f-5af4-969b-23d86cdea10f,0.002,7.748,,,7.859,,0.054,0.058,35.0,,,0,[],1767402383.0,4
17537,2026-01-03 01:10:00+00:00,208cb0ea-a2d2-5730-91ff-e68046027c39,0.002,7.5,,,7.612,,,0.056,35.0,,,0,[],1767403068.0,4
17540,2026-01-03 01:20:00+00:00,b542ece8-cd18-50d7-9186-521f4f61373e,0.001,7.227,,,7.341,,0.051,0.051,35.0,,,0,[],1767403728.0,4
17543,2026-01-03 01:30:00+00:00,64ca9b7a-5495-574c-a53d-560cb0769a41,0.002,7.186,,,7.307,,,0.043,35.0,,,0,[],1767404070.0,4
17546,2026-01-03 01:40:00+00:00,41feacca-1aeb-5b8f-bcf8-a5bcdcea1223,0.002,7.22,,,7.336,,0.051,0.052,35.0,,,0,[],1767404745.0,4
17549,2026-01-03 01:50:00+00:00,9228eab6-38d8-5e2c-802e-0988d51001df,0.001,7.136,,,7.249,,0.055,0.058,35.0,,,0,[],1767405419.0,4
17552,2026-01-03 02:00:00+00:00,5d8f952f-99a5-5b7a-88fb-1eeec3c886f1,0.002,6.914,,,7.038,,,0.047,35.0,,,0,[],1767406093.0,4
17555,2026-01-03 02:10:00+00:00,d74d3149-4b09-569b-a24d-ebb5b788ab22,0.001,7.541,,,7.652,,0.051,0.055,35.0,,,0,[],1767406431.0,4
17558,2026-01-03 02:20:00+00:00,816e32e2-a1f7-52a2-b83b-aaecc8dcde2c,0.002,6.797,,,6.919,,,0.049,35.0,,,0,[],1767407112.0,4
17561,2026-01-03 02:30:00+00:00,0c9a6f23-ffab-59cf-a24f-fdc50e51cbf5,0.001,6.825,,,6.961,,,0.034,35.0,,,0,[],1767407797.0,4
17564,2026-01-03 02:40:00+00:00,19ee6b5e-496a-54f6-a33c-1e7954c54c0e,0.001,6.916,,,7.027,,,0.036,35.0,,,0,[],1767408482.0,4
17567,2026-01-03 02:50:00+00:00,e83a833b-ede4-5595-b42b-2dcff0491a56,0.001,8.383,,,8.527,,,0.046,35.0,,,0,[],1767408826.0,4
17570,2026-01-03 03:00:00+00:00,a4d38731-1938-548f-bc73-ecfde7221a4d,0.001,8.715,,,8.86,,,0.042,35.0,,,0,[],1767409511.0,4
17573,2026-01-03 03:10:00+00:00,3e7330ae-8715-52b8-9ae2-56b5a2799550,0.001,9.46,,,9.596,,,0.047,35.0,,,0,[],1767410194.0,4
17576,2026-01-03 03:20:00+00:00,22bd8c3f-a5aa-5d37-ad4b-05f35a5bbea6,0.001,9.922,,,10.057,,,0.046,35.0,,,0,[],1767410880.0,4
17579,2026-01-03 03:30:00+00:00,3a115e71-bf86-5cad-a201-11937002d445,0.0,9.364,,,9.49,,,0.059,35.0,,,0,[],1767411491.0,4
17582,2026-01-03 03:40:00+00:00,d37514b9-3227-5995-9f09-1f0a4adb8521,0.0,9.396,,,9.517,,,0.051,35.0,,,0,[],1767411906.0,4
17585,2026-01-03 03:50:00+00:00,6da3263f-ab99-57ee-82d2-35b40b79d60f,0.0,8.55,,,8.692,,,0.036,35.0,,,0,[],1767412591.0,4
17588,2026-01-03 04:00:00+00:00,70b4623e-f5f7-5d1e-a4a2-252a972bc6b3,0.0,8.08,,,8.205,,,0.037,35.0,,,0,[],1767413275.0,4
17591,2026-01-03 04:10:00+00:00,95271b33-7b7c-5679-b3de-5786c1174b2a,0.0,7.707,,,7.835,,,0.04,35.0,,,0,[],1767413850.0,4
17594,2026-01-03 04:20:00+00:00,9aeb7181-09be-51b2-abf2-46318a950d4b,0.0,7.48,,,7.617,,,0.038,35.0,,,0,[],1767414439.0,4
17597,2026-01-03 04:30:00+00:00,2c00f5c3-34b7-5f28-8a37-f7a56a4dd9bb,0.0,6.643,,,6.786,,,0.03,35.0,,,0,[],1767415113.0,4
17600,2026-01-03 04:40:00+00:00,2e855304-5ad2-5e55-b24c-245790a1aa65,0.0,6.993,,,7.126,,,0.028,35.0,,,0,[],1767415632.0,4
17603,2026-01-03 04:50:00+00:00,20a9e4a0-efc7-5f9e-9a06-ceb972ae4829,0.0,7.709,,,7.838,,,0.041,35.0,,,0,[],1767416307.0,4
17606,2026-01-03 05:00:00+00:00,1432e6c2-3dea-50fe-826d-0fc50c226e52,0.0,7.531,,,7.667,,,0.051,35.0,,,0,[],1767416824.0,4
17609,2026-01-03 05:10:00+00:00,f2b32635-ad2d-5d24-a824-9ce384ab3d04,0.0,7.893,,,8.025,,,0.045,35.0,,,0,[],1767417511.0,4
17612,2026-01-03 05:20:00+00:00,2ad4ce11-cae8-5977-9832-77af2faceaec,0.009,8.303,,,8.433,,,0.039,35.0,,,0,[],1767417993.0,4
17615,2026-01-03 05:30:00+00:00,cd8099ab-106a-574b-bdb8-a986e5142a34,0.006,8.521,,,8.659,,,0.033,35.0,,,0,[],1767418666.0,4
17618,2026-01-03 05:40:00+00:00,7c616a62-186d-540b-a60d-9363bdcaf7c5,0.021,7.771,,,7.89,,,0.04,35.0,,,0,[],1767419222.0,4
17621,2026-01-03 05:50:00+00:00,fa111db4-b0f7-585d-a20b-ee5d7ef696bb,0.069,8.395,,,8.465,,0.055,0.045,35.0,,,0,[],1767419905.0,4
17624,2026-01-03 06:00:00+00:00,d8f2d97f-df9b-5f3f-bac9-dcb71c3f6b22,0.167,8.673,,,8.673,,0.07,0.048,35.0,,,0,[],1767420352.0,4
17627,2026-01-03 06:10:00+00:00,6272b831-83a5-53eb-93f3-78596825b4f3,0.529,7.841,,,7.476,,0.065,0.056,35.0,,,0,[],1767421026.0,4
17630,2026-01-03 06:20:00+00:00,2120d89a-7f2d-53ad-a16c-85264f6237b8,0.769,7.622,,,7.026,,0.084,0.064,35.0,,,0,[],1767421701.0,4
17633,2026-01-03 06:30:00+00:00,eba3ad2c-16d1-58b6-9769-2e4ead44b65d,1.219,6.68,,,5.648,,0.083,0.056,35.0,,,0,[],1767422302.0,4
17636,2026-01-03 06:40:00+00:00,360921c1-0e49-5be2-ab23-2996dffd0d92,1.49,7.811,,,6.466,,0.093,0.081,35.0,,,0,[],1767422712.0,4
17639,2026-01-03 06:50:00+00:00,9fa38dbb-cecf-52a0-91fb-537a256c6d0f,2.867,6.777,,,4.041,,0.113,0.1,35.0,,,0,[],1767423387.0,4
17642,2026-01-03 07:00:00+00:00,d4e98be6-3d30-5752-a3c5-0de4fbeddc53,4.189,7.349,,,3.335,,0.087,0.084,35.0,,,0,[],1767424061.0,4
17645,2026-01-03 07:10:00+00:00,73ed6fa8-8204-5e3c-a751-71652f6db15f,4.18,8.239,,,4.221,,0.093,0.097,35.0,,,0,[],1767424735.0,4
17648,2026-01-03 07:20:00+00:00,92897841-1f9b-5966-b7fd-dbfccfb8c575,4.79,8.909,,,4.279,,0.082,0.081,35.0,,,0,[],1767425252.0,4
17651,2026-01-03 07:30:00+00:00,ed73154e-6373-57ea-a902-a46fdae69993,3.997,8.266,,,4.424,,0.095,0.092,35.0,,,0,[],1767425917.0,4
17654,2026-01-03 07:40:00+00:00,b2e2034e-c68b-5b09-8c51-b1209e2a0f7d,4.305,9.657,,,5.52,,0.095,0.093,35.0,,,0,[],1767426445.0,4
17657,2026-01-03 07:50:00+00:00,7a3e3348-236c-5930-9325-f414b4f14188,6.04,10.176,,,4.258,,0.087,0.092,35.0,,,0,[],1767426954.0,4
17660,2026-01-03 08:00:00+00:00,e9d41302-d712-533a-9611-1b383fd3c889,6.193,9.974,,,3.918,,0.072,0.078,35.0,,,0,[],1767427638.0,4
17663,2026-01-03 08:10:00+00:00,749d9007-13a1-5a38-a4da-16e8e4672f3a,12.028,12.578,,,0.798,,0.09,0.086,35.0,,,0,[],1767428319.0,4
17666,2026-01-03 08:20:00+00:00,1ce82113-e647-5e62-8a36-36b545115de1,10.432,11.191,,,1.324,-0.192,,-0.174,35.0,,,0,[],1767428805.0,4
17669,2026-01-03 08:30:00+00:00,475a0024-bf18-5c2f-b677-a4fa5589dbc9,12.72,11.672,,,0.233,-1.051,0.088,-0.963,35.0,,,0,[],1767429479.0,4
17672,2026-01-03 08:40:00+00:00,57f832bf-7424-5c80-bd8c-b8174a716357,13.244,12.775,,,-0.101,,0.095,0.115,35.0,,,0,[],1767430034.0,4
17675,2026-01-03 08:50:00+00:00,2ea5d54f-be9b-5c59-898b-728310be1ed1,14.815,14.124,,,-0.002,-0.362,,-0.384,35.0,,,0,[],1767430716.0,4
17678,2026-01-03 09:00:00+00:00,2eb287cd-6078-5083-8539-5a0ff39c2df6,15.333,13.742,,,-0.217,-1.1,,-1.1,35.0,,,0,[],1767431165.0,4
17681,2026-01-03 09:10:00+00:00,71cd10ee-fc7d-5d27-a6bd-f7798fe4d364,14.19,15.502,,,1.519,-1.0,3.441,2.441,35.5,,,0,[],1767431840.0,4
17684,2026-01-03 09:20:00+00:00,83b32d45-3088-5824-93c1-2c980df4c619,16.676,12.208,,,-0.071,-4.445,,-4.445,36.0,,,0,[],1767432514.0,4
17687,2026-01-03 09:30:00+00:00,db5aa786-f8ae-56a3-ba53-30751802ed2c,18.407,12.025,,,0.006,-5.227,,-5.227,36.0,,,0,[],1767433114.0,4
17690,2026-01-03 09:40:00+00:00,56b0d051-d045-5c7f-b9bb-438f1bd1c841,18.669,18.665,,,0.308,-0.27,0.125,-0.145,36.0,,,0,[],1767433526.0,4
17693,2026-01-03 09:50:00+00:00,a7bebc30-02b9-524b-9fdb-0cb0532175a2,19.067,12.67,,,0.01,-5.903,,-5.903,37.0,,,0,[],1767434201.0,4
17696,2026-01-03 10:00:00+00:00,dd11cec1-f123-5047-b125-3c4c7bef2f63,15.867,10.59,,,0.016,-4.987,,-4.987,38.0,,,0,[],1767434875.0,4
17699,2026-01-03 10:10:00+00:00,5835c7e0-a5d8-5ef9-8ffc-907893760d76,21.454,11.628,,,0.014,-9.314,,-9.314,38.5,,,0,[],1767435517.0,4
17702,2026-01-03 10:20:00+00:00,b356d227-d3b3-5804-b874-f884a14402a0,13.797,10.891,,,0.007,-3.486,0.919,-2.567,40.0,,,0,[],1767436067.0,4
17705,2026-01-03 10:30:00+00:00,d6f173c5-d07d-5c6f-b4bb-f0c41096e2fc,8.314,13.996,,,-0.121,,6.487,6.487,39.5,,,0,[],1767436585.0,4
17708,2026-01-03 10:40:00+00:00,f70d84bb-197a-5d26-9f19-e2198eb55b23,13.859,9.56,,,0.012,-5.024,1.101,-3.923,39.0,,,0,[],1767437260.0,4
17711,2026-01-03 10:50:00+00:00,0bb328c3-05f1-506e-8226-2cfac21e7d1a,10.129,10.298,,,0.008,-0.291,0.769,0.478,40.0,,,0,[],1767437934.0,4
17714,2026-01-03 11:00:00+00:00,77234042-9b8b-578f-aed4-0bda30b1dfae,24.447,14.423,,,0.182,-10.007,,-10.007,41.5,,,0,[],1767438453.0,4
17717,2026-01-03 11:10:00+00:00,8461b2fd-d75e-5363-a8f6-6fddecefe2d2,24.862,12.477,,,0.013,-11.793,,-11.793,43.0,,,0,[],1767439137.0,4
17720,2026-01-03 11:20:00+00:00,9a1e9030-5957-5130-9921-8697a06df08b,25.131,11.764,,,0.009,-12.763,,-12.763,44.5,,,0,[],1767439620.0,4
17723,2026-01-03 11:30:00+00:00,af156b86-3523-59c8-8ed8-ee8c4c80e492,24.636,7.942,,,-0.035,-15.539,,-15.539,46.5,,,0,[],1767440294.0,4
17726,2026-01-03 11:40:00+00:00,9bb7c4c1-466e-5cbb-8e0a-ef3bd637b3bb,24.456,7.474,,,0.018,-16.229,,-16.229,48.0,,,0,[],1767440848.0,4
17729,2026-01-03 11:50:00+00:00,b0b6b227-1d7e-5a4a-ac32-d278f719fd5f,23.683,8.731,,,0.009,-14.176,,-14.176,50.0,,,0,[],1767441518.0,4
17732,2026-01-03 12:00:00+00:00,fac5611e-79d4-5787-aa58-17ecf579e617,23.947,8.468,,,0.003,-14.939,,-14.939,52.0,,,0,[],1767441980.0,4
17735,2026-01-03 12:10:00+00:00,46b66c2c-fd25-59c7-8208-762c721b5989,23.674,9.333,,,0.016,-13.667,,-13.667,54.0,,,0,[],1767442654.0,4
17738,2026-01-03 12:20:00+00:00,81379b0a-57da-5d68-a6fe-c9620b3cba2d,24.125,9.303,,,0.042,-14.231,,-14.231,55.5,,,0,[],1767443242.0,4
17741,2026-01-03 12:30:00+00:00,16a1114a-a798-5028-bbec-1340af08b5d4,23.889,10.551,,,0.016,-12.807,,-12.807,57.5,,,0,[],1767443917.0,4
17744,2026-01-03 12:40:00+00:00,f2ef230b-4e3c-5938-8e15-943a87b37387,22.948,10.365,,,0.012,-12.031,,-12.031,58.5,,,0,[],1767444340.0,4
17747,2026-01-03 12:50:00+00:00,6582159a-ed76-5376-862b-0cb41e45149c,22.775,10.135,,,-0.044,-12.087,,-12.087,60.5,,,0,[],1767445014.0,4
17750,2026-01-03 13:00:00+00:00,4f255a8b-aead-5230-a068-5e07dd8e704d,23.018,10.681,,,0.012,-11.141,,-11.141,62.0,,,0,[],1767445688.0,4
17753,2026-01-03 13:10:00+00:00,45a28481-89f1-5dc7-ba5e-215acce8ee74,22.447,12.61,,,0.015,-9.277,,-9.277,63.0,,,0,[],1767446318.0,4
17756,2026-01-03 13:20:00+00:00,b8142a14-cacd-526e-8d22-1a9946a7705c,22.072,14.21,,,0.017,-7.36,,-7.36,64.0,,,0,[],1767446890.0,4
17759,2026-01-03 13:30:00+00:00,b4c54732-a2ca-58f1-b2f1-a5893c8c1ccf,21.196,16.447,,,0.011,-4.281,,-4.281,65.0,,,0,[],1767447398.0,4
17762,2026-01-03 13:40:00+00:00,25aa1ed2-6f97-548b-a522-0ac471cfb641,19.954,16.184,,,0.117,-4.214,,-4.214,65.5,,,0,[],1767448072.0,4
17765,2026-01-03 13:50:00+00:00,4978f29a-d503-5a3b-a2fa-a51f4bd287b9,19.034,15.603,,,0.006,-3.013,,-3.013,66.0,,,0,[],1767448591.0,4
17768,2026-01-03 14:00:00+00:00,ed712c1b-133c-5e17-bc9b-2bb7155d961c,18.854,15.108,,,0.005,-3.297,,-3.297,66.0,,,0,[],1767449276.0,4
17771,2026-01-03 14:10:00+00:00,e558a17a-1fc9-5b40-b420-69d8467bf414,18.179,15.642,,,0.011,-2.403,,-2.403,67.0,,,0,[],1767449758.0,4
17774,2026-01-03 14:20:00+00:00,635ed4b4-f6bd-50a3-ae28-7070404ea101,16.847,16.415,,,0.011,-0.623,0.545,-0.078,67.0,,,0,[],1767450433.0,4
17777,2026-01-03 14:30:00+00:00,d9b96b13-5f6f-52b1-85b5-4a96029d79c2,15.998,14.968,,,0.024,-0.572,,-0.572,67.0,,,0,[],1767451107.0,4
17780,2026-01-03 14:40:00+00:00,54701195-0123-5aea-80ea-122da20c9d09,15.423,14.637,,,0.015,-0.452,,-0.42,67.0,,,0,[],1767451671.0,4
17783,2026-01-03 14:50:00+00:00,debee690-c9db-5df1-8ab4-8223da7d02b6,15.337,13.771,,,0.018,-1.121,,-1.121,67.0,,,0,[],1767452119.0,4
17786,2026-01-03 15:00:00+00:00,bad85527-231c-52cf-b360-40cb6dc664aa,13.53,13.458,,,0.003,,0.604,0.604,67.0,,,0,[],1767452794.0,4
17789,2026-01-03 15:10:00+00:00,c8268053-7d95-57cf-8bdd-ea5c745fdb85,12.533,13.735,,,-0.02,,0.956,0.956,67.0,,,0,[],1767453468.0,4
17792,2026-01-03 15:20:00+00:00,ce33b3b6-c191-5417-a331-af009a0a52d7,9.787,15.982,,,0.016,,6.509,6.509,66.5,,,0,[],1767454066.0,4
17795,2026-01-03 15:30:00+00:00,1150c92f-f21f-5edd-ab1f-d2d25dffe784,10.484,16.666,,,0.012,,6.591,6.591,66.0,,,0,[],1767454737.0,4
17798,2026-01-03 15:40:00+00:00,40b9c585-e13f-5f66-8ef4-8bb8785b5b02,9.093,14.805,,,0.01,,6.113,6.113,65.0,,,0,[],1767455154.0,4
17801,2026-01-03 15:50:00+00:00,26988cd2-6414-527a-b1a2-dd0476e74fdd,7.496,14.365,,,0.011,,7.161,7.161,64.0,,,0,[],1767455829.0,4
17804,2026-01-03 16:00:00+00:00,c53e7ba9-0509-5c1d-aff7-f083178e0919,5.643,18.208,,,0.009,,13.011,13.011,62.0,,,0,[],1767456503.0,4
17807,2026-01-03 16:10:00+00:00,0484e5d7-0f25-5715-8077-05f7f7398a15,4.761,16.343,,,-0.041,,11.936,11.936,61.0,,,0,[],1767456840.0,4
17810,2026-01-03 16:20:00+00:00,14d51113-5929-5340-8c51-0e05300fa51a,3.637,13.759,,,0.01,,10.468,10.468,59.5,,,0,[],1767457691.0,4
17813,2026-01-03 16:30:00+00:00,059a2a46-dd58-57f5-857c-b30ab29e3523,2.779,17.518,,,0.011,,15.218,15.218,58.5,,,0,[],1767458213.0,4
17816,2026-01-03 16:40:00+00:00,c6ad8979-3330-5561-a290-14ca6584e2e1,2.25,19.856,,,0.008,,18.275,18.275,55.5,,,0,[],1767458887.0,4
17819,2026-01-03 16:50:00+00:00,c888d8ef-a3d4-5a96-90ad-91d67da6bddd,1.729,19.141,,,0.111,,15.074,15.074,53.5,,,0,[],1767459397.0,4
17822,2026-01-03 17:00:00+00:00,27062ecc-5372-58c5-b005-72cdf82dde6c,1.323,15.965,,,0.01,,15.136,15.136,51.0,,,0,[],1767460082.0,4
17825,2026-01-03 17:10:00+00:00,7a76d256-91e6-5243-97cb-3c0dba36e944,1.095,15.205,,,0.01,,14.696,14.696,50.0,,,0,[],1767460574.0,4
17828,2026-01-03 17:20:00+00:00,2d481119-de05-5fe8-a3ce-b312020267a9,0.583,16.602,,,0.014,,16.547,16.547,47.0,,,0,[],1767461249.0,4
17831,2026-01-03 17:30:00+00:00,66e1eacd-c3c1-532e-8bb1-bd11342097db,0.281,18.381,,,0.007,,18.671,18.671,45.0,,,0,[],1767461793.0,4
17834,2026-01-03 17:40:00+00:00,73a1c726-e99e-5ada-ae00-3a6572729f39,0.063,15.153,,,0.007,,15.554,15.554,42.0,,,0,[],1767462477.0,4
17837,2026-01-03 17:50:00+00:00,5d8c7681-aeeb-5c55-ba93-538f81c6ad4a,0.023,12.978,,,0.012,,13.703,13.703,40.5,,,0,[],1767462935.0,4
17840,2026-01-03 18:00:00+00:00,ea69f4a0-157f-55e1-a0a7-7f8baf044a97,0.008,12.924,,,0.013,,13.309,13.309,38.0,,,0,[],1767463610.0,4
17843,2026-01-03 18:10:00+00:00,da1bb46c-9b9a-5444-8e71-ccb1a20c522b,0.005,15.394,,,0.014,,15.141,15.141,36.0,,,0,[],1767464284.0,4
17846,2026-01-03 18:20:00+00:00,dab61c02-e4b1-5e51-93da-a045732fc47a,0.0,9.168,,,9.331,,,0.044,35.0,,,0,[],1767464873.0,4
17849,2026-01-03 18:30:00+00:00,22d4fa86-f075-5b05-aba0-142785090474,0.0,8.178,,,8.329,,,0.055,35.0,,,0,[],1767465297.0,4
17852,2026-01-03 18:40:00+00:00,c877ab46-14b4-5904-9637-6780cd556ffa,0.0,9.304,,,9.455,,,0.03,35.0,,,0,[],1767465971.0,4
17855,2026-01-03 18:50:00+00:00,04989ca5-02fe-5b9c-8d14-858d4edc8793,0.0,8.464,,,8.62,,,0.046,35.0,,,0,[],1767466646.0,4
17858,2026-01-03 19:00:00+00:00,f59993a4-e783-569f-ab32-447dc3112c5b,0.0,9.673,,,9.838,,,0.033,35.0,,,0,[],1767467320.0,4
17861,2026-01-03 19:10:00+00:00,09b247fc-9e35-57ef-93b4-f5f207bfedd9,0.0,7.853,,,7.994,,,0.046,35.0,,,0,[],1767467937.0,4
17864,2026-01-03 19:20:00+00:00,c0bb7e37-d47a-50ce-9417-f655ed8b5c09,0.0,6.492,,,6.635,,,0.056,35.0,,,0,[],1767468506.0,4
17867,2026-01-03 19:30:00+00:00,21eea272-704e-58e9-a106-70f6cc6992a7,0.0,7.54,,,7.676,,,0.054,35.0,,,0,[],1767469040.0,4
17870,2026-01-03 19:40:00+00:00,50788127-a956-5f25-90e2-3494c41b2e60,0.001,7.341,,,7.487,,,0.037,35.0,,,0,[],1767469714.0,4
17873,2026-01-03 19:50:00+00:00,aed3bf8a-29a2-5016-bd27-94ccca3f2079,0.0,7.659,,,7.803,,,0.033,35.0,,,0,[],1767470207.0,4
17876,2026-01-03 20:00:00+00:00,c48ccb6d-6a7d-5783-9f44-c7c429c7b1cd,0.0,6.496,,,6.643,,,0.039,35.0,,,0,[],1767470892.0,4
17879,2026-01-03 20:10:00+00:00,8f001c4c-cf42-56b3-9c02-8e283ee7a09c,0.001,6.028,,,6.162,,,0.043,35.0,,,0,[],1767471399.0,4
17882,2026-01-03 20:20:00+00:00,27d389bf-edcb-5b32-8bc5-fe88706c9a43,0.001,8.209,,,8.363,,,0.039,35.0,,,0,[],1767472074.0,4
17885,2026-01-03 20:30:00+00:00,f12412d1-5aa0-5712-addc-69658bd19cd2,0.001,7.027,,,7.173,,,0.032,35.0,,,0,[],1767472601.0,4
17888,2026-01-03 20:40:00+00:00,947319cf-a0ba-5282-a0a3-adbca96c4644,0.002,7.356,,,7.496,,,0.038,35.0,,,0,[],1767473286.0,4
17891,2026-01-03 20:50:00+00:00,71a47478-ad09-5f6b-80c9-a4460b271d98,0.001,6.651,,,6.793,,,0.03,35.0,,,0,[],1767473759.0,4
17894,2026-01-03 21:00:00+00:00,0509baf4-356b-50f8-aca3-11611cc19986,0.001,6.217,,,6.366,,,0.035,35.0,,,0,[],1767474433.0,4
17897,2026-01-03 21:10:00+00:00,e9564502-47b9-590c-9598-a1a4d3379de0,0.001,5.527,,,5.66,,,0.038,35.0,,,0,[],1767475107.0,4
17900,2026-01-03 21:20:00+00:00,e8101d9e-b020-566e-b458-206a3c1a6e47,0.001,7.474,,,7.621,,,0.032,35.0,,,0,[],1767475681.0,4
17903,2026-01-03 21:30:00+00:00,d63edeeb-5925-5c00-b04b-9ed2f26f0bca,0.002,8.775,,,8.93,,,0.031,35.0,,,0,[],1767476119.0,4
17906,2026-01-03 21:40:00+00:00,dee43d07-f7b9-5a27-a1a9-28388a01181d,0.002,7.893,,,8.039,,,0.025,35.0,,,0,[],1767476793.0,4
17909,2026-01-03 21:50:00+00:00,d7f83e1b-36bc-587c-a66e-0fe4aa315dc8,0.002,7.148,,,7.282,,,0.044,35.0,,,0,[],1767477467.0,4
17912,2026-01-03 22:00:00+00:00,b0d45772-df48-5811-8e61-d022b59cccae,0.001,6.357,,,6.497,,,0.033,35.0,,,0,[],1767478076.0,4
17915,2026-01-03 22:10:00+00:00,74250cd6-b433-5cb2-8954-50b29de7aebc,0.002,6.485,,,6.631,,,0.036,35.0,,,0,[],1767478478.0,4
17918,2026-01-03 22:20:00+00:00,e4ce2c4d-b22c-5d4a-afd5-e6ad7cf58b9e,0.003,5.414,,,5.565,,,0.028,35.0,,,0,[],1767479317.0,4
17921,2026-01-03 22:30:00+00:00,a0896d26-7ee3-5cd8-a34c-f67699fd8225,0.002,6.083,,,6.232,,,0.033,35.0,,,0,[],1767479884.0,4
17924,2026-01-03 22:40:00+00:00,6a4ed284-ca95-5e55-9f69-b9e6e3214561,0.001,7.902,,,8.058,,,0.042,35.0,,,0,[],1767480335.0,4
17927,2026-01-03 22:50:00+00:00,916ad220-3f3d-50f9-8c91-9965e068dcb3,0.002,6.32,,,6.465,,,0.032,35.0,,,0,[],1767481016.0,4
17930,2026-01-03 23:10:00+00:00,08517442-0ad3-54ac-8b4c-439f3c019f91,0.001,5.698,,,5.843,,,0.043,35.0,,,0,[],1767482045.0,4
17933,2026-01-03 23:20:00+00:00,60529d77-f92d-5ca4-8132-9fc10765387d,0.004,5.897,,,6.036,,,0.033,35.0,,,0,[],1767482919.0,4
17936,2026-01-03 23:30:00+00:00,8ff267f9-4151-5a93-92dd-e1878aa4e4b4,0.001,5.745,,,5.881,,,0.04,35.0,,,0,[],1767483414.0,4
17939,2026-01-03 23:40:00+00:00,b6e9add1-fa89-5ac8-9d44-5328f68deec5,0.002,5.238,,,5.368,,,0.042,35.0,,,0,[],1767484098.0,4
17942,2026-01-03 23:50:00+00:00,2164b80f-37f9-5fa5-8b0b-d17f287efedd,0.001,5.033,,,5.133,,0.053,0.061,35.0,,,0,[],1767484604.0,4
17945,2026-01-04 00:00:00+00:00,28d48715-cc83-5af3-ad82-ec44a6cf4cea,0.003,5.967,,,6.089,,,0.037,35.0,,,0,[],1767485278.0,4
17948,2026-01-04 00:10:00+00:00,1bad30d1-37c0-5aac-8d2b-aa1ccbe92144,0.003,5.696,,,5.813,,,0.042,35.0,,,0,[],1767485809.0,4
17951,2026-01-04 00:20:00+00:00,cdb5bb6e-3fae-55c3-9007-c22efe79697f,0.003,5.528,,,5.658,,,0.044,35.0,,,0,[],1767486493.0,4
17954,2026-01-04 00:30:00+00:00,1b092bce-e27d-52cd-994c-6c95258c2ed9,0.002,6.499,,,6.623,,,0.052,35.0,,,0,[],1767486964.0,4
17957,2026-01-04 00:40:00+00:00,a51e5098-be27-5120-98d4-5c1661e062bc,0.002,6.117,,,6.244,,,0.045,35.0,,,0,[],1767487638.0,4
17960,2026-01-04 00:50:00+00:00,eb44fd68-c19c-523e-a6f8-e6acef04c436,0.003,6.143,,,6.278,,,0.04,35.0,,,0,[],1767488313.0,4
17963,2026-01-04 01:00:00+00:00,57df833b-1747-5b31-9b93-969f8c6c2bb5,0.003,4.975,,,5.112,,,0.044,35.0,,,0,[],1767488889.0,4
17966,2026-01-04 01:10:00+00:00,cdf2dcd6-8f49-5cdc-9332-9cd8d36b407b,0.001,5.057,,,5.191,,,0.041,35.0,,,0,[],1767489324.0,4
17969,2026-01-04 01:20:00+00:00,9ad5964d-b0f0-5395-8790-5543db3d2f56,0.002,4.771,,,4.905,,,0.044,35.0,,,0,[],1767490131.0,4
17972,2026-01-04 01:30:00+00:00,da175396-d06b-5909-9a43-878d448aabdc,0.003,4.767,,,4.901,,,0.036,35.0,,,0,[],1767490663.0,4
17975,2026-01-04 01:40:00+00:00,63b3e603-ba54-5858-85f7-cee1ec1e8ad8,0.002,4.796,,,4.934,,,0.044,35.0,,,0,[],1767491148.0,4
17978,2026-01-04 01:50:00+00:00,6c9c6c2b-b8ce-51b8-9f01-055cdd3e74a4,0.002,5.018,,,5.153,,,0.034,35.0,,,0,[],1767491832.0,4
17981,2026-01-04 02:00:00+00:00,f14761d6-cc4a-5743-9cde-164b971812bb,0.002,5.006,,,5.138,,,0.041,35.0,,,0,[],1767492517.0,4
17984,2026-01-04 02:10:00+00:00,8f61d8e8-586a-54a9-8ad5-f3f87c795fad,0.002,4.906,,,5.036,,,0.037,35.0,,,0,[],1767493024.0,4
17987,2026-01-04 02:20:00+00:00,3531fbbf-b915-5a4b-942a-6659db55f235,0.002,4.907,,,5.037,,,0.054,35.0,,,0,[],1767493699.0,4
17990,2026-01-04 02:30:00+00:00,b065182e-cc9d-55ac-929e-0f9bee9f44d6,0.001,4.921,,,5.056,,,0.05,35.0,,,0,[],1767494318.0,4
17993,2026-01-04 02:40:00+00:00,5d3fead4-e830-502c-8002-e7688dcdb717,0.001,5.768,,,5.897,,,0.047,35.0,,,0,[],1767494711.0,4
17996,2026-01-04 02:50:00+00:00,4a7942a7-2a3c-5f24-8b50-bf86e25b7281,0.001,5.387,,,5.53,,,0.041,35.0,,,0,[],1767495385.0,4
17999,2026-01-04 03:00:00+00:00,9ad006a8-604d-58a1-ad91-0877d4b35b62,0.001,5.094,,,5.238,,,0.036,35.0,,,0,[],1767496059.0,4
18002,2026-01-04 03:10:00+00:00,cacc7912-8762-5894-91e2-5ddb87abeacc,0.002,5.049,,,5.191,,,0.041,35.0,,,0,[],1767496397.0,4
18005,2026-01-04 03:20:00+00:00,6a35aa8c-7607-577e-ab37-628908dba0c4,0.002,5.15,,,5.289,,,0.033,35.0,,,0,[],1767497082.0,4
18008,2026-01-04 03:30:00+00:00,02ccad0c-3e77-57b7-b31f-8a3a63c3ec65,0.002,5.611,,,5.755,,,0.032,35.0,,,0,[],1767497766.0,4
18011,2026-01-04 03:40:00+00:00,cc5043a2-d235-5474-9b94-a6806ff0de8a,0.001,4.896,,,5.023,,,0.047,35.0,,,0,[],1767498451.0,4
18014,2026-01-04 03:50:00+00:00,f3290a30-ac2a-59e3-890e-9cf215939449,0.001,4.898,,,5.046,,,0.034,35.0,,,0,[],1767499119.0,4
18017,2026-01-04 04:00:00+00:00,d6908586-da05-542a-b660-4805034159ab,0.002,4.959,,,5.091,,,0.033,35.0,,,0,[],1767499477.0,4
18020,2026-01-04 04:10:00+00:00,a77aa99d-bf4d-5095-8ee8-34fffc6afd3a,0.0,5.501,,,5.631,,,0.042,35.0,,,0,[],1767500162.0,4
18023,2026-01-04 04:20:00+00:00,53ebc95d-b0f1-5ee2-9e59-9f714ff5a58b,0.001,6.94,,,7.082,,,0.03,35.0,,,0,[],1767500847.0,4
18026,2026-01-04 04:30:00+00:00,4b093c20-16f6-5c57-b2f1-a26acfd2003b,0.0,5.524,,,5.665,,,0.032,35.0,,,0,[],1767501518.0,4
18029,2026-01-04 04:40:00+00:00,cfc3d56a-033b-5986-92b3-825c6437c37a,0.001,5.728,,,5.849,,,0.039,35.0,,,0,[],1767501873.0,4
18032,2026-01-04 04:50:00+00:00,7eb81ae2-107e-5e84-afa5-8ff4b4851333,0.001,5.686,,,5.818,,,0.039,35.0,,,0,[],1767502558.0,4
18035,2026-01-04 05:00:00+00:00,aff0ef93-a44d-5c50-b658-253fa23679f9,0.0,5.542,,,5.666,,,0.043,35.0,,,0,[],1767503242.0,4
18038,2026-01-04 05:10:00+00:00,91cef131-6fcd-547a-a9d6-c8744f435893,0.0,5.365,,,5.51,,,0.031,35.0,,,0,[],1767503926.0,4
18041,2026-01-04 05:20:00+00:00,0f102495-3c85-5c44-abdb-f3c413dafa6c,0.002,4.116,,,4.246,,,0.044,35.0,,,0,[],1767504502.0,4
18044,2026-01-04 05:30:00+00:00,ed33b51c-1789-5c2b-91da-6f7c1f03c6da,0.004,4.31,,,4.453,,,0.037,35.0,,,0,[],1767505091.0,4
18047,2026-01-04 05:40:00+00:00,77f524f4-8ec7-5c6d-9bab-4c5caed482e9,0.009,4.266,,,4.403,,,0.04,35.0,,,0,[],1767505513.0,4
18050,2026-01-04 05:50:00+00:00,375f4e35-d6ef-5c1c-97b1-0028b0e972ae,0.034,4.291,,,4.39,,,0.048,35.0,,,0,[],1767506187.0,4
18053,2026-01-04 06:00:00+00:00,ba00dfa8-484c-5d8c-b35c-d44f07f6657a,0.12,4.93,,,4.937,,0.061,0.058,35.0,,,0,[],1767506862.0,4
18056,2026-01-04 06:10:00+00:00,669e8412-7308-57ba-bee3-ef0e6165d18a,0.382,6.361,,,6.167,,0.063,0.049,35.0,,,0,[],1767507536.0,4
18059,2026-01-04 06:20:00+00:00,182ac449-7c21-5c33-8f3d-a6e13624fd3c,0.587,6.428,,,6.011,,0.066,0.056,35.0,,,0,[],1767507873.0,4
18062,2026-01-04 06:30:00+00:00,e64d9183-c478-5808-a0f6-cc7a09a00ee7,1.313,6.274,,,5.138,,0.094,0.071,35.0,,,0,[],1767508548.0,4
18065,2026-01-04 06:40:00+00:00,0715e751-df13-5828-a8af-5fe3fb638806,1.994,7.035,,,5.166,,0.098,0.087,35.0,,,0,[],1767509231.0,4
18068,2026-01-04 06:50:00+00:00,ae3e3624-75ba-58f1-92b0-8f67656adc9b,2.842,6.181,,,3.504,,0.103,0.095,35.0,,,0,[],1767509916.0,4
18071,2026-01-04 07:00:00+00:00,3835e80b-6f0b-5eb0-b935-fe14bc02eb00,3.12,6.785,,,3.814,,0.102,0.096,35.0,,,0,[],1767510258.0,4
18074,2026-01-04 07:10:00+00:00,1449015d-13a2-576e-8bdf-00dbaafb3463,3.585,6.508,,,3.048,,0.095,0.101,35.0,,,0,[],1767510942.0,4
18077,2026-01-04 07:20:00+00:00,533e1e93-8866-5ddd-8f9a-57390f0a3696,4.03,6.486,,,2.491,,0.085,0.088,35.0,,,0,[],1767511637.0,4
18080,2026-01-04 07:30:00+00:00,1799bafb-6fd3-54bd-ad8c-c1aa38f596d9,5.89,7.641,,,1.914,,0.092,0.089,35.0,,,0,[],1767512311.0,4
18083,2026-01-04 07:40:00+00:00,6d36a3de-947a-563c-b522-7e750bf57c46,6.278,6.957,,,0.812,,0.078,0.083,35.0,,,0,[],1767512653.0,4
18086,2026-01-04 07:50:00+00:00,5665425e-7aad-5107-906c-b7705b3d9fc3,2.929,6.03,,,3.245,,0.091,0.083,35.0,,,0,[],1767513337.0,4
18089,2026-01-04 08:00:00+00:00,d53b4a46-25e7-5b93-bf1c-8c30aba3f95c,9.349,8.673,,,0.011,-0.329,,-0.292,35.0,,,0,[],1767514022.0,4
18092,2026-01-04 08:10:00+00:00,6b372e9d-42b6-51a2-b56e-0345b09d79c7,5.519,6.682,,,1.284,,0.111,0.131,35.0,,,0,[],1767514710.0,4
18095,2026-01-04 08:20:00+00:00,cb1161e0-4b76-56f7-a809-a22c004958f0,7.055,7.081,,,0.675,-0.486,0.097,-0.389,35.0,,,0,[],1767515314.0,4
18098,2026-01-04 08:30:00+00:00,8489e402-313a-5f59-a9d8-fb43ff6983cb,4.234,5.814,,,1.736,,0.139,0.159,35.0,,,0,[],1767515905.0,4
18101,2026-01-04 08:40:00+00:00,65484cd1-4dfe-503f-b2b1-022b98999673,2.333,7.772,,,5.601,,0.131,0.124,35.0,,,0,[],1767516326.0,4
18104,2026-01-04 08:50:00+00:00,2ba3eaa1-fbb3-5498-9857-72377dd9be1e,2.776,5.552,,,2.88,,0.115,0.122,35.0,,,0,[],1767517000.0,4
18107,2026-01-04 09:00:00+00:00,4f78d998-1a81-5a30-ac2a-5af924761bf2,9.082,5.778,,,0.012,-2.894,,-2.894,35.0,,,0,[],1767517674.0,4
18110,2026-01-04 09:10:00+00:00,6cd111f8-cbbb-5202-bda1-40d632cd9b7e,19.942,6.471,,,0.007,-12.886,,-12.886,36.0,,,0,[],1767518349.0,4
18113,2026-01-04 09:20:00+00:00,03c6971e-862b-5029-96da-f3c6974cf3ad,18.902,7.288,,,0.014,-11.028,,-11.028,37.0,,,0,[],1767518686.0,4
18116,2026-01-04 09:30:00+00:00,fbbe0013-c788-5d7e-a157-76c147bc1ae3,14.492,6.914,,,0.34,-7.889,,-7.889,39.0,,,0,[],1767519363.0,4
18119,2026-01-04 09:40:00+00:00,e1a5fdea-279e-5210-af56-ee197acd7c81,12.469,7.107,,,0.021,-5.124,,-5.124,39.0,,,0,[],1767520048.0,4
18122,2026-01-04 09:50:00+00:00,89db72cd-197d-57cb-bfaf-8f3132628867,8.672,6.238,,,-0.04,-2.491,,-2.491,40.0,,,0,[],1767520717.0,4
18125,2026-01-04 10:00:00+00:00,4ea16c57-9ecb-567b-856f-8c798c112075,5.44,7.319,,,0.01,,2.39,2.39,40.0,,,0,[],1767521074.0,4
18128,2026-01-04 10:10:00+00:00,b37c391c-ce70-5622-96b0-bd0f46050c96,10.607,6.647,,,0.01,-3.6,,-3.6,40.0,,,0,[],1767521758.0,4
18131,2026-01-04 10:20:00+00:00,d7620e26-6452-58b5-9376-2127c94c67a3,20.651,6.502,,,0.017,-13.206,,-13.206,42.0,,,0,[],1767522451.0,4
18134,2026-01-04 10:30:00+00:00,e9d6e8f9-ea2d-5b38-9eb5-2d7711db34f3,21.832,8.89,,,0.013,-12.307,,-12.307,43.0,,,0,[],1767523117.0,4
18137,2026-01-04 10:40:00+00:00,056e05e3-aafb-5ba1-a1aa-87130b9befe3,21.697,8.179,,,0.007,-12.864,,-12.864,44.0,,,0,[],1767523469.0,4
18140,2026-01-04 10:50:00+00:00,a4f9afde-7913-5e5c-a4cd-7459be3bd1c0,11.135,7.093,,,0.012,-3.72,,-3.72,45.0,,,0,[],1767524154.0,4
18143,2026-01-04 11:00:00+00:00,a01ddb59-79ec-56cd-9484-c2dfa599ec70,20.257,7.726,,,0.009,-12.723,,-12.723,46.0,,,0,[],1767524839.0,4
18146,2026-01-04 11:10:00+00:00,a55487fb-236c-5290-a84c-09fd42e900c2,23.853,6.096,,,0.012,-17.022,,-17.022,48.0,,,0,[],1767525519.0,4
18149,2026-01-04 11:20:00+00:00,03227812-224a-570a-8352-8dbf0c4ed2f0,22.065,6.212,,,-0.121,-14.914,,-14.914,49.0,,,0,[],1767525867.0,4
18152,2026-01-04 11:30:00+00:00,2ce5cdca-5c32-5d72-9b6e-4f3e9596b95a,22.879,7.436,,,0.013,-14.706,,-14.706,51.5,,,0,[],1767526553.0,4
18155,2026-01-04 11:40:00+00:00,e3e79b9a-e2f8-50e2-97f4-0b21f4e66889,22.902,5.767,,,0.013,-16.395,,-16.395,53.5,,,0,[],1767527140.0,4
18158,2026-01-04 11:50:00+00:00,751d2dff-aa14-5a1f-97ee-43ac120d05d3,23.191,5.842,,,0.023,-16.593,,-16.593,56.0,,,0,[],1767527815.0,4
18161,2026-01-04 12:00:00+00:00,26d523bf-4959-5c83-88fe-313e7449fdd2,22.559,7.675,,,-0.035,-14.129,,-14.129,58.0,,,0,[],1767528489.0,4
18164,2026-01-04 12:10:00+00:00,54589f61-6599-537c-a7a6-85d54f657281,22.602,10.577,,,0.01,-11.445,,-11.445,59.0,,,0,[],1767528830.0,4
18167,2026-01-04 12:20:00+00:00,180cfce4-2ebc-5fc5-807a-48c808d11b25,8.558,9.798,,,-0.149,,1.939,1.939,60.0,,,0,[],1767529515.0,4
18170,2026-01-04 12:30:00+00:00,ca7cd086-4cd6-5d6c-be44-1e90ada64f82,22.537,9.564,,,0.008,-12.209,,-12.209,62.0,,,0,[],1767530199.0,4
18173,2026-01-04 12:40:00+00:00,103becfd-2b57-5e52-ae27-3c7db0f666b6,22.006,7.178,,,0.011,-14.193,,-14.193,64.0,,,0,[],1767530882.0,4
18176,2026-01-04 12:50:00+00:00,6960229c-01ea-51fb-84a3-6716154d8ea1,19.4,8.458,,,0.012,-10.096,,-10.096,65.0,,,0,[],1767531558.0,4
18179,2026-01-04 13:00:00+00:00,3fb0cec8-3262-5b72-8fb0-fd2599da43ef,20.962,8.267,,,0.006,-12.045,,-12.045,66.0,,,0,[],1767531909.0,4
18182,2026-01-04 13:10:00+00:00,87a91d3d-65a5-547b-bf8c-847fa3aaac1a,21.14,6.429,,,0.014,-14.043,,-14.043,68.0,,,0,[],1767532593.0,4
18185,2026-01-04 13:20:00+00:00,7aa8fe8f-96b5-5b15-a847-b944ee010e72,20.656,6.466,,,0.012,-13.523,,-13.523,70.0,,,0,[],1767533308.0,4
18188,2026-01-04 13:30:00+00:00,ab668e16-1900-5473-95a8-f9e69ac20512,20.186,6.982,,,0.002,-12.581,,-12.581,71.0,,,0,[],1767533619.0,4
18191,2026-01-04 13:40:00+00:00,96e4a09d-5e55-5362-8d29-f5e43332335a,19.51,8.809,,,0.016,-10.15,,-10.15,73.0,,,0,[],1767534304.0,4
18194,2026-01-04 13:50:00+00:00,63afa870-5b76-5fd0-b480-b976600aacc8,18.748,9.778,,,0.012,-8.685,,-8.685,74.0,,,0,[],1767534988.0,4
18197,2026-01-04 14:00:00+00:00,777b37c0-9172-5ff8-b20a-efe30551c078,17.918,7.829,,,0.009,-9.551,,-9.551,75.5,,,0,[],1767535672.0,4
18200,2026-01-04 14:10:00+00:00,bb1f9ad0-97a4-53b2-a86d-585666c9dbd6,17.342,7.994,,,0.01,-8.861,,-8.861,76.5,,,0,[],1767536311.0,4
18203,2026-01-04 14:20:00+00:00,9d8d65ee-2769-554b-a53f-3650db045228,16.472,9.21,,,0.094,-7.185,,-7.185,77.5,,,0,[],1767536807.0,4
18206,2026-01-04 14:30:00+00:00,94499ef3-fda9-58ec-889b-8e973c9dffc2,15.708,9.372,,,0.016,-5.948,,-5.948,78.0,,,0,[],1767537323.0,4
18209,2026-01-04 14:40:00+00:00,d31d4f90-be29-50ba-aae8-557d198af1a9,14.696,9.567,,,0.018,-5.036,,-5.036,79.0,,,0,[],1767537997.0,4
18212,2026-01-04 14:50:00+00:00,8d38cc6e-1772-5670-a027-e4704d62c9f0,13.682,7.268,,,0.015,-5.974,,-5.974,80.0,,,0,[],1767538671.0,4
18215,2026-01-04 15:00:00+00:00,b33e66dd-1ad5-5e63-9f21-69632efc927f,12.798,6.508,,,0.005,-5.617,,-5.617,80.5,,,0,[],1767539288.0,4
18218,2026-01-04 15:10:00+00:00,fde5f314-1087-54b9-b1b6-5b8c90ffbdaf,11.96,8.777,,,0.012,-2.87,,-2.87,81.0,,,0,[],1767539683.0,4
18221,2026-01-04 15:20:00+00:00,042f3441-7bb6-53f0-a309-52d2aa3e2999,10.575,8.392,,,-0.015,-2.558,,-2.558,81.0,,,0,[],1767540357.0,4
18224,2026-01-04 15:30:00+00:00,e30721e1-32ce-5175-996c-18852e19e51c,9.428,6.139,,,0.013,-2.317,,-2.317,82.0,,,0,[],1767541032.0,4
18227,2026-01-04 15:40:00+00:00,c7188b51-3948-5958-abf0-3d7eaa337fde,8.155,12.093,,,0.017,,4.161,4.161,82.0,,,0,[],1767541706.0,4
18230,2026-01-04 15:50:00+00:00,3bfba47d-5e17-5d16-87d7-2b0cda7776a0,7.758,11.022,,,0.012,,3.58,3.58,81.0,,,0,[],1767542044.0,4
18233,2026-01-04 16:00:00+00:00,5378d3dd-96a7-5fb2-a33d-33dc12030ed9,6.408,9.168,,,-0.002,,3.489,3.489,81.0,,,0,[],1767542718.0,4
18236,2026-01-04 16:10:00+00:00,ac415991-e08b-5ee1-8d74-18808052869c,5.307,9.931,,,0.01,,4.888,4.888,80.0,,,0,[],1767543396.0,4
18239,2026-01-04 16:20:00+00:00,d06133dc-89c2-5e84-8720-c1504fe647be,4.01,6.146,,,0.006,,2.314,2.314,80.0,,,0,[],1767544080.0,4
18242,2026-01-04 16:30:00+00:00,00dcdaa0-7a5e-545f-bc1e-20c3ec28c4d3,3.524,6.111,,,-0.05,,2.884,2.884,80.0,,,0,[],1767544721.0,4
18245,2026-01-04 16:40:00+00:00,80a35344-ec11-572d-bb3f-59957b6176f0,2.419,7.348,,,0.013,,5.205,5.205,79.0,,,0,[],1767545106.0,4
18248,2026-01-04 16:50:00+00:00,08ae3767-9e9e-52d8-a382-c3c9517731e7,1.553,7.091,,,0.006,,5.793,5.793,78.5,,,0,[],1767545791.0,4
18251,2026-01-04 17:00:00+00:00,84404926-c4dc-5bac-a478-bda41c3311fd,1.157,8.468,,,0.014,,7.601,7.601,77.5,,,0,[],1767546475.0,4
18254,2026-01-04 17:10:00+00:00,a4e3216e-0a81-5012-aedd-91dd99129bd1,0.88,8.509,,,0.008,,7.831,7.831,76.5,,,0,[],1767547081.0,4
18257,2026-01-04 17:20:00+00:00,d70ec720-9212-5989-8d8c-3a45feb6a511,0.56,7.777,,,-0.125,,7.768,7.768,76.0,,,0,[],1767547502.0,4
18260,2026-01-04 17:30:00+00:00,179d32e6-ab7e-5897-8645-d85111bd3100,0.252,7.998,,,-0.097,,8.505,8.505,75.0,,,0,[],1767548332.0,4
18263,2026-01-04 17:40:00+00:00,086b0ab7-5a7b-54dd-82f5-e564511c6687,0.066,10.253,,,0.008,,10.483,10.483,74.0,,,0,[],1767548768.0,4
18266,2026-01-04 17:50:00+00:00,44951df9-38f2-5e59-a674-59297dd356be,0.025,13.64,,,0.009,,14.164,14.164,71.5,,,0,[],1767549442.0,4
18269,2026-01-04 18:00:00+00:00,33e1ec13-9940-5d31-9860-bb3a58e22cf5,0.015,14.151,,,0.009,,14.542,14.542,69.0,,,0,[],1767550117.0,4
18272,2026-01-04 18:10:00+00:00,28fe644b-f535-50ea-9f6b-73eb78bc1b07,0.007,16.259,,,0.007,,16.721,16.721,68.0,,,0,[],1767550454.0,4
18275,2026-01-04 18:20:00+00:00,cc6b8609-659d-5da0-899f-c7cff4cea92a,0.0,16.41,,,0.009,,16.844,16.844,66.0,,,0,[],1767551128.0,4
18278,2026-01-04 18:30:00+00:00,d92d71e2-6e76-5b34-af37-f4b9b734f0f0,0.0,16.387,,,0.013,,16.859,16.859,63.5,,,0,[],1767551803.0,4
18281,2026-01-04 18:40:00+00:00,31d68885-b556-5a1f-bc69-86448bfa91aa,0.0,16.565,,,0.008,,17.02,17.02,61.0,,,0,[],1767552489.0,4
18284,2026-01-04 18:50:00+00:00,021e3f5f-a36c-5b17-8adf-ab89af67fd39,0.0,14.354,,,0.002,,15.428,15.428,59.0,,,0,[],1767552832.0,4
18287,2026-01-04 19:00:00+00:00,f3bdcd2c-cf44-5467-9e61-ca1f83d6c337,0.0,13.855,,,0.016,,14.215,14.215,57.0,,,0,[],1767553518.0,4
18290,2026-01-04 19:10:00+00:00,b2986f92-33bd-5895-b2a0-4ed614e2ea50,0.0,15.39,,,0.01,,15.848,15.848,55.0,,,0,[],1767554203.0,4
18293,2026-01-04 19:20:00+00:00,ee9a5ffe-eaaf-509e-a655-e112755d608a,0.0,15.759,,,0.097,,15.993,15.993,52.0,,,0,[],1767554894.0,4
18296,2026-01-04 19:30:00+00:00,066b9404-e467-58e8-85f9-f6058c54ccee,0.0,15.089,,,0.019,,15.537,15.537,51.0,,,0,[],1767555537.0,4
18299,2026-01-04 19:40:00+00:00,0c52e3fd-e92d-5a65-ba1a-7e0a17d1f31c,0.0,15.842,,,0.013,,16.112,16.112,49.0,,,0,[],1767555916.0,4
18302,2026-01-04 19:50:00+00:00,8b5fbfe8-a4a2-5b35-8dfa-552035452e9b,0.0,13.882,,,0.003,,13.965,13.965,46.0,,,0,[],1767556603.0,4
18305,2026-01-04 20:00:00+00:00,d9164dd9-2112-533d-baf6-9e33e7d237f7,0.0,13.836,,,0.01,,14.223,14.223,44.0,,,0,[],1767557288.0,4
18308,2026-01-04 20:10:00+00:00,ded96587-ae6d-5d65-aeaf-84afd0100249,0.0,18.307,,,-0.056,,18.97,18.97,42.5,,,0,[],1767557898.0,4
18311,2026-01-04 20:20:00+00:00,8ddde885-2bc2-5c65-8156-400e70d44d42,0.0,17.508,,,0.014,,18.024,18.024,40.0,,,0,[],1767558315.0,4
18314,2026-01-04 20:30:00+00:00,dba82550-74c0-580d-b19a-6ebf787bd0a4,0.0,16.106,,,0.015,,16.573,16.573,37.5,,,0,[],1767558999.0,4
18317,2026-01-04 20:40:00+00:00,6d4900cf-ad7c-5960-8647-61a491c38b56,0.0,9.654,,,9.821,,,0.049,35.0,,,0,[],1767559584.0,4
18320,2026-01-04 20:50:00+00:00,4fb8fd17-8907-5122-b325-c18a4701862f,0.0,9.731,,,9.856,,,0.044,35.0,,,0,[],1767560258.0,4
18323,2026-01-04 21:00:00+00:00,6097ee9a-8392-53cf-80b1-f24da0904c3a,0.0,8.939,,,9.064,,,0.036,35.0,,,0,[],1767560932.0,4
18326,2026-01-04 21:10:00+00:00,776bb033-b17e-5be8-a3cc-b2707a631bbf,0.0,9.122,,,9.258,,,0.037,35.0,,,0,[],1767561270.0,4
18329,2026-01-04 21:20:00+00:00,02f3b74f-0ca1-565a-8712-6e940162f18d,0.001,9.746,,,9.9,,,0.029,35.0,,,0,[],1767561944.0,4
18332,2026-01-04 21:30:00+00:00,e7fe8336-1e5f-55ff-9692-7147bf74aaa4,0.0,8.33,,,8.466,,,0.048,35.0,,,0,[],1767562618.0,4
18335,2026-01-04 21:40:00+00:00,8d0fdefb-9654-51b8-ad65-c9ae9c041a40,0.0,6.447,,,6.601,,,0.029,35.0,,,0,[],1767563298.0,4
18338,2026-01-04 21:50:00+00:00,21bd464e-5130-5972-a185-a469c0a2c448,0.001,7.022,,,7.166,,,0.034,35.0,,,0,[],1767563640.0,4
18341,2026-01-04 22:00:00+00:00,d6bc6821-1bed-56fd-8165-0fb838805ff3,0.0,6.629,,,6.771,,,0.044,35.0,,,0,[],1767564324.0,4
18344,2026-01-04 22:10:00+00:00,6a0eb05c-184b-53a9-94a9-9adac12d7f31,0.001,6.598,,,6.716,,,0.049,35.0,,,0,[],1767565009.0,4
18347,2026-01-04 22:20:00+00:00,c0ad1c2b-49fa-51fe-af45-314bf122365b,0.001,6.703,,,6.83,,,0.048,35.0,,,0,[],1767565719.0,4
18350,2026-01-04 22:30:00+00:00,9291d4f0-656d-5313-8e23-97bb0c6fb9b9,0.001,6.877,,,7.019,,,0.033,35.0,,,0,[],1767566035.0,4
18353,2026-01-04 22:40:00+00:00,272a1254-b83c-5b5b-986e-c00dfa2e25fa,0.001,6.409,,,6.522,,,0.047,35.0,,,0,[],1767566719.0,4
18356,2026-01-04 22:50:00+00:00,6f6f4a18-0b6d-5034-a477-e7cec011c31f,0.001,7.057,,,7.187,,,0.053,35.0,,,0,[],1767567403.0,4
18359,2026-01-04 23:00:00+00:00,8481d299-b964-58e5-865e-5f0f37ad8e16,0.002,7.627,,,7.76,,,0.032,35.0,,,0,[],1767568088.0,4
18362,2026-01-04 23:10:00+00:00,c38c9454-0d65-5a3a-b778-2bccaf63153c,0.001,7.589,,,7.717,,,0.05,35.0,,,0,[],1767568773.0,4
18365,2026-01-04 23:20:00+00:00,0a70a8bb-62ca-56a0-b4db-404a01353285,0.001,7.719,,,7.852,,,0.052,35.0,,,0,[],1767569115.0,4
18367,2026-01-04 23:30:00+00:00,a5024827-ce4f-5fcc-bfaa-652b16a764f9,0.001,6.841,,,6.968,,,0.04,35.0,,,0,[],1767569799.0,4
18370,2026-01-04 23:40:00+00:00,3765fecc-0405-5589-bfb0-63e3d44b3f00,0.001,6.594,,,6.739,,,0.046,35.0,,,0,[],1767570406.0,4
18373,2026-01-04 23:50:00+00:00,d414bfa1-2a48-5250-8847-8a8d5616f7dd,0.001,5.796,,,5.936,,,0.053,35.0,,,0,[],1767571080.0,4
18376,2026-01-05 00:00:00+00:00,1df5dbd2-598e-59e9-bb2a-a499f113fdd0,0.001,5.804,,,5.925,,,0.048,35.0,,,0,[],1767571729.0,4
18379,2026-01-05 00:10:00+00:00,c7b31206-2922-5df4-99e0-f308660f5c0a,0.002,5.485,,,5.627,,,0.041,35.0,,,0,[],1767572092.0,4
18382,2026-01-05 00:20:00+00:00,8b9af490-f689-5f63-8fb3-33c4990897d4,0.002,5.762,,,5.898,,,0.04,35.0,,,0,[],1767572766.0,4
18385,2026-01-05 00:30:00+00:00,d1993ef5-e064-5500-96ff-752036a5fdce,0.001,5.702,,,5.835,,,0.039,35.0,,,0,[],1767573441.0,4
18388,2026-01-05 00:40:00+00:00,12ec8caf-4d43-5e47-a711-a71c5e0d2112,0.002,5.5,,,5.615,,,0.057,35.0,,,0,[],1767574124.0,4
18391,2026-01-05 00:50:00+00:00,49eb6351-ba1a-5c86-8323-e7b0bb4d645b,0.002,5.758,,,5.88,,,0.052,35.0,,,0,[],1767574466.0,4
18394,2026-01-05 01:00:00+00:00,e26e5c27-e409-50ba-b7d4-678d392cf981,0.001,5.839,,,5.977,,0.051,0.058,35.0,,,0,[],1767575150.0,4
18397,2026-01-05 01:10:00+00:00,d457a7ef-793a-573d-9f61-b97ffca8fde5,0.003,6.355,,,6.484,,,0.042,35.0,,,0,[],1767575835.0,4
18400,2026-01-05 01:20:00+00:00,32355cea-34e3-5912-b395-5ab7eb986517,0.002,6.372,,,6.496,,,0.053,35.0,,,0,[],1767576530.0,4
18403,2026-01-05 01:30:00+00:00,4175984d-a198-584d-be58-f07ba07afb01,0.002,6.332,,,6.469,,,0.034,35.0,,,0,[],1767576861.0,4
18406,2026-01-05 01:40:00+00:00,1de2a305-0363-58c9-b0be-f528011168ac,0.002,5.601,,,5.745,,,0.041,35.0,,,0,[],1767577545.0,4
18409,2026-01-05 01:50:00+00:00,6f39caa1-ba41-5cc7-8b4c-de3feb2bd8f3,0.003,4.961,,,5.102,,,0.035,35.0,,,0,[],1767578230.0,4
18412,2026-01-05 02:00:00+00:00,912bfb90-7cf8-5d7f-b0b9-7e0cd629dd97,0.003,5.014,,,5.159,,,0.035,35.0,,,0,[],1767578914.0,4
18415,2026-01-05 02:10:00+00:00,061d90f4-63c6-59e9-be1a-d85d3aad3933,0.004,5.944,,,6.084,,,0.036,35.0,,,0,[],1767579534.0,4
18418,2026-01-05 02:20:00+00:00,bf15f23d-3ee1-596e-bf37-164e9de09772,0.002,5.299,,,5.427,,0.053,0.061,35.0,,,0,[],1767580081.0,4
18421,2026-01-05 02:30:00+00:00,3c67cffc-c196-55bc-85a6-118adbfe3c4e,0.003,5.249,,,5.395,,,0.034,35.0,,,0,[],1767580545.0,4
18424,2026-01-05 02:40:00+00:00,0b0eab6d-929b-57aa-8733-ead9feea5767,0.002,4.906,,,5.048,,,0.039,35.0,,,0,[],1767581220.0,4
18427,2026-01-05 02:50:00+00:00,c8941256-33af-572f-b7c6-cb36a8a83563,0.002,7.009,,,7.167,,,0.047,35.0,,,0,[],1767581894.0,4
18430,2026-01-05 03:00:00+00:00,41eea894-725b-5fd9-9c65-f3296b17489a,0.001,7.056,,,7.192,,,0.044,35.0,,,0,[],1767582526.0,4
18433,2026-01-05 03:10:00+00:00,719bbbf8-96a8-5180-a6de-0e73e51124fc,0.002,5.359,,,5.478,,,0.033,35.0,,,0,[],1767582906.0,4
18436,2026-01-05 03:20:00+00:00,aed04fb7-db7c-5e29-8db4-37af0d439c4d,0.003,5.318,,,5.459,,,0.05,35.0,,,0,[],1767583580.0,4
18439,2026-01-05 03:30:00+00:00,731ad63f-0a92-56cf-ad1c-d16eeed54884,0.001,5.765,,,5.888,,,0.058,35.0,,,0,[],1767584255.0,4
18442,2026-01-05 03:40:00+00:00,7483ab66-3105-594b-bc30-47bb7ce6dec8,0.001,5.4,,,5.523,,,0.059,35.0,,,0,[],1767584929.0,4
18445,2026-01-05 03:50:00+00:00,7eb10f96-7c01-5b25-b0e1-608346e1dfb3,0.002,5.421,,,5.542,,,0.054,35.0,,,0,[],1767585266.0,4
18448,2026-01-05 04:00:00+00:00,536dd19e-b35c-5746-a0e3-f44a2adb28e5,0.001,5.336,,,5.474,,,0.04,35.0,,,0,[],1767585948.0,4
18451,2026-01-05 04:10:00+00:00,2309625c-6bf7-5d55-a723-1efe4779279c,0.001,4.69,,,4.839,,,0.031,35.0,,,0,[],1767586632.0,4
18454,2026-01-05 04:20:00+00:00,26c0e609-56c9-5efd-ae66-7a5b1172cab5,0.001,5.055,,,5.194,,,0.055,35.0,,,0,[],1767587321.0,4
18457,2026-01-05 04:30:00+00:00,f1cd2a6d-73f2-5124-928e-7f6bb722add0,0.001,4.599,,,4.74,,,0.043,35.0,,,0,[],1767587663.0,4
18460,2026-01-05 04:40:00+00:00,636d93cb-d0b2-5015-9a6c-c849f5e66090,0.0,4.647,,,4.777,,,0.042,35.0,,,0,[],1767588348.0,4
18463,2026-01-05 04:50:00+00:00,d90388d8-e5cf-5d42-9e76-f19d1a48419a,0.001,4.317,,,4.449,,,0.042,35.0,,,0,[],1767589032.0,4
18466,2026-01-05 05:00:00+00:00,dc17459a-32e7-502b-b02f-9bbfb6ce4c91,0.001,5.909,,,6.028,,,0.044,35.0,,,0,[],1767589716.0,4
18469,2026-01-05 05:10:00+00:00,6d3d2dc0-2ac7-5346-a14a-1a9cd9ff031e,0.001,5.893,,,6.026,,0.062,0.063,35.0,,,0,[],1767590163.0,4
18472,2026-01-05 05:20:00+00:00,7f5eb6ed-2380-5ffb-ae64-d97cb19ad128,0.004,6.139,,,6.275,,0.051,0.054,35.0,,,0,[],1767590838.0,4
18475,2026-01-05 05:30:00+00:00,1bd30427-9399-56ee-81a5-40c89ac5cb80,0.007,7.927,,,8.026,,0.053,0.064,35.0,,,0,[],1767591523.0,4
18478,2026-01-05 05:40:00+00:00,1c5a0940-9dda-5f04-afae-e4ca52b1838c,0.016,8.278,,,8.405,,,0.056,35.0,,,0,[],1767592045.0,4
18481,2026-01-05 05:50:00+00:00,05408411-7cf3-5444-a70b-fe212eff7a6a,0.041,8.667,,,8.769,,,0.047,35.0,,,0,[],1767592719.0,4
18484,2026-01-05 06:00:00+00:00,44fcebdf-899b-5e28-b643-be1ead61b565,0.127,8.924,,,8.96,,0.066,0.049,35.0,,,0,[],1767593238.0,4
18487,2026-01-05 06:10:00+00:00,16b644b6-e0c2-5cde-9deb-9619cefc373d,0.473,7.581,,,7.283,,0.069,0.059,35.0,,,0,[],1767593922.0,4
18490,2026-01-05 06:20:00+00:00,d986e982-8411-548f-8a28-f3886c9850d4,0.633,7.564,,,7.116,,0.074,0.06,35.0,,,0,[],1767594405.0,4
18493,2026-01-05 06:30:00+00:00,04d0a878-df28-5140-aabe-a0fb0890e53b,1.156,6.844,,,5.883,,0.087,0.065,35.0,,,0,[],1767595079.0,4
18496,2026-01-05 06:40:00+00:00,909702c0-d6c5-55b2-89d9-279146f38d0b,1.754,7.528,,,5.917,,0.099,0.092,35.0,,,0,[],1767595633.0,4
18499,2026-01-05 06:50:00+00:00,e5e0483b-1c4b-5f3c-b443-6f3d143cc15e,2.413,10.635,,,8.398,,0.099,0.09,35.0,,,0,[],1767596317.0,4
18502,2026-01-05 07:00:00+00:00,5226c388-0786-54fa-b9d2-2210264981a6,3.237,9.199,,,6.125,,0.101,0.101,35.0,,,0,[],1767596764.0,4
18505,2026-01-05 07:10:00+00:00,515276e5-5044-53d4-b391-43e9ca1068ac,4.444,10.615,,,6.305,,0.092,0.092,35.0,,,0,[],1767597438.0,4
18508,2026-01-05 07:20:00+00:00,fba0a5a6-bbd6-5800-9114-396995a55577,4.956,10.427,,,5.646,,0.093,0.083,35.0,,,0,[],1767598119.0,4
18511,2026-01-05 07:30:00+00:00,4bcc4c5e-f567-5573-b77c-d10e04c1a476,3.873,8.852,,,5.129,,0.09,0.094,35.0,,,0,[],1767598716.0,4
18514,2026-01-05 07:40:00+00:00,c062dcf0-3b1d-5ab2-85a4-64e648e6046a,4.598,8.853,,,4.405,,0.1,0.092,35.0,,,0,[],1767599135.0,4
18517,2026-01-05 07:50:00+00:00,32690c79-747a-518f-ae2c-7d99c19efaad,6.326,9.585,,,3.369,,0.075,0.091,35.0,,,0,[],1767599809.0,4
18520,2026-01-05 08:00:00+00:00,310e64e4-49d7-5319-981f-d4f41ee8b990,6.037,10.361,,,4.502,,0.095,0.102,35.0,,,0,[],1767600484.0,4
18523,2026-01-05 08:10:00+00:00,50861c52-64eb-5e2a-a79c-917735f78488,7.4,10.125,,,2.947,,0.095,0.083,35.0,,,0,[],1767601010.0,4
18526,2026-01-05 08:20:00+00:00,84778da0-d61b-58c2-a0e5-7193b85e31ed,11.99,10.926,,,0.098,-0.807,,-0.807,35.0,,,0,[],1767601689.0,4
18529,2026-01-05 08:30:00+00:00,ab9685c5-351c-53b4-b9a3-4c8ebc48942a,10.001,9.273,,,0.014,-0.422,,-0.422,35.0,,,0,[],1767602169.0,4
18532,2026-01-05 08:40:00+00:00,e4071abf-cf0c-54e1-99a4-82c5ca1c4b7e,12.233,9.345,,,0.024,-2.115,,-2.115,35.0,,,0,[],1767602843.0,4
18535,2026-01-05 08:50:00+00:00,c043b861-34ca-5db5-b61c-5928da025bf3,13.76,11.28,,,0.028,-2.558,,-2.558,35.5,,,0,[],1767603400.0,4
18538,2026-01-05 09:00:00+00:00,09b8d204-9d83-5e8a-b0e5-4bf070350fcd,14.479,10.529,,,0.014,-3.526,,-3.526,36.0,,,0,[],1767604083.0,4
18541,2026-01-05 09:10:00+00:00,8b48ebdc-dcf2-5587-a0fd-11d7867a8d79,14.897,7.508,,,0.007,-6.962,,-6.962,36.5,,,0,[],1767604529.0,4
18544,2026-01-05 09:20:00+00:00,022524b4-d355-58cb-aa6f-600b85be64ec,16.295,8.261,,,-0.004,-8.093,,-8.093,38.0,,,0,[],1767605203.0,4
18547,2026-01-05 09:30:00+00:00,6d3d131e-094b-5b1f-afd6-d83b80e9a6ca,17.171,6.585,,,0.006,-10.027,,-10.027,39.0,,,0,[],1767605878.0,4
18550,2026-01-05 09:40:00+00:00,0dc421c0-d32d-53cc-9364-b71dd308e082,17.744,6.547,,,0.016,-10.668,,-10.668,40.0,,,0,[],1767606483.0,4
18553,2026-01-05 09:50:00+00:00,e50901e2-c199-5a44-81e4-eebea655d3ac,18.365,6.464,,,-0.2,-10.614,,-10.614,41.5,,,0,[],1767606889.0,4
18556,2026-01-05 10:00:00+00:00,94b45b8c-3d36-51e7-9ef0-d6969907389b,18.948,5.302,,,0.01,-13.006,,-13.006,43.0,,,0,[],1767607563.0,4
18559,2026-01-05 10:10:00+00:00,9b79bc3a-a556-5f4e-9a55-5970b91980ae,19.844,4.816,,,0.114,-14.32,,-14.32,45.0,,,0,[],1767608238.0,4
18562,2026-01-05 10:20:00+00:00,0d1189ea-e45b-51ea-92fe-40147c2b39bb,20.126,6.073,,,0.01,-13.416,,-13.416,46.5,,,0,[],1767608917.0,4
18565,2026-01-05 10:30:00+00:00,1402dfd7-fc68-5b23-a661-3ce71c03c62c,20.353,4.96,,,0.04,-14.968,,-14.968,48.0,,,0,[],1767609263.0,4
18568,2026-01-05 10:40:00+00:00,fc94837e-02a4-5aad-b444-ac77fa84821a,21.017,5.451,,,0.018,-14.896,,-14.896,50.0,,,0,[],1767609938.0,4
18571,2026-01-05 10:50:00+00:00,b9d5792a-fe6b-50ed-8084-a6f9d959d684,21.257,6.619,,,0.01,-13.987,,-13.987,52.5,,,0,[],1767610612.0,4
18574,2026-01-05 11:00:00+00:00,e619d557-bc8d-54a4-9c99-a6e8a9430138,21.133,8.104,,,0.011,-12.507,,-12.507,54.5,,,0,[],1767611287.0,4
18577,2026-01-05 11:10:00+00:00,2d01144d-7913-5afe-a0e2-38246c60ed9b,21.048,7.36,,,0.01,-12.754,,-12.754,55.5,,,0,[],1767611791.0,4
18580,2026-01-05 11:20:00+00:00,35374442-e28f-55d7-9338-3e31f7219e17,22.048,4.813,,,0.009,-16.473,,-16.473,57.5,,,0,[],1767612466.0,4
18583,2026-01-05 11:30:00+00:00,390136fc-4ee7-5ee2-9ea7-e24547e750bd,21.037,5.563,,,-0.053,-14.645,,-14.645,59.5,,,0,[],1767612972.0,4
18586,2026-01-05 11:40:00+00:00,b5d5d3a8-5358-5133-b038-4c389a9cc817,21.561,6.088,,,0.008,-14.206,,-14.206,61.5,,,0,[],1767613647.0,4
18589,2026-01-05 11:50:00+00:00,7ded2ee3-d8c3-5df8-b154-ed27ddd2b8f7,21.986,8.122,,,0.007,-13.169,,-13.169,63.0,,,0,[],1767614181.0,4
18592,2026-01-05 12:00:00+00:00,8c87ad67-9cc1-52d5-a936-91acdb5a01d6,20.398,5.048,,,0.014,-13.959,,-13.959,65.0,,,0,[],1767614865.0,4
18595,2026-01-05 12:10:00+00:00,aadce6a2-d8f9-5693-934d-6b460d867581,16.58,4.41,,,0.01,-11.586,,-11.586,66.5,,,0,[],1767615333.0,4
18598,2026-01-05 12:20:00+00:00,690f723d-6e1b-5614-b383-b50439f10edc,7.94,6.512,,,0.0,-0.686,,-0.709,67.0,,,0,[],1767616007.0,4
18601,2026-01-05 12:30:00+00:00,60ee61eb-1403-5d7a-b66a-2355a614fc16,22.815,8.52,,,0.016,-12.814,,-12.814,68.0,,,0,[],1767616682.0,4
18604,2026-01-05 12:40:00+00:00,f95a4351-7859-5d16-a85b-ee1e5eafaa00,9.794,8.513,,,-0.005,-4.156,2.883,-1.273,69.0,,,0,[],1767617260.0,4
18607,2026-01-05 12:50:00+00:00,e9c22888-ed69-5f7f-8250-d70bb535c214,7.437,8.7,,,0.009,,1.512,1.512,68.0,,,0,[],1767617945.0,4
18610,2026-01-05 13:00:00+00:00,96e4ef3f-eac4-5135-bf7c-33244b736ae5,22.542,6.419,,,0.019,-15.281,,-15.281,68.5,,,0,[],1767618368.0,4
18613,2026-01-05 13:10:00+00:00,c1c54364-e282-59bd-abb0-6ff880ba0fa5,21.34,10.51,,,0.017,-10.233,,-10.233,71.0,,,0,[],1767619042.0,4
18616,2026-01-05 13:20:00+00:00,b545988c-fd3e-537e-a32b-8a5e2f8d157f,20.053,5.623,,,0.011,-13.747,,-13.747,72.0,,,0,[],1767619658.0,4
18619,2026-01-05 13:30:00+00:00,75491579-765b-575b-a511-607f065a86d3,19.171,6.301,,,0.007,-12.222,,-12.222,73.0,,,0,[],1767620077.0,4
18622,2026-01-05 13:40:00+00:00,cf589fd3-9fa3-5ce3-a49f-c6a8002a858a,17.917,11.879,,,0.009,-5.647,,-5.647,75.0,,,0,[],1767620752.0,4
18625,2026-01-05 13:50:00+00:00,a1d603b5-cc50-58e9-8562-02ecfa8195c4,17.952,8.457,,,0.016,-8.983,,-8.983,75.5,,,0,[],1767621426.0,4
18628,2026-01-05 14:00:00+00:00,32d6374f-7816-56e7-859a-517bdfbea02f,17.169,8.764,,,0.016,-7.906,,-7.906,77.0,,,0,[],1767622100.0,4
18631,2026-01-05 14:10:00+00:00,de3c15e0-9272-55fd-917a-5ac9e1c5a089,16.497,11.496,,,0.013,-4.686,,-4.686,77.5,,,0,[],1767622605.0,4
18634,2026-01-05 14:20:00+00:00,55f38d7c-4bbd-5650-92ef-4d8f4bd050f7,15.617,9.652,,,0.004,-5.494,,-5.494,78.0,,,0,[],1767623282.0,4
18637,2026-01-05 14:30:00+00:00,31b0ee92-2d69-591a-8395-20059a39d0ac,14.798,9.039,,,0.009,-5.275,,-5.275,79.0,,,0,[],1767623786.0,4
18640,2026-01-05 14:40:00+00:00,052326c9-be03-55ac-a73d-6f9b57e838f9,14.122,11.25,,,0.015,-2.467,,-2.467,79.0,,,0,[],1767624460.0,4
18643,2026-01-05 14:50:00+00:00,27d5e6c8-43f9-5c14-b03b-0c138c52daa1,13.264,12.987,,,0.014,-0.094,0.153,0.059,79.0,,,0,[],1767624992.0,4
18646,2026-01-05 15:00:00+00:00,66a5b2f9-02c0-5b54-b26c-c4b180f86680,12.163,13.407,,,-0.13,,1.822,1.822,79.0,,,0,[],1767625678.0,4
18649,2026-01-05 15:10:00+00:00,1090bb12-1231-519f-8962-c2af8a8aff39,11.164,18.74,,,0.009,,7.94,7.94,79.0,,,0,[],1767626146.0,4
18652,2026-01-05 15:20:00+00:00,d5ebc901-daee-5b18-b3eb-1c49dd719be0,9.978,13.475,,,0.01,,3.811,3.811,78.0,,,0,[],1767626820.0,4
18655,2026-01-05 15:30:00+00:00,5691e420-3600-54be-903f-339fd81c1703,8.821,11.269,,,0.042,,2.567,2.567,78.0,,,0,[],1767627495.0,4
18658,2026-01-05 15:40:00+00:00,38be96c0-48cf-5ddb-8c98-e7d7feeb17e8,7.824,11.447,,,0.011,,4.318,4.318,77.5,,,0,[],1767628073.0,4
18661,2026-01-05 15:50:00+00:00,ea4cfd4a-a656-5394-85ae-5b370a3e8994,7.093,11.249,,,0.01,,4.441,4.441,77.0,,,0,[],1767628738.0,4
18664,2026-01-05 16:00:00+00:00,1e4891b6-81cb-5880-bb29-4b076ac1672e,4.412,7.998,,,0.01,,3.894,3.894,76.0,,,0,[],1767629180.0,4
18667,2026-01-05 16:10:00+00:00,4bb700dc-a7b6-5249-bc41-4bd3a631b8be,4.313,8.241,,,0.022,,4.081,4.081,76.0,,,0,[],1767629855.0,4
18670,2026-01-05 16:20:00+00:00,0a4e85ee-eb6a-52f7-99c0-f352d3c36060,4.005,9.202,,,0.016,,5.486,5.486,75.5,,,0,[],1767630469.0,4
18673,2026-01-05 16:30:00+00:00,70557885-fe3a-50e7-b204-049296f9dc52,2.835,9.21,,,-0.092,,6.796,6.796,75.0,,,0,[],1767630900.0,4
18676,2026-01-05 16:40:00+00:00,98b46ab0-b06c-5dfd-9cb9-bc4fd8668ad7,2.284,7.807,,,0.015,,5.797,5.797,74.0,,,0,[],1767631575.0,4
18679,2026-01-05 16:50:00+00:00,2d1bda77-8783-551f-9da5-7e263aef7607,1.608,8.293,,,0.016,,6.924,6.924,73.0,,,0,[],1767632249.0,4
18682,2026-01-05 17:00:00+00:00,7073f991-85d2-5809-851d-bbf47cae4bc1,1.244,6.315,,,0.017,,5.355,5.355,73.0,,,0,[],1767632924.0,4
18685,2026-01-05 17:10:00+00:00,2db20b12-ada4-5f21-8208-b47153e2c5af,0.858,7.518,,,0.032,,6.298,6.298,72.0,,,0,[],1767633418.0,4
18688,2026-01-05 17:20:00+00:00,2b665da6-cae8-5c80-981a-3242ca78a434,0.467,8.265,,,0.012,,8.081,8.081,71.0,,,0,[],1767634094.0,4
18691,2026-01-05 17:30:00+00:00,fb042fee-54f0-51e2-8e5c-cea4144f0134,0.25,11.778,,,0.016,,12.223,12.223,69.5,,,0,[],1767634609.0,4
18694,2026-01-05 17:40:00+00:00,59f329cd-5c73-5f3e-a5e4-fd6713a52bd0,0.057,10.082,,,0.017,,10.342,10.342,68.0,,,0,[],1767635284.0,4
18697,2026-01-05 17:50:00+00:00,4e9f24a6-fd15-5492-91be-eb4c0a79c8c9,0.013,13.445,,,0.068,,12.599,12.599,67.0,,,0,[],1767635798.0,4
18700,2026-01-05 18:00:00+00:00,5c0a7a89-932d-5416-a876-2306d89d633f,0.018,20.608,,,0.01,,21.251,21.251,64.5,,,0,[],1767636489.0,4
18703,2026-01-05 18:10:00+00:00,f57cfc27-e306-5cd2-9b13-d9af05dc62ca,0.004,22.776,,,-0.156,,24.061,24.061,61.5,,,0,[],1767636970.0,4
18706,2026-01-05 18:20:00+00:00,164e1327-afaa-5274-a0c0-103186541361,0.0,20.963,,,0.009,,21.632,21.632,58.5,,,0,[],1767637644.0,4
18709,2026-01-05 18:30:00+00:00,48ab9fa8-4f79-5057-b25a-911bd7d052a9,0.0,20.986,,,0.012,,21.704,21.704,55.5,,,0,[],1767638200.0,4
18712,2026-01-05 18:40:00+00:00,4005ad78-3131-511a-bd6c-256d01973e92,0.0,19.665,,,0.009,,20.308,20.308,52.5,,,0,[],1767638885.0,4
18715,2026-01-05 18:50:00+00:00,f4f190a4-734e-581e-b9bd-e3506035208d,0.0,16.319,,,0.054,,16.136,16.136,49.5,,,0,[],1767639557.0,4
18718,2026-01-05 19:30:00+00:00,7a0f5983-96cb-59b3-b0e8-bd7e8a33b09c,0.0,21.302,,,-0.032,,22.488,22.488,40.5,,,0,[],1767641705.0,4
18721,2026-01-06 21:20:00+00:00,c59ad8f6-bdc8-546a-8d9f-6bbccec39f41,0.0,6.48,,,6.63,,,0.034,35.0,,,0,[],1767734970.0,4
18724,2026-01-06 22:00:00+00:00,b424ce4d-4b4c-5013-9634-b42b24d69ce0,0.0,9.837,,,9.964,,,0.048,35.0,,,0,[],1767737366.0,4
18729,2026-01-08 04:30:00+00:00,bb62eab3-3749-50c2-b517-520e5dd97cbb,0.0,5.56,,,5.707,,0.096,0.088,35.0,,,0,[],1767847182.0,4
18732,2026-01-08 04:40:00+00:00,ca4117df-5f89-5a0b-88cb-bc18f05382c2,0.0,5.846,,,5.994,,0.067,0.059,35.0,,,0,[],1767847720.0,4
18735,2026-01-08 04:50:00+00:00,a5f821ee-5239-56f3-94c5-f6f81ff10183,0.0,5.52,,,5.679,,0.066,0.056,35.0,,,0,[],1767848059.0,4
18736,2026-01-08 05:00:00+00:00,d01de88e-123e-5acd-8b62-b8cdc9b0bdb1,0.0,5.309,,,5.471,,0.081,0.061,35.0,,,0,[],1767848969.0,4
18740,2026-01-09 14:10:00+00:00,867f9a2d-0916-54f6-b8ea-281a2e44de99,15.464,0.016,,,0.005,-14.793,,-14.793,73.0,,,0,[],1767968230.0,4
18743,2026-01-09 14:20:00+00:00,9ddf95d5-fcf5-5f98-ad25-b27d92e68bc3,13.792,0.024,,,0.004,-13.191,,-13.191,74.5,,,0,[],1767968904.0,4
18747,2026-01-09 14:30:00+00:00,8553e2ee-c984-5caf-85e4-d427fdc426b5,13.671,0.012,,,0.009,-13.07,,-13.07,77.0,,,0,[],1767969579.0,4
18750,2026-01-09 14:40:00+00:00,d539e896-ce92-5be3-a7aa-e9ac76937fe0,12.504,0.01,,,0.007,-11.857,,-11.857,78.0,,,0,[],1767970000.0,4
18754,2026-01-09 14:50:00+00:00,c6bf4043-635e-5604-95e4-4a617a024d10,10.014,0.01,,,0.009,-9.449,,-9.449,80.0,,,0,[],1767970674.0,4
18756,2026-01-09 15:00:00+00:00,2635fa43-e950-5dec-b6f7-9265b89172fb,6.71,0.02,,,0.006,-6.288,,-6.288,80.5,,,0,[],1767971308.0,4
18758,2026-01-09 15:10:00+00:00,ddbf3121-ca10-535d-ab6a-b1d78daecfd1,6.987,0.027,,,0.009,-6.519,,-6.519,81.0,,,0,[],1767971702.0,4
18761,2026-01-09 15:20:00+00:00,ffe9d53a-170f-532a-ab30-331d9b4eca67,6.725,0.012,,,0.004,-6.279,,-6.279,82.0,,,0,[],1767972390.0,4
18764,2026-01-09 15:30:00+00:00,f2ce8f8b-8742-5df8-b018-9f142d4d12f0,5.431,0.014,,,0.007,-5.015,,-5.015,83.0,,,0,[],1767973074.0,4
18767,2026-01-09 15:40:00+00:00,9801d1a6-55f5-5d95-8891-f9c812f6f14c,5.162,0.014,,,0.007,-4.743,,-4.743,83.5,,,0,[],1767973637.0,4
18770,2026-01-09 15:50:00+00:00,60dc22df-cace-561e-b815-68ca3b7388de,4.414,0.013,,,0.006,-3.998,,-3.998,84.0,,,0,[],1767974311.0,4
18773,2026-01-09 16:00:00+00:00,55043606-880f-5185-95ad-7e65e61e1a4c,3.791,0.0,,,0.005,-3.437,,-3.437,84.0,,,0,[],1767974785.0,4
18776,2026-01-09 16:10:00+00:00,40dc3bd5-2f74-5e06-a6e8-f6affbb95508,3.496,0.014,,,0.007,-3.138,,-3.138,85.0,,,0,[],1767975470.0,4
18779,2026-01-09 16:20:00+00:00,32a3c79b-5c6e-5254-96be-6ce4acb4b8ac,3.296,0.024,,,0.006,-2.908,,-2.908,85.0,,,0,[],1767975997.0,4
18782,2026-01-09 16:30:00+00:00,c89bf85d-b44d-538a-b08f-44b19fa70f96,2.733,0.021,,,0.015,-2.353,,-2.353,86.0,,,0,[],1767976671.0,4
18785,2026-01-09 16:40:00+00:00,5bb0d0d8-5672-5ef5-92d2-3b92bd538491,2.63,0.01,,,0.008,-2.219,,-2.219,86.0,,,0,[],1767977181.0,4
18788,2026-01-09 16:50:00+00:00,e9fb8685-9a8e-5425-bac5-e3faec7a9b7c,1.979,0.017,,,0.009,-1.651,,-1.651,86.0,,,0,[],1767977865.0,4
18791,2026-01-09 17:00:00+00:00,a3b90e0a-1fde-5ef3-adb7-c22f57a000c8,1.695,0.0,,,0.011,-1.348,,-1.348,86.0,,,0,[],1767978536.0,4
18794,2026-01-09 17:10:00+00:00,baaeb3da-bc3b-5f2e-aa29-7fd7fc8abfb7,1.214,0.01,,,0.007,-0.857,,-0.857,86.0,,,0,[],1767979032.0,4
18797,2026-01-09 17:20:00+00:00,7d0534f1-229d-5aa6-93f0-553d94c01dd0,0.667,0.014,,,0.007,-0.388,,-0.388,87.0,,,0,[],1767979706.0,4
18800,2026-01-09 17:30:00+00:00,87eb0376-ea45-56ed-8751-c81b902dcfb2,0.292,0.016,,,0.008,-0.051,,-0.046,87.0,,,0,[],1767980261.0,4
18803,2026-01-09 17:40:00+00:00,a58f02a2-b2e2-5216-918e-08c38fa0d8e6,0.05,0.027,,,0.007,,0.114,0.163,87.0,,,0,[],1767980803.0,4
18806,2026-01-09 17:50:00+00:00,49d8f5b3-f413-5798-84cb-b868bc62e7b1,0.008,0.02,,,0.007,,0.17,0.17,87.0,,,0,[],1767981478.0,4
18809,2026-01-09 18:00:00+00:00,945619e5-984c-5428-9e42-dec72657f407,0.014,0.011,,,0.005,,0.177,0.177,87.0,,,0,[],1767982088.0,4
18812,2026-01-09 18:10:00+00:00,81c66b2e-b2f3-5ee3-85fa-efc59c8486e2,0.005,0.024,,,0.01,,0.176,0.176,87.0,,,0,[],1767982731.0,4
18815,2026-01-09 18:20:00+00:00,28f7869f-d894-571a-bcf1-ec8d56ec6ec9,0.0,0.02,,,0.007,,0.176,0.176,86.0,,,0,[],1767983189.0,4
18818,2026-01-09 18:30:00+00:00,01a06cb5-44c4-5431-91b3-37d9b5495c14,0.0,0.014,,,0.01,,0.177,0.177,86.0,,,0,[],1767983873.0,4
18821,2026-01-09 18:40:00+00:00,22010fa3-874e-516b-b537-d0668f72de1e,0.0,0.013,,,0.015,,0.177,0.177,86.0,,,0,[],1767984416.0,4
18824,2026-01-09 18:50:00+00:00,eb5a9e06-34d8-5192-96f5-5bd28f2b2739,0.0,0.027,,,0.01,,0.179,0.179,86.0,,,0,[],1767985090.0,4
18827,2026-01-09 19:00:00+00:00,a3c65530-f2bf-58f4-a6f1-7917c89e671f,0.0,0.025,,,0.005,,0.184,0.184,86.0,,,0,[],1767985583.0,4
18830,2026-01-09 19:10:00+00:00,6aa00ec6-f131-5c31-9007-b8b105f5eef9,0.0,0.036,,,0.006,,0.182,0.182,86.0,,,0,[],1767986267.0,4
18833,2026-01-09 19:20:00+00:00,b0e881e5-b91b-58a6-848a-656b2032606a,0.0,0.028,,,0.015,,0.183,0.183,86.0,,,0,[],1767986938.0,4
18836,2026-01-09 19:30:00+00:00,b0df56ba-c1f4-57b5-9f1f-9f8d33f1e28e,0.0,0.051,,,0.017,,0.18,0.18,86.0,,,0,[],1767987450.0,4
18839,2026-01-09 19:40:00+00:00,604588b5-176f-550d-9072-5e5f75198b9c,0.0,0.024,,,0.007,,0.178,0.178,86.0,,,0,[],1767988125.0,4
18842,2026-01-09 19:50:00+00:00,cadcfc82-585d-56d9-9e17-7c1b7a381305,0.0,0.015,,,0.008,,0.178,0.178,86.0,,,0,[],1767988667.0,4
18845,2026-01-09 20:00:00+00:00,222fab36-afcb-5d1c-8d35-c7fa4bacc6d1,0.0,0.0,,,0.006,,0.179,0.179,86.0,,,0,[],1767989338.0,4
18848,2026-01-09 20:10:00+00:00,c3c006ca-4844-5088-8599-bfb89bfd6899,0.0,0.0,,,0.006,,0.182,0.182,86.0,,,0,[],1767989811.0,4
18851,2026-01-09 20:20:00+00:00,5dcdcb18-04f4-570c-a557-aa5f249e8a4e,0.0,0.033,,,0.008,,0.176,0.176,86.0,,,0,[],1767990485.0,4
18854,2026-01-09 20:30:00+00:00,4d8aeb35-0309-5fa0-914b-ea40285aded1,0.0,0.013,,,0.008,,0.186,0.186,86.0,,,0,[],1767991062.0,4
18857,2026-01-09 20:40:00+00:00,6525eb44-2ebd-5d32-ad66-6e2f1e560fa7,0.0,0.037,,,0.015,,0.178,0.178,86.0,,,0,[],1767991613.0,4
18860,2026-01-09 20:50:00+00:00,c4d4b005-0445-57db-98c8-c6a2abfdd39a,0.0,0.019,,,0.01,,0.182,0.182,86.0,,,0,[],1767992288.0,4
18863,2026-01-09 21:00:00+00:00,510aa39e-1b5f-5074-a667-c83e162f1d8d,0.0,0.013,,,0.007,,0.181,0.181,86.0,,,0,[],1767992900.0,4
18866,2026-01-09 21:10:00+00:00,2bf58153-84e9-5a4f-af2e-de1c2776da7a,0.0,0.017,,,0.014,,0.182,0.182,86.0,,,0,[],1767993314.0,4
18869,2026-01-09 21:20:00+00:00,9a4ac446-0084-5126-a0c5-0613670d2aee,0.0,0.036,,,0.016,,0.178,0.178,86.0,,,0,[],1767993999.0,4
18872,2026-01-09 21:30:00+00:00,13e63dcd-03c2-5f95-ba78-73261127cb0e,0.0,0.013,,,0.015,,0.178,0.178,86.0,,,0,[],1767994683.0,4
18875,2026-01-09 21:40:00+00:00,1f23b1e9-f0f9-5200-96d1-48ccf9573d42,0.0,0.014,,,0.015,,0.176,0.176,86.0,,,0,[],1767995229.0,4
18878,2026-01-09 21:50:00+00:00,ad973aa6-14a7-5312-9755-578fc7557e98,0.0,0.032,,,0.012,,0.176,0.176,86.0,,,0,[],1767995903.0,4
18881,2026-01-09 22:00:00+00:00,2944fab0-c811-5ef9-812e-7804f97e25a1,0.0,0.0,,,0.01,,0.18,0.18,86.0,,,0,[],1767996395.0,4
18884,2026-01-09 22:10:00+00:00,94de0ec5-c995-50cc-819e-9ef21197b8b5,0.0,0.031,,,0.015,,0.179,0.179,86.0,,,0,[],1767997079.0,4
18887,2026-01-09 22:20:00+00:00,7e651867-a8a7-53a8-a567-29fafcdf618e,0.0,0.032,,,0.01,,0.179,0.179,86.0,,,0,[],1767997595.0,4
18890,2026-01-09 22:30:00+00:00,6a09aa99-76ea-5f1f-8794-4cc0922a0d55,0.0,0.0,,,0.011,,0.181,0.181,86.0,,,0,[],1767998270.0,4
18893,2026-01-09 22:40:00+00:00,b72d1e63-6d85-5cfc-8240-76b9cf72ebfa,0.0,0.01,,,0.007,,0.18,0.18,86.0,,,0,[],1767998790.0,4
18896,2026-01-09 22:50:00+00:00,d312f3f7-c6a1-54f9-96dd-d52da4f41bf3,0.0,0.013,,,0.006,,0.179,0.179,86.0,,,0,[],1767999475.0,4
18899,2026-01-09 23:00:00+00:00,7b1d93b1-f779-599f-85ee-a2da5af3898a,0.0,0.013,,,0.006,,0.182,0.182,86.0,,,0,[],1768000157.0,4
18902,2026-01-09 23:10:00+00:00,442e7df0-a60d-53df-ba4b-98b061dfd53b,0.0,0.018,,,0.016,,0.181,0.181,86.0,,,0,[],1768000631.0,4
18905,2026-01-09 23:20:00+00:00,5f5a82f8-3082-50c9-847d-42fc093f5c18,0.0,0.032,,,0.01,,0.185,0.185,86.0,,,0,[],1768001305.0,4
18908,2026-01-09 23:30:00+00:00,e596afc6-f027-5970-9030-165541989e00,0.0,0.026,,,0.006,,0.186,0.186,86.0,,,0,[],1768001870.0,4
18911,2026-01-09 23:40:00+00:00,9ba4721c-3530-5e1c-9ea1-60b8a736e857,0.0,0.014,,,0.007,,0.181,0.181,86.0,,,0,[],1768002426.0,4
18914,2026-01-09 23:50:00+00:00,e3cb0d41-ce2f-589b-91fa-7f0d92f3db55,0.0,0.013,,,0.007,,0.18,0.18,86.0,,,0,[],1768003101.0,4
18917,2026-01-10 00:00:00+00:00,e58cd7ee-16b0-5df7-9d7a-0bfffc3dc989,0.0,0.036,,,0.012,,0.177,0.177,86.0,,,0,[],1768003715.0,4
18920,2026-01-10 00:10:00+00:00,30fb2a92-1fa8-5a70-94e4-feefea7c3ddb,0.0,0.018,,,0.013,,0.182,0.182,86.0,,,0,[],1768004128.0,4
18923,2026-01-10 00:20:00+00:00,74bdf0d7-e9a5-5160-823f-e025f46f1eed,0.0,0.022,,,0.01,,0.179,0.179,85.0,,,0,[],1768004813.0,4
18926,2026-01-10 00:30:00+00:00,9395ff68-e264-5922-80fa-acb4cb71249a,0.0,0.027,,,0.015,,0.177,0.177,85.0,,,0,[],1768005497.0,4
18929,2026-01-10 00:40:00+00:00,4a1ba0a2-397c-5164-9a7b-ed4d01aa1324,0.0,0.0,,,0.011,,0.182,0.182,85.0,,,0,[],1768006044.0,4
18932,2026-01-10 00:50:00+00:00,bafff7d2-19c7-5b8f-8bf5-b0bc691e4d4d,0.0,0.045,,,0.014,,0.184,0.184,85.0,,,0,[],1768006718.0,4
18935,2026-01-10 01:00:00+00:00,d281370f-c7e4-5612-aa86-f27e6f9e722f,0.0,0.043,,,0.016,,0.182,0.182,85.0,,,0,[],1768007208.0,4
18938,2026-01-10 01:10:00+00:00,9974ed5b-6060-5704-9a2c-f5321f08d172,0.0,0.026,,,0.01,,0.18,0.18,85.0,,,0,[],1768007893.0,4
18941,2026-01-10 01:20:00+00:00,9882bc6b-ff37-5a79-a91d-f977b9e200c2,0.0,0.033,,,0.008,,0.18,0.18,85.0,,,0,[],1768008406.0,4
18944,2026-01-10 01:30:00+00:00,10368057-90aa-52dd-8d51-ba3bb80b0895,0.0,0.04,,,0.015,,0.181,0.181,85.0,,,0,[],1768009080.0,4
18947,2026-01-10 01:40:00+00:00,460c5978-76c8-5a4a-8c07-b7462ef3d352,0.0,0.018,,,0.011,,0.185,0.185,85.0,,,0,[],1768009604.0,4
18950,2026-01-10 01:50:00+00:00,2e445b7d-3fc0-54f8-bb58-155fafbe6b6a,0.0,0.032,,,0.016,,0.176,0.176,85.0,,,0,[],1768010289.0,4
18953,2026-01-10 02:00:00+00:00,d6a638e3-db2f-51f3-9653-fa54f5109e27,0.0,0.044,,,0.015,,0.184,0.184,85.0,,,0,[],1768010767.0,4
18956,2026-01-10 02:10:00+00:00,99ddcd70-e226-5764-be73-ee152c0d5c09,0.0,0.037,,,0.015,,0.178,0.178,85.0,,,0,[],1768011441.0,4
18959,2026-01-10 02:20:00+00:00,06ef51c5-934c-5ccd-a313-475b6164bee3,0.0,0.04,,,0.015,,0.184,0.184,85.0,,,0,[],1768012115.0,4
18962,2026-01-10 02:30:00+00:00,c1b86a81-11b0-557a-b645-b067dcb42c83,0.0,0.032,,,0.012,,0.182,0.182,85.0,,,0,[],1768012686.0,4
18965,2026-01-10 02:40:00+00:00,40acd7b2-e311-537b-9e02-98dc7b31b5c2,0.0,0.038,,,0.016,,0.181,0.181,85.0,,,0,[],1768013254.0,4
18968,2026-01-10 02:50:00+00:00,01a082f8-dc95-57d7-a12a-e7a3abf47e77,0.0,0.014,,,0.016,,0.183,0.183,85.0,,,0,[],1768013930.0,4
18971,2026-01-10 03:00:00+00:00,44b01f70-15e7-545f-a7ad-4f826b526d5e,0.0,0.025,,,0.016,,0.183,0.183,85.0,,,0,[],1768014531.0,4
18974,2026-01-10 03:10:00+00:00,64941fc2-a0e2-5baa-b950-b2cb33565a40,0.0,0.013,,,0.007,,0.182,0.182,85.0,,,0,[],1768014956.0,4
18977,2026-01-10 03:20:00+00:00,4b78cfdf-0336-5cea-941d-8fd0c53dd7dd,0.0,0.013,,,0.006,,0.181,0.181,85.0,,,0,[],1768015641.0,4
18980,2026-01-10 03:30:00+00:00,63162d2b-3591-5504-b8ed-86c5e0b6daa8,0.0,0.041,,,0.015,,0.184,0.184,85.0,,,0,[],1768016325.0,4
18983,2026-01-10 03:40:00+00:00,37802d89-3faa-5683-aeca-1a533775cd0c,0.0,0.034,,,0.016,,0.183,0.183,85.0,,,0,[],1768016860.0,4
18986,2026-01-10 03:50:00+00:00,6e8f49e3-b375-51c0-83fc-78a239d580c1,0.0,0.037,,,0.011,,0.185,0.185,85.0,,,0,[],1768017351.0,4
18989,2026-01-10 04:00:00+00:00,d889b286-c5cc-5ec4-9099-964a6a8f4a55,0.0,0.02,,,0.011,,0.182,0.182,85.0,,,0,[],1768018042.0,4
18992,2026-01-10 04:10:00+00:00,e127e500-3e30-5b46-ab54-e4a9da5ce452,0.0,0.018,,,0.014,,0.18,0.18,85.0,,,0,[],1768018718.0,4
18995,2026-01-10 04:20:00+00:00,024c8d2f-8dfa-5e29-a787-b6f8737e39fc,0.0,0.035,,,0.01,,0.181,0.181,85.0,,,0,[],1768019219.0,4
18998,2026-01-10 04:30:00+00:00,e57492a3-5620-5dc9-be65-c3d6d8ab5b0d,0.0,0.014,,,0.008,,0.177,0.177,85.0,,,0,[],1768019893.0,4
19001,2026-01-10 04:40:00+00:00,74898e62-ac1a-55cf-b823-3d729b21474e,0.0,0.027,,,0.009,,0.182,0.182,85.0,,,0,[],1768020438.0,4
19004,2026-01-10 05:00:00+00:00,7485e943-4214-5f38-af2a-4ddba79798b0,0.0,0.013,,,0.007,,0.181,0.181,85.0,,,0,[],1768021580.0,4
19008,2026-01-10 05:10:00+00:00,8541bd23-5d54-555c-863f-2d0ad7474854,0.0,0.0,,,0.006,,0.179,0.179,85.0,,,0,[],1768022255.0,4
19011,2026-01-10 05:20:00+00:00,2c590f07-7f34-5e25-bfba-db0d6b959807,0.0,0.024,,,0.017,,0.178,0.178,85.0,,,0,[],1768022929.0,4
19014,2026-01-10 05:30:00+00:00,e7a461bb-be0d-546c-8014-bac1aaf5d2e6,0.005,0.041,,,0.011,,0.177,0.177,85.0,,,0,[],1768023517.0,4
19017,2026-01-10 05:40:00+00:00,166e9815-927c-52fb-802b-ce463b9eff35,0.009,0.036,,,0.01,,0.178,0.178,85.0,,,0,[],1768024055.0,4
19020,2026-01-10 05:50:00+00:00,23ec74c0-849a-56f9-993b-9c15ddbca08b,0.024,0.0,,,0.014,,0.112,0.153,85.0,,,0,[],1768024730.0,4
19023,2026-01-10 06:00:00+00:00,11d6f58d-b1e4-59a0-a5c1-e8853f7a556d,0.068,0.023,,,0.017,,0.097,0.112,85.0,,,0,[],1768025308.0,4
19026,2026-01-10 06:10:00+00:00,27def208-f1f6-534e-9840-474e554e2512,0.159,0.022,,,0.016,,0.078,0.035,85.0,,,0,[],1768025756.0,4
19029,2026-01-10 06:20:00+00:00,ee707f4a-7946-5c62-86d3-67280a5b4b45,0.205,0.021,,,0.016,-0.072,0.065,-0.007,85.0,,,0,[],1768026440.0,4
19032,2026-01-10 06:30:00+00:00,047917cd-e1fb-5f5c-995a-8e607fc980fe,0.519,0.016,,,0.012,-0.279,,-0.3,85.0,,,0,[],1768027118.0,4
19035,2026-01-10 06:40:00+00:00,2b55ef6d-277f-59b3-9764-51ac48736126,0.862,0.0,,,0.007,-0.524,,-0.524,85.0,,,0,[],1768027673.0,4
19038,2026-01-10 06:50:00+00:00,c53d0ab5-4d94-5537-8b5f-0c027c126dcc,1.546,0.022,,,0.014,-1.185,,-1.185,85.0,,,0,[],1768028154.0,4
19041,2026-01-10 07:00:00+00:00,f353efd7-8c4b-5366-8fd5-49d7293dddc8,1.926,0.0,,,0.007,-1.588,,-1.588,85.0,,,0,[],1768028840.0,4
19044,2026-01-10 07:10:00+00:00,5fd06505-a050-56cf-bd8d-80b413f73119,3.198,0.025,,,0.015,-2.821,,-2.821,85.0,,,0,[],1768029517.0,4
19047,2026-01-10 07:20:00+00:00,8308e465-cd2b-5f55-a43d-70f339004589,3.115,0.014,,,0.012,-2.717,,-2.717,85.0,,,0,[],1768030034.0,4
19050,2026-01-10 07:30:00+00:00,f7d7cab4-23bd-56b7-8691-d73db09c6905,3.537,0.02,,,0.011,-3.16,,-3.16,86.0,,,0,[],1768030709.0,4
19053,2026-01-10 07:40:00+00:00,62e8496f-1204-5f06-b181-8b89b1fa0d90,4.982,0.013,,,0.007,-4.543,,-4.543,86.0,,,0,[],1768031235.0,4
19056,2026-01-10 07:50:00+00:00,c30c5b91-3723-5184-b92b-0ac0555c0991,7.353,0.021,,,0.011,-6.84,,-6.84,87.0,,,0,[],1768031917.0,4
19059,2026-01-10 08:00:00+00:00,a81ab44c-3ade-53a2-8960-d9437280f94e,8.296,0.023,,,0.009,-7.772,,-7.772,88.0,,,0,[],1768032395.0,4
19062,2026-01-10 08:10:00+00:00,b4c27c57-6430-5f48-b314-8f36feeff6c4,9.778,0.018,,,0.006,-9.206,,-9.206,89.0,,,0,[],1768033070.0,4
19065,2026-01-10 08:20:00+00:00,29fd650f-79a8-51f7-a2cc-ae6bc417fa7e,10.905,0.0,,,0.011,-10.267,,-10.267,90.0,,,0,[],1768033630.0,4
19068,2026-01-10 08:30:00+00:00,32d89c9e-2e07-56bd-8d97-066cac57445e,12.094,0.029,,,0.014,-11.43,,-11.43,91.5,,,0,[],1768034315.0,4
19071,2026-01-10 08:40:00+00:00,1207351b-897c-5bf3-b7ca-6e7a4de8afb7,13.358,0.021,,,0.015,-12.669,,-12.669,93.0,,,0,[],1768034869.0,4
19074,2026-01-10 08:50:00+00:00,f6364b1d-e6ee-5d26-b138-8d2d895554fb,14.308,0.0,,,0.008,-13.596,,-13.596,94.5,,,0,[],1768035432.0,4
19077,2026-01-10 09:00:00+00:00,5acd62b4-c0b5-5916-ae3b-8cdcf1713783,15.097,0.0,,,0.005,-14.336,,-14.336,96.0,,,0,[],1768035886.0,4
19080,2026-01-10 09:10:00+00:00,7ac8e8f3-66ee-584c-9965-f9a102f7b1ac,8.53,0.0,,,0.015,-7.979,,-7.979,98.0,,,0,[],1768036570.0,4
19083,2026-01-10 09:20:00+00:00,4dcfb57a-8663-56ca-87d4-d24dcc3758e8,0.359,0.013,,,0.005,,,-0.043,98.0,,,0,[],1768037255.0,4
19086,2026-01-10 09:30:00+00:00,908148ab-e2ec-5011-b6ac-79f189d38df1,0.196,0.045,,,0.025,,,0.016,98.0,,,0,[],1768037816.0,4
19089,2026-01-10 09:40:00+00:00,e7c94942-c5c2-500c-a46c-b613f392d377,0.339,0.068,,,0.004,,,0.005,98.0,,,0,[],1768038491.0,4
19092,2026-01-10 09:50:00+00:00,e00992f3-4a1a-5971-b7a2-39f9720a7e6c,0.228,0.053,,,0.008,,,0.033,98.0,,,0,[],1768038967.0,4
19095,2026-01-10 10:00:00+00:00,fd98aea7-feba-58a6-a214-8583a762e9ad,0.304,0.042,,,0.007,,,-0.023,98.0,,,0,[],1768039652.0,4
19098,2026-01-10 10:10:00+00:00,4f81523b-a047-5f83-8242-2235d9b16aec,0.328,0.015,,,0.008,-0.053,,-0.043,98.0,,,0,[],1768040316.0,4
19101,2026-01-10 10:20:00+00:00,c8f0bc94-7bad-5859-8e51-1707429d03c4,0.327,0.013,,,0.011,,,-0.024,98.0,,,0,[],1768040852.0,4
19104,2026-01-10 10:30:00+00:00,813b0310-5cfa-5cf1-8730-c8577ac3e38e,0.307,0.013,,,0.015,,,-0.018,98.0,,,0,[],1768041363.0,4
19107,2026-01-10 10:40:00+00:00,33175552-e733-53a9-88d0-8a1cce7328dd,0.332,0.041,,,0.012,,,-0.018,98.0,,,0,[],1768042048.0,4
19110,2026-01-10 10:50:00+00:00,83032a9d-26d5-56cd-939f-8881f2bc4377,0.54,0.137,,,0.017,-0.067,,-0.034,98.0,,,0,[],1768042732.0,4
19113,2026-01-10 11:00:00+00:00,aae54140-1407-523f-9b4f-41aff89d5663,0.323,0.0,,,0.014,-0.065,,-0.049,98.0,,,0,[],1768043212.0,4
19116,2026-01-10 11:10:00+00:00,1aad253c-080c-5f7b-9eb0-64d8fd6ee3e0,0.37,0.01,,,0.018,,,-0.017,98.0,,,0,[],1768043887.0,4
19119,2026-01-10 11:20:00+00:00,c11809f0-2250-5ee6-a253-1f055dda5de6,0.573,0.058,,,0.035,-0.079,,-0.113,98.0,,,0,[],1768044449.0,4
19122,2026-01-10 11:30:00+00:00,d707beed-c3d1-5442-b530-4a673b664474,0.358,0.032,,,0.008,,,-0.024,98.0,,,0,[],1768045116.0,4
19125,2026-01-10 11:40:00+00:00,54c32602-027c-5d7e-90c6-2b78fe347f40,0.289,0.039,,,0.012,-0.056,,-0.053,98.0,,,0,[],1768045686.0,4
19128,2026-01-10 11:50:00+00:00,caff0831-7344-52d9-af6b-7b0d3ebf52cb,0.262,0.059,,,0.008,,,0.003,98.0,,,0,[],1768046246.0,4
19131,2026-01-10 12:00:00+00:00,6a4f3663-ec7b-5923-a6d6-5b40c3b3b556,0.297,0.021,,,0.01,,,-0.014,98.0,,,0,[],1768046703.0,4
19134,2026-01-10 12:10:00+00:00,fb5c9c38-b9d2-5aa7-a04b-89de4053c46d,0.313,0.011,,,0.014,,,-0.027,98.0,,,0,[],1768047387.0,4
19137,2026-01-10 12:20:00+00:00,785201db-4cb2-5a42-bd4e-9fe9644eb853,0.337,0.067,,,0.01,,,-0.018,98.0,,,0,[],1768048071.0,4
19140,2026-01-10 12:30:00+00:00,acd7024d-09f4-59f7-b215-c5c3870b9f87,0.344,0.011,,,0.011,,,-0.015,98.0,,,0,[],1768048642.0,4
19143,2026-01-10 12:40:00+00:00,420d2849-1f88-571c-bd16-2e25a0459e49,0.372,0.045,,,0.008,,,-0.023,98.0,,,0,[],1768049317.0,4
19146,2026-01-10 12:50:00+00:00,11cd19aa-a6ac-53e2-b62f-26a1ce676cb2,0.309,0.0,,,0.008,-0.051,,-0.022,98.0,,,0,[],1768049782.0,4
19149,2026-01-10 13:00:00+00:00,423f3f79-d33c-509f-a53a-67b6e715a83a,0.129,0.181,,,-0.02,,,-0.047,98.0,,,0,[],1768050466.0,4
19152,2026-01-10 13:10:00+00:00,ad739610-f90d-5c5c-ac7e-bb725fb73269,0.306,0.081,,,-0.009,-0.065,,-0.024,98.0,,,0,[],1768051002.0,4
19155,2026-01-10 13:20:00+00:00,e5b56fba-beda-54fc-bc27-060c0a30fa3f,0.306,0.0,,,0.012,,,-0.021,98.0,,,0,[],1768051677.0,4
19158,2026-01-10 13:30:00+00:00,45c70e0a-6ae0-5a55-9442-a61754e10bcb,0.325,0.018,,,0.007,,,-0.018,98.0,,,0,[],1768052177.0,4
19161,2026-01-10 13:40:00+00:00,ee38820e-fbf3-59fa-bfdf-4af0423a8085,0.611,0.181,,,-0.057,-0.057,,-0.07,98.0,,,0,[],1768052862.0,4
19164,2026-01-10 13:50:00+00:00,36564c2a-176d-50d5-8836-e2de4b988289,0.303,0.071,,,0.009,,,0.017,98.0,,,0,[],1768053363.0,4
19167,2026-01-10 14:00:00+00:00,e7e25c3f-d726-526c-861e-123371667a96,0.289,0.026,,,0.015,,,-0.02,98.0,,,0,[],1768054037.0,4
19170,2026-01-10 14:10:00+00:00,678c775b-81ed-5c48-810b-de246788e7f0,0.308,0.019,,,0.01,-0.057,,-0.014,98.0,,,0,[],1768054711.0,4
19173,2026-01-10 14:20:00+00:00,2a14e70c-9624-561c-b9d1-e30e2d3d0088,0.287,0.04,,,0.009,-0.063,,-0.035,98.0,,,0,[],1768055256.0,4
19176,2026-01-10 14:30:00+00:00,d9356a8c-2b5f-516b-b92a-c8c9d3764361,0.321,0.066,,,0.012,,,-0.007,98.0,,,0,[],1768055723.0,4
19179,2026-01-10 14:40:00+00:00,ac9249a8-6de0-5103-b42e-fa47f788ea47,0.314,0.036,,,0.019,-0.064,,-0.037,98.0,,,0,[],1768056497.0,4
19182,2026-01-10 14:50:00+00:00,847e3ab6-2ad8-5154-9658-50d563b5a22a,0.254,0.04,,,0.008,,,-0.012,98.0,,,0,[],1768057073.0,4
19185,2026-01-10 15:00:00+00:00,b1c7648f-dded-581b-89b1-b561b863ae26,0.236,0.166,,,-0.004,,,-0.009,98.0,,,0,[],1768057518.0,4
19188,2026-01-10 15:10:00+00:00,4ed916b5-0fee-523f-b315-49a9584d0d83,0.175,0.116,,,0.03,,,-0.069,98.0,,,0,[],1768058204.0,4
19191,2026-01-10 15:20:00+00:00,dfc2b173-7818-5025-b2c3-926321cd02e6,0.32,0.016,,,0.014,,,-0.031,98.0,,,0,[],1768058888.0,4
19194,2026-01-10 15:30:00+00:00,0d8e1344-bbb5-598f-b0d5-c24dff155ef2,0.218,0.0,,,0.028,,,0.03,98.0,,,0,[],1768059447.0,4
19197,2026-01-10 15:40:00+00:00,5e79351c-8998-5816-b44c-a97fd4aa7c78,0.243,0.041,,,-0.052,-0.06,,-0.035,98.0,,,0,[],1768060121.0,4
19200,2026-01-10 15:50:00+00:00,9c2cce22-7f5b-5e69-93f0-00d8ff055f5b,0.378,0.023,,,-0.008,-0.053,,-0.033,98.0,,,0,[],1768060599.0,4
19203,2026-01-10 16:00:00+00:00,1278ea36-9be4-5887-b802-9f3d546b5635,0.282,0.025,,,0.008,-0.056,,-0.028,98.0,,,0,[],1768061285.0,4
19206,2026-01-10 16:10:00+00:00,0152ddb9-20ca-527d-b197-bd8932879812,0.277,0.038,,,0.007,,,-0.006,98.0,,,0,[],1768061808.0,4
19209,2026-01-10 16:20:00+00:00,bae1785e-9474-511e-b8d9-1546240a0d77,0.28,0.0,,,0.009,,,-0.034,98.0,,,0,[],1768062482.0,4
19212,2026-01-10 16:30:00+00:00,49e99d9c-57d3-5e91-a281-ae71bca68740,0.304,0.0,,,0.009,,,-0.005,98.0,,,0,[],1768062996.0,4
19215,2026-01-10 16:40:00+00:00,df7d95f5-3d39-5458-9381-23915eebe995,0.321,0.025,,,0.013,,,0.0,98.0,,,0,[],1768063680.0,4
19218,2026-01-10 16:50:00+00:00,fa9dd776-2c0e-58c3-97da-a332095f5b86,0.416,0.099,,,-0.014,-0.055,,-0.034,98.0,,,0,[],1768064168.0,4
19221,2026-01-10 17:00:00+00:00,ff59e149-b194-5272-b686-c3a7c7eee305,0.44,0.183,,,0.0,,,0.01,98.0,,,0,[],1768064842.0,4
19224,2026-01-10 17:10:00+00:00,99984ac0-3808-5658-ac20-9b6bc6963190,0.362,0.103,,,0.042,,,-0.018,98.0,,,0,[],1768065517.0,4
19227,2026-01-10 17:20:00+00:00,290e1ea2-1ad4-5931-93ee-479e559c7c12,0.179,0.15,,,-0.053,-0.079,,-0.06,98.0,,,0,[],1768066078.0,4
19230,2026-01-10 17:30:00+00:00,1c78ed30-d74b-5fd1-9392-79adf63dc1e7,0.25,0.0,,,0.009,-0.119,0.13,0.011,98.0,,,0,[],1768066528.0,4
19233,2026-01-10 17:40:00+00:00,577280a0-ba4b-5d20-bc8a-e101796bb4ac,0.074,0.013,,,0.007,,0.179,0.179,98.0,,,0,[],1768067312.0,4
19236,2026-01-10 17:50:00+00:00,384bc2d1-a067-52cf-b423-663e85bd584c,0.046,0.01,,,0.006,,0.118,0.164,98.0,,,0,[],1768067876.0,4
19239,2026-01-10 18:00:00+00:00,102438fa-18d8-5958-bcd9-5d1170cb4e4a,0.019,0.0,,,0.004,,0.204,0.204,98.0,,,0,[],1768068330.0,4
19242,2026-01-10 18:10:00+00:00,6b990bca-eb88-5393-b61b-6791d402deec,0.011,0.01,,,0.004,,0.199,0.199,98.0,,,0,[],1768069019.0,4
19245,2026-01-10 18:20:00+00:00,fd54d1e9-33d6-55fb-812c-f46f74168679,0.0,0.011,,,0.007,,0.201,0.201,98.0,,,0,[],1768069702.0,4
19248,2026-01-10 18:30:00+00:00,57c5b8cf-de2a-5b57-bb88-5f78b3de2ef5,0.0,0.01,,,0.007,,0.204,0.204,98.0,,,0,[],1768070261.0,4
19251,2026-01-10 18:40:00+00:00,3ebaa5b1-862d-56d4-8237-c0e2e97a52c9,0.0,0.022,,,0.006,,0.203,0.203,98.0,,,0,[],1768070936.0,4
19254,2026-01-10 18:50:00+00:00,df53e232-f6b2-56ee-85f1-e3a423c87f92,0.0,0.024,,,0.007,,0.206,0.206,98.0,,,0,[],1768071414.0,4
19257,2026-01-10 19:00:00+00:00,df972bb0-b592-5b1e-b3d5-7c99db299777,0.0,0.02,,,0.007,,0.203,0.203,98.0,,,0,[],1768072099.0,4
19260,2026-01-10 19:10:00+00:00,e167ffa0-f9e9-5f7a-afd9-af0b68ffb40a,0.0,0.018,,,0.01,,0.202,0.202,98.0,,,0,[],1768072622.0,4
19263,2026-01-10 19:20:00+00:00,838b3bb4-5b1e-5545-b769-2e518c714358,0.0,0.036,,,0.016,,0.242,0.242,98.0,,,0,[],1768073296.0,4
19266,2026-01-10 19:30:00+00:00,ad2317f7-c2b2-5ab4-825a-e19a29394f6c,0.0,0.0,,,0.006,,0.206,0.206,98.0,,,0,[],1768073809.0,4
19269,2026-01-10 19:40:00+00:00,34c2e14a-4e12-51c0-a04c-9c1da041b46c,0.0,0.025,,,0.014,,0.205,0.205,98.0,,,0,[],1768074494.0,4
19272,2026-01-10 19:50:00+00:00,9c52c304-2215-591d-8717-5d80a79d9367,0.0,0.023,,,0.007,,0.208,0.208,98.0,,,0,[],1768074983.0,4
19275,2026-01-10 20:00:00+00:00,614f9f78-1b98-53df-90d1-9caf8fad5866,0.0,0.013,,,0.006,,0.207,0.207,98.0,,,0,[],1768075656.0,4
19278,2026-01-10 20:10:00+00:00,98cf9925-047c-5a88-b046-f12b96b75514,0.0,0.016,,,0.01,,0.209,0.209,98.0,,,0,[],1768076204.0,4
19281,2026-01-10 20:20:00+00:00,a386093d-3c8f-592e-b86f-d6311122a024,0.0,0.023,,,0.006,,0.206,0.206,98.0,,,0,[],1768076888.0,4
19284,2026-01-10 20:30:00+00:00,13564c59-0652-5f2c-9881-82e87529c55a,0.0,0.015,,,0.011,,0.207,0.207,98.0,,,0,[],1768077342.0,4
19287,2026-01-10 20:40:00+00:00,36e09a31-f1f0-57a2-814a-c30c744a2001,0.0,0.013,,,0.006,,0.208,0.208,98.0,,,0,[],1768078082.0,4
19290,2026-01-10 20:50:00+00:00,f1c6d467-4c09-56de-96aa-7630755c5d58,0.0,0.018,,,0.011,,0.207,0.207,98.0,,,0,[],1768078796.0,4
19293,2026-01-10 21:00:00+00:00,3ade4cb4-36b5-5ff4-b468-c1ccc96b69c6,0.0,0.023,,,0.009,,0.21,0.21,98.0,,,0,[],1768079143.0,4
19296,2026-01-10 21:10:00+00:00,32907604-095f-565b-b546-04114c9603bd,0.0,0.011,,,0.008,,0.212,0.212,98.0,,,0,[],1768079915.0,4
19299,2026-01-10 21:20:00+00:00,fcbce10c-7624-515f-9344-e6d32ad9ddb5,0.0,0.031,,,0.017,,0.216,0.216,98.0,,,0,[],1768080321.0,4
19302,2026-01-10 21:30:00+00:00,c2fed10a-9b4f-5d83-8e57-73cda2922f10,0.0,0.046,,,0.013,,0.208,0.208,98.0,,,0,[],1768081022.0,4
19305,2026-01-10 21:40:00+00:00,4577fa2b-008f-5c17-809c-7e25759b1f64,0.0,0.047,,,0.014,,0.21,0.21,98.0,,,0,[],1768081706.0,4
19308,2026-01-10 21:50:00+00:00,3454fc5b-2fff-5cde-ab58-e89eb1dd8e79,0.0,0.041,,,0.011,,0.204,0.204,98.0,,,0,[],1768082275.0,4
19311,2026-01-10 22:00:00+00:00,4da7e1f6-c4b0-5a73-8215-e02d52669ec1,0.0,0.038,,,0.013,,0.204,0.204,98.0,,,0,[],1768082737.0,4
19314,2026-01-10 22:10:00+00:00,99340fff-41fe-556d-91d1-e4cced9bfd12,0.0,0.043,,,0.015,,0.204,0.204,98.0,,,0,[],1768083421.0,4
19317,2026-01-10 22:20:00+00:00,45d7a91f-8a2a-574c-b732-f75d2bd78560,0.0,0.025,,,0.009,,0.209,0.209,98.0,,,0,[],1768084105.0,4
19320,2026-01-10 22:30:00+00:00,047dd8a3-3e46-5519-b4a0-be32c4aae680,0.0,0.024,,,0.009,,0.206,0.206,98.0,,,0,[],1768084725.0,4
19323,2026-01-10 22:40:00+00:00,491a9e9e-5f9d-584e-9f96-38e74e0734cd,0.0,0.0,,,0.005,,0.206,0.206,98.0,,,0,[],1768085133.0,4
19326,2026-01-10 22:50:00+00:00,58a844c8-7332-5bc0-ba4f-3de8186681c1,0.0,0.038,,,0.008,,0.202,0.202,98.0,,,0,[],1768085817.0,4
19329,2026-01-10 23:00:00+00:00,8047ae83-ae5d-5bd0-af30-ca74a45f429c,0.0,0.046,,,0.009,,0.208,0.208,98.0,,,0,[],1768086501.0,4
19332,2026-01-10 23:10:00+00:00,53ed5669-3be6-5f13-b5f7-9f2c1a69c259,0.0,0.024,,,0.013,,0.204,0.204,98.0,,,0,[],1768087085.0,4
19335,2026-01-10 23:20:00+00:00,fbb19662-3c77-536b-9353-f4cd98f23938,0.0,0.055,,,0.013,,0.211,0.211,98.0,,,0,[],1768087529.0,4
19338,2026-01-10 23:30:00+00:00,60c51dd2-bf7e-5e62-aed8-14d4e9ae5571,0.0,0.051,,,0.015,,0.208,0.208,98.0,,,0,[],1768088213.0,4
19341,2026-01-10 23:40:00+00:00,aa8b3f3f-6902-5917-9bc8-92248cd9e13f,0.0,0.04,,,0.016,,0.208,0.208,98.0,,,0,[],1768088898.0,4
19344,2026-01-10 23:50:00+00:00,c45e0797-7318-5dbd-babd-3ba4d4e37353,0.0,0.044,,,0.01,,0.213,0.213,98.0,,,0,[],1768089445.0,4
19347,2026-01-11 00:00:00+00:00,72ca2a6d-dc2d-5b6b-a303-c370a75b2589,0.0,0.025,,,0.017,,0.212,0.212,98.0,,,0,[],1768089924.0,4
19350,2026-01-11 00:10:00+00:00,97387096-7fc7-589e-9e9d-bec3ee372886,0.0,0.023,,,0.013,,0.204,0.204,98.0,,,0,[],1768090715.0,4
19353,2026-01-11 00:20:00+00:00,bad35188-93ab-5135-9774-947c96f330f7,0.0,0.042,,,0.014,,0.205,0.205,98.0,,,0,[],1768091132.0,4
19356,2026-01-11 00:30:00+00:00,80003f4c-869d-5435-979a-e0d401ed82b9,0.0,0.049,,,0.008,,0.209,0.209,98.0,,,0,[],1768091806.0,4
19359,2026-01-11 00:40:00+00:00,45301cb2-4a77-5602-94af-3bfefe3acec8,0.0,0.036,,,0.005,,0.21,0.21,98.0,,,0,[],1768092480.0,4
19362,2026-01-11 00:50:00+00:00,909c68b2-3ccc-56b6-a117-69f6a491c9be,0.0,0.042,,,0.016,,0.203,0.203,98.0,,,0,[],1768093155.0,4
19365,2026-01-11 01:00:00+00:00,0a62bee0-7418-558e-bd9a-42252b4516ca,0.0,0.042,,,0.01,,0.208,0.208,98.0,,,0,[],1768093492.0,4
19368,2026-01-11 01:10:00+00:00,c963d14f-faee-5042-9a28-303b61de57dd,0.0,0.042,,,0.017,,0.206,0.206,97.0,,,0,[],1768094167.0,4
19371,2026-01-11 01:20:00+00:00,d337a568-e77c-5411-b7ea-87e7e9477f63,0.0,0.023,,,0.01,,0.204,0.204,97.0,,,0,[],1768094860.0,4
19374,2026-01-11 01:30:00+00:00,95c3d5be-8946-52d1-8c75-30232b9daf47,0.0,0.044,,,0.016,,0.206,0.206,97.0,,,0,[],1768095514.0,4
19377,2026-01-11 01:40:00+00:00,ed3ace2d-5612-5a15-ad4e-79b29e61f348,0.0,0.044,,,0.016,,0.203,0.203,97.0,,,0,[],1768095857.0,4
19380,2026-01-11 01:50:00+00:00,ecf52bd8-be30-5e8c-8bf4-f5b730939984,0.0,0.043,,,0.015,,0.206,0.206,97.0,,,0,[],1768096541.0,4
19383,2026-01-11 02:00:00+00:00,9647d09d-eac6-5069-9ccb-9072a19db72e,0.0,0.051,,,0.017,,0.209,0.209,97.0,,,0,[],1768097226.0,4
19386,2026-01-11 02:10:00+00:00,9f0cb173-97fe-5b5b-8272-c7bae21a95e8,0.001,0.048,,,0.015,,0.207,0.207,97.0,,,0,[],1768097910.0,4
19389,2026-01-11 02:20:00+00:00,36192863-ded6-5526-b960-ad8ed76df224,0.0,0.04,,,0.016,,0.207,0.207,97.0,,,0,[],1768098253.0,4
19392,2026-01-11 02:30:00+00:00,bcd1d9ce-dbfc-58c3-98d2-182b2e0c74db,0.0,0.033,,,0.013,,0.207,0.207,97.0,,,0,[],1768098938.0,4
19395,2026-01-11 02:40:00+00:00,d3901b9c-5501-5c5b-8bea-e0f9bfefbff4,0.0,0.034,,,0.016,,0.207,0.207,97.0,,,0,[],1768099622.0,4
19398,2026-01-11 02:50:00+00:00,89e2e757-59a1-544e-bcb5-13588f5f9e6b,0.0,0.034,,,0.012,,0.208,0.208,97.0,,,0,[],1768100307.0,4
19401,2026-01-11 03:00:00+00:00,5693264f-d19d-5806-af21-de8c2c236e96,0.0,0.044,,,0.018,,0.205,0.205,97.0,,,0,[],1768100900.0,4
19404,2026-01-11 03:10:00+00:00,19c606b1-ffa1-5097-8fa9-85c084e0386f,0.0,0.045,,,0.016,,0.205,0.205,97.0,,,0,[],1768101531.0,4
19407,2026-01-11 03:20:00+00:00,267ddd01-2a53-53a2-86a9-bd13fe5de33a,0.0,3.351,,,0.02,,3.587,3.587,97.0,,,0,[],1768102035.0,4
19410,2026-01-11 03:30:00+00:00,3e7ca0d0-7b91-54c9-b239-0c16983e63ed,0.0,8.866,,,0.014,,9.12,9.12,95.0,,,0,[],1768102717.0,4
19413,2026-01-11 03:40:00+00:00,4cc9fb4c-e7ec-5dce-b6d9-2e101a1caa49,0.0,9.035,,,-0.003,,9.781,9.781,94.0,,,0,[],1768103083.0,4
19416,2026-01-11 03:50:00+00:00,b2f9697e-50ea-55ce-9feb-f236c5b978fd,0.0,9.919,,,0.017,,10.201,10.201,93.0,,,0,[],1768103767.0,4
19419,2026-01-11 04:00:00+00:00,f4484c1e-4417-5f8c-8a6c-c71a7979878e,0.0,10.752,,,0.013,,10.523,10.523,91.0,,,0,[],1768104452.0,4
19422,2026-01-11 04:10:00+00:00,dcadb670-69b2-53da-a463-fcee26de7824,0.0,9.674,,,0.008,,10.439,10.439,90.0,,,0,[],1768105116.0,4
19425,2026-01-11 04:20:00+00:00,03f43280-bab1-5c4b-9131-bc77a2317285,0.0,9.779,,,0.006,,9.595,9.595,88.5,,,0,[],1768105690.0,4
19428,2026-01-11 04:30:00+00:00,93d75e37-9398-58e7-a56e-c228da534c61,0.0,9.367,,,0.006,,10.155,10.155,87.5,,,0,[],1768106164.0,4
19431,2026-01-11 04:40:00+00:00,9e9cc073-6f00-5aeb-82cc-60a1c8cf90cb,0.0,9.58,,,0.015,,9.864,9.864,86.0,,,0,[],1768106848.0,4
19434,2026-01-11 04:50:00+00:00,5be9608a-d892-55be-818d-1628ae33a390,0.001,9.678,,,0.018,,9.964,9.964,84.5,,,0,[],1768107532.0,4
19437,2026-01-11 05:00:00+00:00,8df1ffb6-845a-540b-903a-a631a94242de,0.0,10.019,,,-0.197,,10.752,10.752,83.5,,,0,[],1768108049.0,4
19440,2026-01-11 05:10:00+00:00,2294b66e-e9b5-52fc-a82f-d0ec43c3c22d,0.0,10.621,,,0.013,,10.928,10.928,82.0,,,0,[],1768108559.0,4
19443,2026-01-11 05:20:00+00:00,a465074f-23c5-5a4d-996d-a343e55bc152,0.001,13.252,,,0.013,,13.682,13.682,80.5,,,0,[],1768109243.0,4
19446,2026-01-11 05:30:00+00:00,2f4ab206-ff74-506b-a370-e4cd1e1211bd,0.009,12.009,,,0.009,,12.358,12.358,78.5,,,0,[],1768109918.0,4
19449,2026-01-11 05:40:00+00:00,651844d4-b59f-50b5-9d1a-690002efa4d6,0.018,10.9,,,0.024,,10.77,10.77,77.0,,,0,[],1768110409.0,4
19452,2026-01-11 05:50:00+00:00,2b22f61f-366b-5298-a44c-9a4d6a511b65,0.019,10.806,,,0.01,,11.113,11.113,75.0,,,0,[],1768111084.0,4
19455,2026-01-11 06:00:00+00:00,24ed2ff3-791c-533e-a888-21436a543290,0.032,11.336,,,0.015,,11.652,11.652,74.0,,,0,[],1768111638.0,4
19458,2026-01-11 06:10:00+00:00,050f0d57-a65b-52aa-9327-4e875456010a,0.061,10.97,,,0.057,,9.703,9.703,72.5,,,0,[],1768112318.0,4
19461,2026-01-11 06:20:00+00:00,2bc0ee96-b445-5fe3-a138-eab5c3275b48,0.072,10.123,,,0.007,,10.808,10.808,71.0,,,0,[],1768112819.0,4
19464,2026-01-11 06:30:00+00:00,62663783-ffd2-5f63-803a-97c599b45d33,0.074,11.274,,,0.013,,11.533,11.533,69.5,,,0,[],1768113462.0,4
19467,2026-01-11 06:40:00+00:00,81e96e02-53ea-5803-85dd-4f59d9210cef,0.082,9.102,,,0.01,,9.47,9.47,69.0,,,0,[],1768114136.0,4
19470,2026-01-11 06:50:00+00:00,ba5fd039-1572-5588-bc61-3a8dc4718539,0.155,9.169,,,0.01,,9.688,9.688,67.0,,,0,[],1768114486.0,4
19473,2026-01-11 07:00:00+00:00,51b28b2a-fac1-5a2e-983d-c1f4a08f2ef3,0.233,7.516,,,0.016,,7.557,7.557,66.0,,,0,[],1768115170.0,4
19476,2026-01-11 07:10:00+00:00,df3c4b2d-a6dd-5e19-9fc9-c7a648e4da1c,0.231,6.906,,,0.011,,6.945,6.945,65.0,,,0,[],1768115855.0,4
19479,2026-01-11 07:20:00+00:00,5d1e4aac-af8e-510d-9e65-141ecbd8c988,0.25,7.842,,,0.016,,7.85,7.85,64.0,,,0,[],1768116496.0,4
19482,2026-01-11 07:30:00+00:00,90456c5e-fc00-520c-a53a-3b579129268b,0.318,6.781,,,0.015,,6.699,6.699,63.0,,,0,[],1768116881.0,4
19485,2026-01-11 07:40:00+00:00,603dab04-8d8b-57be-a17d-d0c960503a44,0.6,6.925,,,0.017,,6.578,6.578,62.0,,,0,[],1768117566.0,4
19488,2026-01-11 07:50:00+00:00,52ae2cf9-e74f-5bc9-9eb6-497389e214b3,0.827,6.949,,,0.018,,6.435,6.435,61.0,,,0,[],1768118250.0,4
19491,2026-01-11 08:00:00+00:00,295c4b05-053a-5d18-aeff-cae8ae777c49,0.974,9.993,,,0.015,,9.34,9.34,60.0,,,0,[],1768118917.0,4
19494,2026-01-11 08:10:00+00:00,60fb0f5c-c46c-5a88-8d93-3fdbf2f55108,1.0,6.305,,,0.008,,5.838,5.838,60.0,,,0,[],1768119276.0,4
19497,2026-01-11 08:20:00+00:00,6cfb6787-abba-5bba-a88d-3239f57cc1fd,0.756,9.263,,,0.012,,8.801,8.801,59.0,,,0,[],1768119960.0,4
19500,2026-01-11 08:30:00+00:00,a03ee1e9-e216-5bc6-8124-90afeac83cb0,0.923,8.963,,,0.014,,8.339,8.339,57.0,,,0,[],1768120645.0,4
19503,2026-01-11 08:40:00+00:00,c82d4dab-42fb-594d-bbab-29a914897810,1.06,8.324,,,-0.076,,8.01,8.01,56.0,,,0,[],1768121318.0,4
19506,2026-01-11 08:50:00+00:00,41b51c36-8285-5d84-abc9-999d377828df,0.894,8.786,,,0.016,,8.179,8.179,55.5,,,0,[],1768121892.0,4
19509,2026-01-11 09:00:00+00:00,6690496f-18ee-51b0-879a-881913ca850c,1.372,7.016,,,-0.111,,6.222,6.222,55.0,,,0,[],1768122356.0,4
19512,2026-01-11 09:10:00+00:00,d4a8bbfc-4d13-5612-9e10-415f07420a16,1.735,6.102,,,0.015,,4.611,4.611,54.0,,,0,[],1768123042.0,4
19515,2026-01-11 09:20:00+00:00,eeb75940-0416-535d-99cd-8dbad310bd3b,1.995,9.084,,,0.018,,7.346,7.346,53.0,,,0,[],1768123622.0,4
19518,2026-01-11 09:30:00+00:00,fb00b1c1-29d8-5c5a-88eb-c31dcc0f02e4,2.525,6.185,,,0.007,,3.95,3.95,52.0,,,0,[],1768124273.0,4
19521,2026-01-11 09:40:00+00:00,e090378b-fd74-5c3d-9f37-98e782589737,2.358,4.981,,,0.009,,2.91,2.91,52.0,,,0,[],1768124616.0,4
19524,2026-01-11 09:50:00+00:00,11e274ab-c23c-566e-99c4-819f4fcca500,1.369,8.68,,,0.011,,7.597,7.597,51.0,,,0,[],1768125299.0,4
19527,2026-01-11 10:00:00+00:00,6945c9d7-76b9-5406-8b5f-06a731680457,0.831,11.76,,,0.008,,11.33,11.33,50.0,,,0,[],1768125984.0,4
19530,2026-01-11 10:10:00+00:00,063457fe-cd2a-525e-b54e-6d24ba742ca5,1.357,9.383,,,0.313,,7.809,7.809,48.0,,,0,[],1768126668.0,4
19533,2026-01-11 10:20:00+00:00,756b00ba-5188-53a6-9840-12c5cb351649,1.881,9.294,,,0.007,,7.719,7.719,47.5,,,0,[],1768127300.0,4
19536,2026-01-11 10:30:00+00:00,e4cbcb13-bbca-5dc4-8127-b3342a83944b,2.598,9.864,,,0.01,,7.59,7.59,46.5,,,0,[],1768127695.0,4
19539,2026-01-11 10:40:00+00:00,0a16f60c-56cb-55e4-bc3a-1fdf28784464,3.443,9.93,,,0.01,,6.578,6.578,46.0,,,0,[],1768128380.0,4
19542,2026-01-11 10:50:00+00:00,49d691fc-816a-55e6-b06f-ea4f33cd8e34,4.029,9.676,,,0.027,,5.902,5.902,45.0,,,0,[],1768129066.0,4
19545,2026-01-11 11:00:00+00:00,e569ae99-6a79-5491-a5f4-6c1c791055e7,4.647,9.707,,,0.015,,5.535,5.535,44.0,,,0,[],1768129661.0,4
19548,2026-01-11 11:10:00+00:00,c1d12c96-9f7d-5aec-925b-d618b8560d71,5.71,10.451,,,0.011,,5.062,5.062,43.0,,,0,[],1768130093.0,4
19551,2026-01-11 11:20:00+00:00,722a8cc0-59d9-5a48-b76d-4246e4151764,6.529,9.985,,,0.009,,3.745,3.745,43.0,,,0,[],1768130778.0,4
19554,2026-01-11 11:30:00+00:00,e634d2f4-4f9d-5b81-a436-3d6c95a70d92,6.701,9.71,,,0.02,,3.255,3.255,42.0,,,0,[],1768131463.0,4
19557,2026-01-11 11:40:00+00:00,afc49596-0c44-5305-b9d8-3d6c7f93fb15,6.796,9.255,,,0.01,,2.755,2.755,42.0,,,0,[],1768132021.0,4
19560,2026-01-11 11:50:00+00:00,67ebf737-b4f1-578d-b017-7e23bf30bfbb,7.629,10.623,,,0.014,,3.272,3.272,41.0,,,0,[],1768132488.0,4
19563,2026-01-11 12:00:00+00:00,673eb45b-9c5a-5558-ab82-cc38cabb13c9,8.376,11.23,,,0.013,,3.178,3.178,41.0,,,0,[],1768133247.0,4
19566,2026-01-11 12:10:00+00:00,c5cc46bf-0591-5907-a542-978719a2d70d,8.709,10.952,,,0.007,,3.434,3.434,40.0,,,0,[],1768133846.0,4
19569,2026-01-11 12:20:00+00:00,ae810947-b118-5ba8-aca3-ee9f48fabebb,9.219,11.736,,,0.015,,2.733,2.733,40.0,,,0,[],1768134315.0,4
19572,2026-01-11 12:30:00+00:00,6e711a53-dd5c-5d74-a88b-1d02bd4155b4,9.82,9.811,,,0.005,-0.135,,-0.135,40.0,,,0,[],1768134999.0,4
19575,2026-01-11 12:40:00+00:00,7c98bbd4-aa70-5acc-a247-f04def8409f4,10.36,9.272,,,0.012,-0.763,,-0.763,40.0,,,0,[],1768135683.0,4
19578,2026-01-11 12:50:00+00:00,5bf07e22-538f-5ae1-a401-7492cf2e4664,10.942,9.586,,,0.03,-1.074,,-1.074,40.0,,,0,[],1768136205.0,4
19581,2026-01-11 13:00:00+00:00,e5db88a2-b71c-5e7c-b274-4adeb5514083,12.588,8.86,,,0.011,-3.421,,-3.421,40.0,,,0,[],1768136879.0,4
19584,2026-01-11 13:10:00+00:00,a61c06ff-4897-5cbc-a7d6-b42fd4e57889,11.741,7.724,,,0.016,-3.721,,-3.721,41.0,,,0,[],1768137394.0,4
19587,2026-01-11 13:20:00+00:00,1ce31fbb-b03c-5fc6-a650-ebfc57d7c34c,10.656,6.42,,,-0.028,-3.326,,-3.326,41.0,,,0,[],1768138078.0,4
19590,2026-01-11 13:30:00+00:00,610e8944-74b2-5138-aba8-68c131eaf2ef,9.756,6.703,,,0.008,-2.68,,-2.68,42.0,,,0,[],1768138564.0,4
19593,2026-01-11 13:40:00+00:00,289280d4-de63-5926-9d25-2375351a3211,9.99,7.279,,,0.016,-1.803,,-1.803,42.0,,,0,[],1768139240.0,4
19596,2026-01-11 13:50:00+00:00,808dcf04-aeae-520b-89fa-8f5e15907472,10.261,9.398,,,0.006,-0.496,,-0.496,42.0,,,0,[],1768139914.0,4
19599,2026-01-11 14:00:00+00:00,e20d4f10-c72a-54b5-9473-8e208d87787e,11.99,8.348,,,0.014,-3.275,,-3.275,42.0,,,0,[],1768140478.0,4
19602,2026-01-11 14:10:00+00:00,3275b31b-0ac8-529c-a81d-cfe9e3a5e13c,12.067,9.707,,,0.014,-1.994,,-1.994,42.0,,,0,[],1768140926.0,4
19605,2026-01-11 14:20:00+00:00,10ebd2e6-f74e-55e6-9788-bcfa6a79ade5,9.295,6.789,,,0.014,-2.136,,-2.136,43.0,,,0,[],1768141600.0,4
19608,2026-01-11 14:30:00+00:00,dcb43ec4-baed-557f-b632-2ef54751c1e8,8.346,10.372,,,0.015,,2.313,2.313,43.0,,,0,[],1768142274.0,4
19611,2026-01-11 14:40:00+00:00,2a9efe02-ee78-55f9-8802-b6a7f704ef9c,6.98,9.087,,,0.019,,2.338,2.338,43.0,,,0,[],1768142875.0,4
19614,2026-01-11 14:50:00+00:00,143a9f69-3aaa-5dbf-bd66-1d6123bd6c07,8.66,8.607,,,0.02,-0.482,0.741,0.259,43.0,,,0,[],1768143285.0,4
19617,2026-01-11 15:00:00+00:00,4fcb3bc3-5b55-5d19-b700-268d2d496629,7.984,7.007,,,0.005,-1.053,0.385,-0.668,43.0,,,0,[],1768144061.0,4
19620,2026-01-11 15:10:00+00:00,0f81f8e1-9195-5e9e-ac40-58880608bc4e,8.169,6.286,,,0.042,-1.705,,-1.705,43.0,,,0,[],1768144571.0,4
19623,2026-01-11 15:20:00+00:00,6e7e12b3-14d8-5b65-bfdd-a5d269df125a,8.58,6.384,,,0.015,-1.906,,-1.906,43.0,,,0,[],1768145245.0,4
19626,2026-01-11 15:30:00+00:00,5c7e041c-aea8-5be6-bbc6-9f946423205a,8.483,7.197,,,0.016,-0.92,,-0.92,43.0,,,0,[],1768145782.0,4
19629,2026-01-11 15:40:00+00:00,adbae933-9f08-50d3-a8af-68f1f0b2216f,7.474,4.476,,,-0.025,-1.967,,-1.967,43.0,,,0,[],1768146468.0,4
19632,2026-01-11 15:50:00+00:00,515adbd4-bb75-5d2f-9dac-daa17d7c1397,6.894,4.333,,,-0.021,-2.113,,-2.113,44.0,,,0,[],1768146930.0,4
19635,2026-01-11 16:00:00+00:00,bd05eeba-9431-5182-aa0b-0e51a198d8f4,6.939,5.028,,,0.021,-1.67,,-1.67,44.0,,,0,[],1768147605.0,4
19638,2026-01-11 16:10:00+00:00,daacc304-7826-5f84-97ff-66fd164ea62a,6.538,6.702,,,0.015,-0.616,1.026,0.41,44.0,,,0,[],1768148279.0,4
19641,2026-01-11 16:20:00+00:00,b66a3bc1-2f27-537a-a784-0d16d855ff12,5.582,4.765,,,0.017,-0.552,,-0.56,44.0,,,0,[],1768148869.0,4
19644,2026-01-11 16:30:00+00:00,2afda4b1-569d-5132-aa35-a1f3d9952f49,4.551,3.624,,,0.011,-0.636,,-0.636,44.0,,,0,[],1768149536.0,4
19647,2026-01-11 16:40:00+00:00,c8f9d339-4278-5b68-9c85-812af6c9c32d,2.782,4.98,,,0.015,,2.422,2.422,44.0,,,0,[],1768149965.0,4
19650,2026-01-11 16:50:00+00:00,02d75694-9ef6-54b3-8d38-cac2dca06ede,1.308,3.756,,,0.013,,2.82,2.82,43.5,,,0,[],1768150639.0,4
19653,2026-01-11 17:00:00+00:00,ca3789af-2b27-5e51-aab5-b963264d2adf,0.709,3.924,,,0.007,,3.439,3.439,43.0,,,0,[],1768151316.0,4
19656,2026-01-11 17:10:00+00:00,89d7baf6-98a9-5b32-a664-fed60459980d,0.561,9.013,,,0.009,,8.754,8.754,43.0,,,0,[],1768151937.0,4
19659,2026-01-11 17:20:00+00:00,6c3afc9d-b416-5010-80ec-a4a5d3182551,0.426,11.578,,,0.012,,11.858,11.858,41.0,,,0,[],1768152327.0,4
19662,2026-01-11 17:30:00+00:00,cdae8a0a-4f68-5f16-b725-8a99e394dce8,0.257,14.582,,,0.009,,15.247,15.247,39.0,,,0,[],1768153002.0,4
19665,2026-01-11 17:40:00+00:00,0009abde-20ee-5f2a-a855-0efeb5960306,0.071,13.523,,,-0.111,,14.121,14.121,37.0,,,0,[],1768153676.0,4
19668,2026-01-11 17:50:00+00:00,d49be572-e265-5909-9e12-aa6dd8f5720c,0.029,9.803,,,3.674,,6.38,6.379,35.5,,,0,[],1768154338.0,4
19671,2026-01-11 18:00:00+00:00,c4ec450c-1a05-5f6f-8889-a8ac6e706844,0.012,6.25,,,6.392,,,0.04,35.0,,,0,[],1768154875.0,4
19674,2026-01-11 18:10:00+00:00,93b3d6dd-2fa6-56ed-b198-78e339695f5c,0.006,5.487,,,5.623,,,0.041,35.0,,,0,[],1768155406.0,4
19677,2026-01-11 18:20:00+00:00,c8aee13d-cca5-5d20-8bd4-d4963b73f0f2,0.0,7.732,,,7.889,,,0.036,35.0,,,0,[],1768156080.0,4
19680,2026-01-11 18:30:00+00:00,4e23717a-abef-50a3-a413-93283292ca82,0.0,7.764,,,7.92,,,0.027,35.0,,,0,[],1768156594.0,4
19683,2026-01-11 18:40:00+00:00,06a9261e-6a75-57e7-bbb5-2392719f5f1e,0.0,8.357,,,8.511,,,0.048,35.0,,,0,[],1768157280.0,4
19686,2026-01-11 18:50:00+00:00,958f22e3-7cf9-565f-863f-565e70877a4c,0.0,8.484,,,8.636,,,0.036,35.0,,,0,[],1768157766.0,4
19689,2026-01-11 19:00:00+00:00,6badccde-92d9-55e3-87e1-295ab69cab90,0.0,8.581,,,8.727,,,0.04,35.0,,,0,[],1768158440.0,4
19692,2026-01-11 19:10:00+00:00,ece65321-e6dc-5970-8c47-bea7322ac78a,0.0,9.246,,,9.411,,,0.044,35.0,,,0,[],1768159115.0,4
19695,2026-01-11 19:20:00+00:00,0fa23083-6ccb-513f-b727-b4572f0ac68a,0.0,7.876,,,8.008,,,0.042,35.0,,,0,[],1768159679.0,4
19698,2026-01-11 19:30:00+00:00,3ae8a9db-8a55-54b4-afe2-f4c6bb99985d,0.0,5.781,,,5.924,,,0.037,35.0,,,0,[],1768160126.0,4
19701,2026-01-11 19:40:00+00:00,0fcb93ca-f32d-5642-a1cc-32168d66c6ed,0.0,5.933,,,6.073,,,0.037,35.0,,,0,[],1768160801.0,4
19704,2026-01-11 19:50:00+00:00,ec95c104-bdaa-5518-bdec-0710e77edad0,0.0,6.721,,,6.86,,,0.044,35.0,,,0,[],1768161475.0,4
19707,2026-01-11 20:00:00+00:00,df98aba5-d31e-5553-b107-017de2fe2cd5,0.0,7.414,,,7.564,,,0.033,35.0,,,0,[],1768162079.0,4
19710,2026-01-11 20:10:00+00:00,e83c315a-9ee1-5326-9244-8f4cb14b8fb3,0.0,8.155,,,8.279,,,0.039,35.0,,,0,[],1768162486.0,4
19713,2026-01-11 20:20:00+00:00,4740bdc8-1632-5b33-9379-4c8e8563d4f7,0.0,7.813,,,7.95,,,0.043,35.0,,,0,[],1768163160.0,4
19716,2026-01-11 20:30:00+00:00,059f5bba-ce05-5d3c-b5b0-dc0f860fd340,0.0,8.452,,,8.593,,,0.037,35.0,,,0,[],1768163835.0,4
19719,2026-01-11 20:40:00+00:00,02bb71da-61ce-50fd-9850-5a4443a9a16f,0.0,7.881,,,8.014,,,0.04,35.0,,,0,[],1768164509.0,4
19722,2026-01-11 20:50:00+00:00,d6c19a5f-0746-5398-86a7-476989019a96,0.0,8.711,,,8.84,,,0.038,35.0,,,0,[],1768165198.0,4
19725,2026-01-11 21:00:00+00:00,703bfa37-dcdc-5284-aa71-69266021c51d,0.0,8.656,,,8.798,,,0.041,35.0,,,0,[],1768165687.0,4
19728,2026-01-11 21:10:00+00:00,f8ac243e-d688-5fdc-8639-94210e310e41,0.0,9.527,,,9.66,,,0.034,35.0,,,0,[],1768166218.0,4
19731,2026-01-11 21:20:00+00:00,dee45153-2d10-5f53-8535-944bca074c19,0.0,8.285,,,8.417,,,0.036,35.0,,,0,[],1768166892.0,4
19734,2026-01-11 21:30:00+00:00,f3af27a0-0b45-5318-a093-4f815141b162,0.0,9.166,,,9.311,,,0.034,35.0,,,0,[],1768167407.0,4
19737,2026-01-11 21:40:00+00:00,fbf8f640-2bea-5b7b-a899-8b5619bc7867,0.0,8.04,,,8.19,,,0.03,35.0,,,0,[],1768168091.0,4
19740,2026-01-11 21:50:00+00:00,9bd6ad7f-cdfc-595e-8ffa-4bf27c1e47d0,0.0,6.994,,,7.134,,,0.046,35.0,,,0,[],1768168578.0,4
19743,2026-01-11 22:00:00+00:00,b2527f4a-054f-58ef-a63a-65aca17e040d,0.0,7.16,,,7.296,,,0.047,35.0,,,0,[],1768169252.0,4
19746,2026-01-11 22:10:00+00:00,a30d98b5-e2fa-5a0c-afdc-009cd715b2cc,0.0,7.604,,,7.738,,,0.035,35.0,,,0,[],1768169801.0,4
19749,2026-01-11 22:20:00+00:00,8d959a32-0b93-5b3c-b631-dad2bc7ae34a,0.0,7.67,,,7.804,,,0.037,35.0,,,0,[],1768170487.0,4
19752,2026-01-11 22:30:00+00:00,616e2236-97b9-5971-a1cd-e9cd69ed2e88,0.0,8.073,,,8.205,,,0.039,35.0,,,0,[],1768170938.0,4
19755,2026-01-11 22:40:00+00:00,0c837279-85da-507c-b6d5-58c36d44f5f3,0.0,8.234,,,8.376,,,0.029,35.0,,,0,[],1768171612.0,4
19758,2026-01-11 22:50:00+00:00,6f382b51-6fe5-5632-bbe0-3e29967cd3a2,0.0,8.095,,,8.22,,,0.048,35.0,,,0,[],1768172286.0,4
19761,2026-01-11 23:00:00+00:00,66b62a49-7320-5fe2-8b1d-304d3cc490e9,0.0,7.403,,,7.534,,,0.05,35.0,,,0,[],1768172961.0,4
19764,2026-01-11 23:10:00+00:00,e36d9b63-2d43-579a-8df3-d5db9446ca78,0.0,7.311,,,7.443,,,0.044,35.0,,,0,[],1768173298.0,4
19767,2026-01-11 23:20:00+00:00,038f965e-2e88-5f5e-b325-f7a9b61175ae,0.0,7.168,,,7.308,,,0.041,35.0,,,0,[],1768173972.0,4
19770,2026-01-11 23:30:00+00:00,f4c02869-377c-50f7-9b46-43fd57853979,0.0,7.956,,,8.104,,,0.039,35.0,,,0,[],1768174647.0,4
19773,2026-01-11 23:40:00+00:00,98f9a51c-ebd3-550e-8c5a-bfa997f48da2,0.0,7.184,,,7.326,,,0.034,35.0,,,0,[],1768175321.0,4
19776,2026-01-11 23:50:00+00:00,62666edc-fbf9-5c21-a499-062933e5f94d,0.0,6.686,,,6.831,,,0.028,35.0,,,0,[],1768175659.0,4
19779,2026-01-12 00:00:00+00:00,8b6291c6-320a-5ca5-b4b9-aed7afa58ec6,0.0,7.166,,,7.308,,,0.036,35.0,,,0,[],1768176499.0,4
19782,2026-01-12 00:10:00+00:00,2c76914b-e6c2-594c-8477-93ce5e10687d,0.0,6.978,,,7.127,,,0.026,35.0,,,0,[],1768177008.0,4
19785,2026-01-12 00:20:00+00:00,35326778-cc17-5e11-807c-2b3155a502a8,0.0,6.908,,,7.047,,,0.037,35.0,,,0,[],1768177682.0,4
19788,2026-01-12 00:30:00+00:00,71c784a1-a097-5721-90e4-84e1a2b0376d,0.0,6.722,,,6.857,,,0.043,35.0,,,0,[],1768178218.0,4
19791,2026-01-12 00:40:00+00:00,b7b25991-59c3-55a3-9775-7cb559a75326,0.0,5.916,,,6.051,,,0.037,35.0,,,0,[],1768178902.0,4
19794,2026-01-12 00:50:00+00:00,3d06adeb-ab11-527f-b0a7-521f0bd3ebfa,0.0,5.768,,,5.909,,,0.033,35.0,,,0,[],1768179368.0,4
19797,2026-01-12 01:00:00+00:00,e174b8dd-ea95-53bc-adb1-d9bfc776b5c3,0.0,5.636,,,5.764,,,0.043,35.0,,,0,[],1768180043.0,4
19800,2026-01-12 01:10:00+00:00,7f49b5aa-9c39-5c2d-ae9d-10c706c839e4,0.0,5.324,,,5.462,,,0.033,35.0,,,0,[],1768180717.0,4
19803,2026-01-12 01:20:00+00:00,7bf4d6d1-ff8a-562e-ba2a-0e4ec98d698d,0.0,5.619,,,5.747,,,0.045,35.0,,,0,[],1768181300.0,4
19806,2026-01-12 01:30:00+00:00,69253e08-edde-5254-8cfe-04540b1f7d8f,0.0,5.265,,,5.413,,,0.031,35.0,,,0,[],1768181729.0,4
19809,2026-01-12 01:40:00+00:00,55017188-b0f3-571c-b0d8-cac344a282d4,0.0,6.904,,,7.056,,,0.029,35.0,,,0,[],1768182403.0,4
19812,2026-01-12 01:50:00+00:00,9db1a4c1-12e5-5145-8371-73c1a09a207e,0.0,6.563,,,6.707,,,0.033,35.0,,,0,[],1768183078.0,4
19815,2026-01-12 02:10:00+00:00,b28887af-7cbe-5837-b665-39966016cf8e,0.0,5.646,,,5.788,,,0.037,35.0,,,0,[],1768184089.0,4
19818,2026-01-12 02:20:00+00:00,a33cb413-a8b4-56a0-9793-155fd3985686,0.0,5.719,,,5.863,,,0.027,35.0,,,0,[],1768184764.0,4
19821,2026-01-12 02:30:00+00:00,15b4a568-a2a2-5e2e-84f5-08467017223d,0.0,6.106,,,6.254,,,0.04,35.0,,,0,[],1768185439.0,4
19824,2026-01-12 02:40:00+00:00,05788949-a8e8-571f-a063-ba67120778b8,0.0,5.346,,,5.491,,,0.035,35.0,,,0,[],1768186114.0,4
19827,2026-01-12 02:50:00+00:00,0614cf3c-106a-5b30-b3c0-8494ef69fa3c,0.0,5.392,,,5.542,,,0.031,35.0,,,0,[],1768186451.0,4
19830,2026-01-12 03:00:00+00:00,4107db64-6c8b-528c-9bc4-99bd737ce70e,0.0,4.845,,,4.992,,,0.03,35.0,,,0,[],1768187314.0,4
19833,2026-01-12 03:10:00+00:00,cba7559b-0814-5d14-ae70-7d2ef7123a1f,0.0,4.823,,,4.971,,,0.027,35.0,,,0,[],1768187835.0,4
19836,2026-01-12 03:20:00+00:00,e709a06c-60c7-55da-9163-8e5adedd16ac,0.0,4.716,,,4.856,,,0.035,35.0,,,0,[],1768188513.0,4
19839,2026-01-12 03:30:00+00:00,cc04e680-7c5f-542d-a758-34d857efdb9c,0.0,4.795,,,4.932,,,0.034,35.0,,,0,[],1768189033.0,4
19842,2026-01-12 03:40:00+00:00,b8ac061f-726d-5d0a-bd70-05a8a6a5d04f,0.0,4.847,,,4.972,,,0.04,35.0,,,0,[],1768189718.0,4
19845,2026-01-12 03:50:00+00:00,35e7da69-c86e-5b86-83b4-883ab0f8b9d4,0.0,5.436,,,5.584,,,0.03,35.0,,,0,[],1768190199.0,4
19848,2026-01-12 04:00:00+00:00,d62f39c0-eaf5-5a64-9190-f0016e09b8f8,0.0,5.571,,,5.716,,,0.032,35.0,,,0,[],1768190874.0,4
19851,2026-01-12 04:10:00+00:00,5a9df4f5-f260-5ce7-8b43-1b0bfb7fce4a,0.0,4.604,,,4.739,,,0.041,35.0,,,0,[],1768191431.0,4
19854,2026-01-12 04:20:00+00:00,bcc51f98-9b9f-5b19-b1e4-2d0bc6cdfa05,0.0,4.346,,,4.49,,,0.029,35.0,,,0,[],1768192116.0,4
19857,2026-01-12 04:30:00+00:00,254f3712-3bc3-5a12-be52-2cbabd0b79fd,0.0,5.302,,,5.441,,,0.039,35.0,,,0,[],1768192559.0,4
19860,2026-01-12 04:40:00+00:00,3c6d6036-ac46-5068-933c-88c0b6b90c37,0.0,5.47,,,5.61,,,0.045,35.0,,,0,[],1768193234.0,4
19863,2026-01-12 04:50:00+00:00,8cb327b8-5954-5018-89df-78c0935322fb,0.001,4.043,,,4.184,,,0.041,35.0,,,0,[],1768193908.0,4
19866,2026-01-12 05:00:00+00:00,20349389-bf35-5718-bf09-a32d9c5fd69b,0.0,3.938,,,4.07,,,0.039,35.0,,,0,[],1768194514.0,4
19869,2026-01-12 05:10:00+00:00,038c9335-707b-5538-aa88-934949d7010a,0.0,4.44,,,4.579,,,0.034,35.0,,,0,[],1768194919.0,4
19872,2026-01-12 05:20:00+00:00,655350c1-bebb-5392-b1a9-9ef266ff9683,0.002,5.494,,,5.638,,,0.026,35.0,,,0,[],1768195593.0,4
19875,2026-01-12 05:30:00+00:00,72e76025-971e-5508-b37e-a1a4ba6d1784,0.009,4.548,,,4.683,,,0.04,35.0,,,0,[],1768196268.0,4
19878,2026-01-12 05:40:00+00:00,aa07497c-e487-5ea8-8059-0a73106739e3,0.011,4.954,,,5.097,,,0.034,35.0,,,0,[],1768196909.0,4
19881,2026-01-12 05:50:00+00:00,dacb9fe7-b133-5b6e-b7a8-8a7d24427b44,0.03,5.234,,,5.367,,,0.034,35.0,,,0,[],1768197279.0,4
19884,2026-01-12 06:00:00+00:00,dd8a02f2-9020-54bb-ace7-5eaad5df908b,0.095,4.671,,,4.754,,0.051,0.051,35.0,,,0,[],1768198118.0,4
19887,2026-01-12 06:10:00+00:00,8cb95c6d-2924-595d-8a0c-9e4146c0f423,0.257,6.192,,,6.141,,0.07,0.053,35.0,,,0,[],1768198636.0,4
19890,2026-01-12 06:20:00+00:00,dfabfd00-aaf0-583d-beed-f86043e4ad3c,0.5,4.866,,,4.564,,0.062,0.046,35.0,,,0,[],1768199310.0,4
19893,2026-01-12 06:30:00+00:00,634d8453-d544-51fc-a8ae-c731732a029e,0.581,4.8,,,4.416,,0.064,0.055,35.0,,,0,[],1768199846.0,4
19896,2026-01-12 06:40:00+00:00,4d22fcef-7084-5629-9136-49c384e28f75,1.091,6.599,,,5.695,,0.081,0.061,35.0,,,0,[],1768200530.0,4
19898,2026-01-12 06:50:00+00:00,35a51c69-611c-5760-bbff-35a7d0f1cef1,1.574,7.395,,,5.986,,0.08,0.064,35.0,,,0,[],1768200997.0,4
19900,2026-01-12 07:00:00+00:00,b065038a-e776-58de-a034-22372128012a,2.368,6.65,,,4.456,,0.088,0.069,35.0,,,0,[],1768201671.0,4
19902,2026-01-12 07:10:00+00:00,ddb445b6-36be-5ace-b3b0-d09c0b98ea55,3.398,7.737,,,4.501,,0.074,0.076,35.0,,,0,[],1768202241.0,4
19904,2026-01-12 07:20:00+00:00,3d64b7c1-c790-5bdf-9d56-ddca8cd5a579,4.208,7.089,,,3.093,,0.07,0.057,35.0,,,0,[],1768202918.0,4
19906,2026-01-12 07:30:00+00:00,e30193e3-baf7-573d-8552-2a1259103459,4.699,7.404,,,2.938,,0.083,0.07,35.0,,,0,[],1768203359.0,4
19908,2026-01-12 07:40:00+00:00,b15b7380-7eb2-5f8f-bb26-53c89d904f07,5.129,10.297,,,5.354,,0.089,0.072,35.0,,,0,[],1768204034.0,4
19910,2026-01-12 07:50:00+00:00,d9ab6831-a04c-59ae-bed2-7a7c9973bc72,4.643,10.458,,,5.994,,0.078,0.072,35.0,,,0,[],1768204708.0,4
19912,2026-01-12 08:00:00+00:00,953c41d9-f16e-57b5-84fb-90b2bee01ee4,4.529,8.657,,,4.33,,0.078,0.074,35.0,,,0,[],1768205318.0,4
19915,2026-01-12 08:10:00+00:00,b5772a8a-af51-54e3-8736-ab623b55a2b9,4.601,8.866,,,4.454,,0.077,0.067,35.0,,,0,[],1768205721.0,4
19918,2026-01-12 08:20:00+00:00,77bb9b22-f6a3-5bf5-9099-e5b8e88e2b6d,4.922,8.54,,,3.815,,0.09,0.081,35.0,,,0,[],1768206395.0,4
19921,2026-01-12 08:30:00+00:00,6650406e-55a8-5cee-8f9d-3b3acc0a8e73,4.799,8.844,,,4.23,,0.083,0.082,35.0,,,0,[],1768207070.0,4
19924,2026-01-12 08:40:00+00:00,a2b11c3b-e4d8-55ff-a036-87b5a85dfe56,5.776,8.915,,,3.312,,0.066,0.076,35.0,,,0,[],1768207697.0,4
19927,2026-01-12 09:00:00+00:00,0b71e219-9630-54c0-b1e5-ab1e9756ee89,7.076,8.005,,,1.078,,0.091,0.101,35.0,,,0,[],1768208401.0,4
19959,2026-01-12 11:30:00+00:00,25e14933-69e9-5099-889b-cfc3746414f2,21.349,11.09,,,0.027,-9.722,,-9.722,54.0,,,0,[],1768217910.0,4
19962,2026-01-12 11:40:00+00:00,9b534c9d-3a02-5d20-8f13-9aab7578243e,21.566,11.719,,,0.007,-9.285,,-9.285,55.0,,,0,[],1768218234.0,4
19965,2026-01-12 11:50:00+00:00,2aaddb94-9a3f-5cd8-a943-22d35c17c8ee,21.95,11.026,,,0.009,-10.354,,-10.354,57.0,,,0,[],1768218962.0,4
19968,2026-01-12 12:00:00+00:00,c1b4158e-384d-5987-9f38-f93b0e257b25,21.386,11.444,,,0.017,-9.396,,-9.396,58.0,,,0,[],1768219694.0,4
19971,2026-01-12 12:10:00+00:00,040cceeb-1d91-5f6d-b4c6-18f564005fe7,21.418,11.887,,,0.009,-8.9,,-8.9,59.5,,,0,[],1768220265.0,4
19974,2026-01-12 12:20:00+00:00,dbc74c6b-736c-536d-a7e0-ffa11ba97c76,21.047,10.596,,,0.012,-9.849,,-9.849,60.5,,,0,[],1768220786.0,4
19977,2026-01-12 12:30:00+00:00,42cdaf03-4784-5805-b650-b7e8d50ff1c0,21.173,9.397,,,0.01,-11.177,,-11.177,62.0,,,0,[],1768221482.0,4
19980,2026-01-12 12:40:00+00:00,18817efb-cf7d-5a42-b6cd-f2adae7191ae,20.65,10.312,,,-0.029,-9.718,,-9.718,63.0,,,0,[],1768221952.0,4
19983,2026-01-12 12:50:00+00:00,f60174a7-e640-5ed5-ad9a-739ddf890c04,21.153,11.319,,,0.009,-9.314,,-9.314,64.0,,,0,[],1768222626.0,4
19986,2026-01-12 13:00:00+00:00,89ce7bed-2675-51e2-991c-5df10e946c8a,20.606,9.995,,,0.012,-10.032,,-10.032,65.5,,,0,[],1768223194.0,4
19989,2026-01-12 13:10:00+00:00,3bcf06c4-11d9-5264-83df-08d7ecbeb7fd,12.057,10.821,,,0.14,-2.646,0.947,-1.699,67.0,,,0,[],1768223878.0,4
19992,2026-01-12 13:20:00+00:00,b505f005-f0b6-50c2-a29c-93040798786e,7.048,7.635,,,0.013,,0.863,0.875,67.0,,,0,[],1768224312.0,4
19995,2026-01-12 13:30:00+00:00,023ca6da-e472-5ad7-9b29-6bb3cba1eeab,13.749,5.763,,,0.023,-8.023,,-8.023,67.0,,,0,[],1768224986.0,4
19998,2026-01-12 13:40:00+00:00,d01b1323-06a6-5de0-9f93-dfb2493f5425,19.966,10.401,,,0.016,-8.997,,-8.997,68.0,,,0,[],1768225660.0,4
20001,2026-01-12 13:50:00+00:00,b5b196ad-a69c-5a09-950f-75a191ad31b4,17.292,11.193,,,0.01,-5.649,,-5.649,69.0,,,0,[],1768226274.0,4
20004,2026-01-12 14:00:00+00:00,f18cd9d7-e792-5f28-8996-9a5dc4197005,16.834,9.394,,,0.015,-6.944,,-6.944,70.0,,,0,[],1768226671.0,4
20007,2026-01-12 14:10:00+00:00,ca363295-1ec1-512a-87fe-80753edca865,16.667,8.642,,,0.023,-7.578,,-7.578,71.0,,,0,[],1768227346.0,4
20010,2026-01-12 14:20:00+00:00,4472733c-3bf0-5a42-82ed-fba25a4e1c2d,15.419,7.824,,,0.005,-7.107,,-7.107,71.0,,,0,[],1768228020.0,4
20013,2026-01-12 14:30:00+00:00,3e847ba4-b18c-5377-bd79-ad1f92b26c15,14.769,12.315,,,0.009,-2.216,,-2.216,72.0,,,0,[],1768228686.0,4
20016,2026-01-12 14:40:00+00:00,8f115eff-462c-5032-9231-0c353e5cb3ce,14.108,11.469,,,0.017,-2.237,,-2.237,72.0,,,0,[],1768229277.0,4
20019,2026-01-12 14:50:00+00:00,e4791fcc-6d42-540b-a187-71935591f54a,12.987,10.15,,,0.01,-2.45,,-2.45,73.0,,,0,[],1768229713.0,4
20022,2026-01-12 15:00:00+00:00,3dccd4ef-63b5-5e18-8601-cd506e7b7ad8,11.86,9.655,,,0.015,-1.893,,-1.893,73.0,,,0,[],1768230400.0,4
20025,2026-01-12 15:10:00+00:00,076f8544-7433-5520-b62f-ef82ed28f63c,10.997,10.04,,,-0.053,-1.208,0.113,-1.095,73.0,,,0,[],1768231084.0,4
20028,2026-01-12 15:20:00+00:00,586d75c0-d6aa-506e-93a2-88dbf409dfd6,10.304,11.361,,,0.009,-0.104,1.455,1.351,73.0,,,0,[],1768231637.0,4
20031,2026-01-12 15:30:00+00:00,082eb144-1d57-58f2-9577-e37928bb4982,8.853,11.454,,,0.02,,2.36,2.36,73.0,,,0,[],1768232312.0,4
20034,2026-01-12 15:40:00+00:00,72bc25b9-22f1-5043-840a-b40a6c2b3552,8.123,11.871,,,0.007,,4.075,4.075,73.0,,,0,[],1768232649.0,4
20037,2026-01-12 15:50:00+00:00,7884d7b1-e980-5a73-bd03-92bfff3207cd,7.175,12.716,,,0.013,,5.251,5.251,72.0,,,0,[],1768233342.0,4
20040,2026-01-12 16:00:00+00:00,af526c3e-5c31-5567-a729-34519227fd99,5.661,15.246,,,0.012,,9.887,9.887,70.5,,,0,[],1768234138.0,4
20043,2026-01-12 16:10:00+00:00,0a8f4459-93ae-551e-a85d-f98bad82e6c1,5.157,16.241,,,0.025,,11.44,11.44,69.0,,,0,[],1768234576.0,4
20046,2026-01-12 16:20:00+00:00,c1ee2b9b-3f4f-588b-a2e3-6b73600f93cf,3.776,16.031,,,0.005,,12.476,12.476,67.5,,,0,[],1768235250.0,4
20049,2026-01-12 16:30:00+00:00,e03606a6-ebf4-5d72-bd4e-5cb9fb81b86b,2.158,11.845,,,-0.057,,10.322,10.322,66.5,,,0,[],1768235925.0,4
20052,2026-01-12 16:40:00+00:00,2f3dbfcc-c160-5c28-a7b2-cdc78bbc9b6a,1.461,9.875,,,0.017,,8.771,8.771,65.0,,,0,[],1768236537.0,4
20055,2026-01-12 16:50:00+00:00,a3c10a70-935d-59dd-82e4-5039647ae686,1.778,9.55,,,0.011,,8.575,8.575,64.0,,,0,[],1768236907.0,4
20058,2026-01-12 17:00:00+00:00,eab444fc-e83b-5414-baf5-a5e6a06896ef,2.151,10.766,,,0.015,,8.933,8.933,63.0,,,0,[],1768237599.0,4
20061,2026-01-12 17:10:00+00:00,242cbfc2-97dd-53c9-baec-dfd6174d67ab,1.894,12.209,,,0.01,,10.619,10.619,61.0,,,0,[],1768238283.0,4
20064,2026-01-12 17:20:00+00:00,d7ffc0e3-549c-5587-8cdf-0318a0cbcc09,1.239,14.004,,,0.015,,13.192,13.192,60.0,,,0,[],1768238865.0,4
20067,2026-01-12 17:30:00+00:00,245165a3-35ab-5695-9ffe-77f8c6e45748,0.559,13.784,,,0.015,,13.641,13.641,58.5,,,0,[],1768239309.0,4
20070,2026-01-12 17:40:00+00:00,24dd5f02-f3e4-5268-b328-c4b7cb937bd0,0.122,11.85,,,0.016,,11.988,11.988,56.5,,,0,[],1768239994.0,4
20073,2026-01-12 17:50:00+00:00,ed332e98-c18f-5945-868c-63b882e5c27a,0.023,11.862,,,0.011,,12.154,12.154,55.0,,,0,[],1768240677.0,4
20076,2026-01-12 18:00:00+00:00,37630e94-d9ff-59ea-a0e8-3d9ab0709efe,0.017,12.33,,,-0.142,,13.482,13.482,53.5,,,0,[],1768241225.0,4
20078,2026-01-12 18:10:00+00:00,fa7bf44e-41a3-55eb-9874-1829f493e175,0.014,14.375,,,0.029,,13.956,13.956,52.0,,,0,[],1768241704.0,4
20081,2026-01-12 18:20:00+00:00,25dc9dc4-3302-59b3-8e37-649b2f6d0593,0.0,11.794,,,-0.057,,13.149,13.149,49.5,,,0,[],1768242389.0,4
20084,2026-01-12 18:30:00+00:00,fb6e1e65-9ade-5d40-800d-6e8111f8e789,0.0,18.331,,,0.015,,18.883,18.883,47.0,,,0,[],1768243072.0,4
20087,2026-01-12 18:40:00+00:00,1a979408-cce4-522c-a91e-c3bb8c68635c,0.0,18.814,,,-0.017,,19.639,19.639,44.5,,,0,[],1768243585.0,4
20090,2026-01-12 18:50:00+00:00,eb8a6394-a90a-5663-81f2-59906869074f,0.0,17.425,,,-0.011,,18.402,18.402,42.0,,,0,[],1768244260.0,4
20093,2026-01-12 19:00:00+00:00,27538384-211b-5b0b-8234-76b6348003ff,0.0,14.861,,,0.001,,15.613,15.613,40.0,,,0,[],1768244934.0,4
20096,2026-01-12 19:10:00+00:00,4c984b51-bbf3-5a45-a821-070daceba691,0.0,14.184,,,0.012,,14.016,14.016,38.0,,,0,[],1768245471.0,4
20099,2026-01-12 19:20:00+00:00,eb406da2-0a43-55bc-990d-df89681bbc1b,0.0,13.246,,,0.009,,13.634,13.634,36.5,,,0,[],1768245945.0,4
20102,2026-01-12 19:30:00+00:00,d1edda77-0d07-553d-9c35-3330e5ba2f02,0.0,6.404,,,6.555,,,0.041,35.0,,,0,[],1768246620.0,4
20105,2026-01-12 19:40:00+00:00,4c4a3851-5d14-5d0b-b3ba-55ddcebfe5ce,0.0,9.067,,,9.209,,,0.038,35.0,,,0,[],1768247303.0,4
20108,2026-01-12 19:50:00+00:00,89c1c162-0291-55bf-b1e4-36f47f7502e1,0.0,8.485,,,8.633,,,0.035,35.0,,,0,[],1768247848.0,4
20111,2026-01-12 20:00:00+00:00,42fac0f1-88bf-5785-b6a3-e23d1bf2fe8b,0.0,7.835,,,7.974,,,0.037,35.0,,,0,[],1768248522.0,4
20114,2026-01-12 20:10:00+00:00,f8f75277-9c61-5c17-bd09-d2848cb7aec8,0.0,7.803,,,7.925,,,0.03,35.0,,,0,[],1768249007.0,4
20117,2026-01-12 20:20:00+00:00,3718a76f-cad3-5cbf-98c5-1fdec4516be5,0.0,7.839,,,7.975,,,0.041,35.0,,,0,[],1768249691.0,4
20120,2026-01-12 20:30:00+00:00,da4569fb-8510-59de-a2a8-7b55fd888429,0.0,8.423,,,8.558,,,0.044,35.0,,,0,[],1768250208.0,4
20123,2026-01-12 20:40:00+00:00,e8135199-a7f5-5e73-9d28-19ad108fed49,0.0,9.782,,,9.921,,,0.046,35.0,,,0,[],1768250883.0,4
20126,2026-01-12 20:50:00+00:00,0805d36b-c6df-5ef4-9fc4-0b02d67151f3,0.0,8.726,,,8.86,,,0.039,35.0,,,0,[],1768251557.0,4
20129,2026-01-12 21:00:00+00:00,1c272524-1e4b-59fd-b2f8-02f55803cc1c,0.0,8.91,,,9.039,,,0.041,35.0,,,0,[],1768252087.0,4
20131,2026-01-12 21:10:00+00:00,dad0df70-d735-551d-bc7c-f4b2cbad5b51,0.0,7.673,,,7.794,,,0.051,35.0,,,0,[],1768252570.0,4
20134,2026-01-12 21:20:00+00:00,64dfbe61-45a0-57cd-9e8a-990fbd30de16,0.0,7.617,,,7.742,,,0.042,35.0,,,0,[],1768253244.0,4
20137,2026-01-12 21:30:00+00:00,2dc83de9-1d7d-52df-aa34-1c2aefd81260,0.0,6.821,,,6.968,,,0.035,35.0,,,0,[],1768253918.0,4
20140,2026-01-12 21:40:00+00:00,bddf6c7e-c3ef-5d2e-8c55-374d28ce3ecd,0.0,7.905,,,8.054,,,0.036,35.0,,,0,[],1768254484.0,4
20143,2026-01-12 21:50:00+00:00,8c75755e-b656-53bb-a30f-9560420fe3f9,0.0,7.261,,,7.414,,,0.029,35.0,,,0,[],1768254931.0,4
20146,2026-01-12 22:00:00+00:00,1f6cf1fe-12fe-5939-94ec-163ced196753,0.0,8.311,,,8.461,,,0.031,35.0,,,0,[],1768255606.0,4
20149,2026-01-12 22:10:00+00:00,6a3f3b8b-0ee4-552a-b8a2-bd8aa38a6b68,0.0,8.069,,,8.213,,,0.045,35.0,,,0,[],1768256281.0,4
20152,2026-01-12 22:20:00+00:00,9ac650be-de17-5449-b64c-0a05022ae387,0.0,8.914,,,9.049,,,0.043,35.0,,,0,[],1768256879.0,4
20155,2026-01-12 22:30:00+00:00,d5d3e325-257d-5d2b-99f4-6a09c2922245,0.0,8.949,,,9.096,,,0.041,35.0,,,0,[],1768257292.0,4
20158,2026-01-12 22:40:00+00:00,99575914-2262-5b56-9af3-8a3b19106c6c,0.0,7.83,,,7.935,,,0.035,35.0,,,0,[],1768258115.0,4
20161,2026-01-12 22:50:00+00:00,f90d9680-f6bf-5f9b-930c-93de4e6814b5,0.0,7.411,,,7.556,,,0.036,35.0,,,0,[],1768258655.0,4
20164,2026-01-12 23:00:00+00:00,387c9d96-67a4-5b56-a47b-1641a8133a25,0.0,6.627,,,6.756,,,0.041,35.0,,,0,[],1768259330.0,4
20167,2026-01-12 23:10:00+00:00,e29fab25-deeb-584c-9e60-8f8529020df8,0.0,6.245,,,6.395,,,0.035,35.0,,,0,[],1768259818.0,4
20170,2026-01-12 23:20:00+00:00,5182ef0f-def5-54cd-9a3f-75197a7d9a16,0.0,6.866,,,6.994,,,0.044,35.0,,,0,[],1768260502.0,4
20173,2026-01-12 23:30:00+00:00,13963bd7-5e80-5182-83d1-b7feff798d7c,0.0,6.33,,,6.438,,0.055,0.063,35.0,,,0,[],1768261016.0,4
20176,2026-01-12 23:40:00+00:00,050ca855-5996-5122-af29-e48976ebad1e,0.0,5.883,,,6.025,,,0.044,35.0,,,0,[],1768261690.0,4
20179,2026-01-12 23:50:00+00:00,3837690c-abd6-5dcf-ac34-4244b7d5b7df,0.0,6.573,,,6.69,,,0.067,35.0,,,0,[],1768262212.0,4
20182,2026-01-13 00:00:00+00:00,11fe878e-0988-563e-b298-528789c1bb7a,0.0,6.581,,,6.736,,,0.039,35.0,,,0,[],1768262897.0,4
20185,2026-01-13 00:10:00+00:00,61ebfad0-8c55-599f-9b55-08b711099577,0.0,6.135,,,6.284,,,0.041,35.0,,,0,[],1768263376.0,4
20188,2026-01-13 00:20:00+00:00,a384a404-78ee-515e-ae1e-41dcc9dc8e69,0.0,5.92,,,6.073,,,0.047,35.0,,,0,[],1768264051.0,4
20191,2026-01-13 00:30:00+00:00,8e037052-d75c-5645-8858-2c35a25cc765,0.0,6.077,,,6.234,,,0.036,35.0,,,0,[],1768264725.0,4
20194,2026-01-13 00:40:00+00:00,272b3391-cf78-5270-904c-b1a39362b83e,0.0,6.621,,,6.748,,,0.035,35.0,,,0,[],1768265293.0,4
20197,2026-01-13 00:50:00+00:00,38dd2357-8c22-530e-b980-de92d9134512,0.0,5.719,,,5.842,,,0.047,35.0,,,0,[],1768265737.0,4
20200,2026-01-13 01:00:00+00:00,24cdd368-2eb8-5353-b055-576c4a6ceefe,0.0,5.493,,,5.621,,,0.035,35.0,,,0,[],1768266411.0,4
20203,2026-01-13 01:10:00+00:00,ba84b16f-8a6d-5bd2-89f2-588d1db9f60b,0.0,6.014,,,6.155,,,0.045,35.0,,,0,[],1768267087.0,4
20206,2026-01-13 01:20:00+00:00,d49e96ac-7096-53f1-b6e6-20f99eafc28e,0.0,5.736,,,5.855,,,0.033,35.0,,,0,[],1768267688.0,4
20209,2026-01-13 01:30:00+00:00,b239f52a-f68e-5413-9a69-c38f8598c84c,0.0,5.634,,,5.773,,,0.035,35.0,,,0,[],1768268099.0,4
20212,2026-01-13 01:40:00+00:00,3e14f821-4069-55a5-88ee-e48855360517,0.0,5.106,,,5.24,,,0.041,35.0,,,0,[],1768268928.0,4
20215,2026-01-13 01:50:00+00:00,1c22a9fc-e0a3-59a9-ad26-b677d2bd71dc,0.0,6.296,,,6.437,,,0.034,35.0,,,0,[],1768269471.0,4
20218,2026-01-13 02:00:00+00:00,6fd6064e-61db-54d9-91dd-734a346add16,0.0,6.146,,,6.281,,,0.034,35.0,,,0,[],1768269945.0,4
20221,2026-01-13 02:10:00+00:00,7b08e896-2b95-5411-9e9e-eac354279d46,0.0,6.513,,,6.653,,,0.044,35.0,,,0,[],1768270630.0,4
20224,2026-01-13 02:20:00+00:00,1f44a1f7-c1f4-576b-a64e-f63c15f40a2f,0.0,6.793,,,6.921,,,0.038,35.0,,,0,[],1768271314.0,4
20227,2026-01-13 02:30:00+00:00,2751da2d-73ac-5e9a-b4ab-a025252c9132,0.0,6.275,,,6.418,,,0.037,35.0,,,0,[],1768271832.0,4
20230,2026-01-13 02:40:00+00:00,10e8f656-a93f-5b33-9862-72b80582a2e4,0.0,5.051,,,5.184,,,0.043,35.0,,,0,[],1768272507.0,4
20233,2026-01-13 02:50:00+00:00,4ba166db-1ab4-56cc-9182-ac794ff9a448,0.0,5.378,,,5.521,,,0.04,35.0,,,0,[],1768273026.0,4
20236,2026-01-13 03:00:00+00:00,baf5cbe4-326c-5470-ac33-6ea7f72a5837,0.0,5.242,,,5.384,,,0.035,35.0,,,0,[],1768273711.0,4
20239,2026-01-13 03:10:00+00:00,ab7f964f-09ef-59c2-90a1-91f30b5785fb,0.0,4.713,,,4.849,,,0.037,35.0,,,0,[],1768274247.0,4
20242,2026-01-13 03:20:00+00:00,39c2c638-64a4-5484-abfc-74f160584a68,0.0,4.974,,,5.097,,,0.041,35.0,,,0,[],1768274922.0,4
20245,2026-01-13 03:30:00+00:00,63d7fc2d-ba31-5c60-b62c-56dc83e26595,0.0,4.942,,,5.072,,,0.032,35.0,,,0,[],1768275418.0,4
20248,2026-01-13 03:40:00+00:00,2c885ca7-6b55-5f34-b389-8746cf7c7ae6,0.0,4.956,,,5.101,,,0.036,35.0,,,0,[],1768276107.0,4
20251,2026-01-13 03:50:00+00:00,ae76e7df-0c77-595e-b034-eeb5623bce6c,0.0,4.632,,,4.766,,,0.04,35.0,,,0,[],1768276608.0,4
20254,2026-01-13 04:00:00+00:00,29527a2e-3d88-59bc-a958-6603846a2e7d,0.0,4.522,,,4.665,,,0.037,35.0,,,0,[],1768277283.0,4
20257,2026-01-13 04:10:00+00:00,aec31f5a-3e40-5d28-a185-fef6425d0f0c,0.0,4.961,,,5.095,,,0.045,35.0,,,0,[],1768277819.0,4
20260,2026-01-13 04:20:00+00:00,0005b6b2-3592-5ac7-a6cb-2e9a4f1465ff,0.0,4.825,,,4.956,,,0.045,35.0,,,0,[],1768278504.0,4
20263,2026-01-13 04:30:00+00:00,4bdc89b4-95c6-5ef1-ac61-be3f6ed18358,0.0,5.01,,,5.136,,,0.052,35.0,,,0,[],1768278970.0,4
20266,2026-01-13 04:40:00+00:00,d4a273ac-85fd-5d5a-87d7-4d5d008d0184,0.0,4.455,,,4.603,,,0.032,35.0,,,0,[],1768279701.0,4
20269,2026-01-13 04:50:00+00:00,7ad50672-cb65-5591-b8e9-a38275fb7e3d,0.0,5.052,,,5.169,,0.052,0.056,35.0,,,0,[],1768280319.0,4
20272,2026-01-13 05:00:00+00:00,529566a1-9a3a-5622-9e41-4c6ffc0cbd8a,0.0,4.718,,,4.86,,,0.029,35.0,,,0,[],1768280762.0,4
20275,2026-01-13 05:10:00+00:00,7432e7a9-f90b-5cfd-a52d-392086f25379,0.0,6.203,,,6.352,,,0.029,35.0,,,0,[],1768281447.0,4
20278,2026-01-13 05:20:00+00:00,4d6d3543-bc08-53cb-aeb3-a95ac444707c,0.001,6.01,,,6.141,,,0.053,35.0,,,0,[],1768282118.0,4
20281,2026-01-13 05:30:00+00:00,ded71ba5-326d-527c-95b6-f44e15a64164,0.009,7.378,,,7.513,,,0.039,35.0,,,0,[],1768282680.0,4
20284,2026-01-13 05:40:00+00:00,ffc9654b-c864-571b-9053-4928d2a85768,0.002,6.21,,,6.349,,,0.037,35.0,,,0,[],1768283157.0,4
20287,2026-01-13 05:50:00+00:00,74d8965e-86fb-53ee-94dc-f71f8d3db2e9,0.021,4.733,,,4.854,,,0.036,35.0,,,0,[],1768283843.0,4
20290,2026-01-13 06:00:00+00:00,cca80412-a34a-5b16-8f1a-731732556bbc,0.034,6.204,,,6.306,,0.055,0.056,35.0,,,0,[],1768284366.0,4
20293,2026-01-13 06:10:00+00:00,8acf981c-7381-5bd4-91aa-f21c4eec5adf,0.153,5.888,,,5.874,,0.073,0.062,35.0,,,0,[],1768285061.0,4
20296,2026-01-13 06:20:00+00:00,ec9af127-e7fe-5a3f-9948-175088773fe4,0.427,7.358,,,7.075,,0.079,0.064,35.0,,,0,[],1768285553.0,4
20299,2026-01-13 06:30:00+00:00,d79cf805-cc0b-5c28-a408-7dd610c04292,0.853,5.682,,,5.015,,0.097,0.081,35.0,,,0,[],1768286237.0,4
20302,2026-01-13 06:40:00+00:00,db8909a4-d5ca-52e0-8c3a-402e1eff4ecd,1.193,7.144,,,6.135,,0.096,0.08,35.0,,,0,[],1768286747.0,4
20305,2026-01-13 06:50:00+00:00,e3dc66be-8835-5940-80cb-4bf075684535,1.66,7.49,,,5.948,,0.097,0.097,35.0,,,0,[],1768287421.0,4
20308,2026-01-13 07:00:00+00:00,d17c98b8-1186-5ec2-b58b-0605994ccb79,2.307,7.061,,,4.929,,0.103,0.093,35.0,,,0,[],1768288096.0,4
20311,2026-01-13 07:10:00+00:00,aa54b9e1-ca8e-56d2-852f-39894dbd6f50,2.758,7.346,,,4.75,,0.105,0.095,35.0,,,0,[],1768288632.0,4
20314,2026-01-13 07:20:00+00:00,ce71ca56-5505-5292-b99c-b72ce1d94fe7,3.094,5.757,,,2.818,,0.098,0.096,35.0,,,0,[],1768289107.0,4
20317,2026-01-13 07:30:00+00:00,bf2ce4db-ec3f-5bd5-a12e-9b1ba5b34826,3.558,6.267,,,2.84,,0.09,0.115,35.0,,,0,[],1768289782.0,4
20320,2026-01-13 07:40:00+00:00,2f323b9e-120c-5d05-b2a4-afd23384c1ce,4.815,5.641,,,0.98,,0.094,0.094,35.0,,,0,[],1768290498.0,4
20323,2026-01-13 07:50:00+00:00,b130bd05-72b8-50d8-8dbd-25cc59e894ef,5.027,6.542,,,1.667,,0.089,0.086,35.0,,,0,[],1768290882.0,4
20326,2026-01-13 08:00:00+00:00,37cd4023-382f-5b38-97b0-9561baa11322,6.024,7.862,,,1.983,,0.065,0.078,35.0,,,0,[],1768291577.0,4
20329,2026-01-13 08:10:00+00:00,22e4cd7b-ed5e-54c5-b553-91a6973f8f24,6.847,6.356,,,0.261,-0.18,0.085,-0.095,35.0,,,0,[],1768292261.0,4
20332,2026-01-13 08:20:00+00:00,d1936039-df6d-5caa-ac65-31d27f799292,7.591,8.482,,,1.033,,0.113,0.129,35.0,,,0,[],1768292816.0,4
20335,2026-01-13 08:30:00+00:00,1b961a66-eaaa-51fc-b77c-bd1d76334788,8.253,9.654,,,1.547,,0.104,0.112,35.0,,,0,[],1768293490.0,4
20338,2026-01-13 08:40:00+00:00,7668fa8f-dc23-5005-943f-b86a41637efe,8.764,13.236,,,4.673,,0.111,0.117,35.0,,,0,[],1768293972.0,4
20341,2026-01-13 08:50:00+00:00,be54efae-d297-5fa1-889e-a99802e93e49,9.655,12.695,,,3.201,,0.107,0.115,35.0,,,0,[],1768294655.0,4
20344,2026-01-13 09:00:00+00:00,b054d799-e69e-5ae0-a3e7-b03f0993b916,10.165,10.984,,,0.995,,0.107,0.126,35.0,,,0,[],1768295176.0,4
20346,2026-01-13 09:10:00+00:00,d629f82b-6315-593e-bf0c-b4ed626f7b7f,11.409,12.126,,,0.869,,0.098,0.119,35.0,,,0,[],1768295874.0,4
20349,2026-01-13 09:20:00+00:00,173043f4-2150-5ded-ae71-939afdb45d74,12.152,12.005,,,0.237,-0.083,,-0.085,35.0,,,0,[],1768296367.0,4
20352,2026-01-13 09:30:00+00:00,103a77d3-609b-5e83-9ed4-04ca4c758c96,12.972,9.757,,,0.011,-2.177,,-2.177,35.0,,,0,[],1768297050.0,4
20355,2026-01-13 09:40:00+00:00,ef33381c-fcab-5147-ab17-0769ed07608c,13.829,11.592,,,0.012,-1.835,,-1.843,35.0,,,0,[],1768297716.0,4
20358,2026-01-13 09:50:00+00:00,38224253-063c-54b2-ad3d-810d4c535978,13.9,11.094,,,0.275,-2.465,,-2.465,35.5,,,0,[],1768298234.0,4
20361,2026-01-13 10:00:00+00:00,284c523d-1c7b-5a57-a75e-b8753a6f37f0,14.726,10.897,,,0.013,-3.421,,-3.421,36.0,,,0,[],1768298908.0,4
20364,2026-01-13 10:10:00+00:00,74b0244c-5689-5208-b415-5564427a0507,15.03,14.473,,,-0.231,-0.316,0.38,0.064,36.0,,,0,[],1768299446.0,4
20367,2026-01-13 10:20:00+00:00,1553c00d-ae34-5405-8cb2-9a423aee1cc1,15.672,12.313,,,0.012,-2.949,,-2.949,36.5,,,0,[],1768300117.0,4
20370,2026-01-13 10:30:00+00:00,b737ef3e-8234-57dd-881f-c657dfc7ed82,15.877,12.026,,,0.011,-3.396,,-3.396,37.0,,,0,[],1768300594.0,4
20373,2026-01-13 10:40:00+00:00,afc62f36-4d8d-561c-bbcd-bcd1e6ba9165,16.044,7.232,,,0.012,-8.297,,-8.297,38.0,,,0,[],1768301317.0,4
20376,2026-01-13 10:50:00+00:00,050f1ab7-2205-5db4-b836-f7847465a872,16.265,8.622,,,0.013,-7.809,,-7.809,39.0,,,0,[],1768301942.0,4
20379,2026-01-13 11:00:00+00:00,29c3944f-c11b-5b94-a716-d48c4ae7306d,16.383,9.094,,,0.011,-6.824,,-6.824,39.0,,,0,[],1768302047.0,4
20406,2026-01-13 13:20:00+00:00,636a22ac-4ff5-5138-be60-94e45367f583,17.88,0.137,,,0.0,-17.086,,-17.086,41.0,,,0,[],1768310893.0,4
20409,2026-01-13 13:30:00+00:00,fee0a180-1fa6-5eeb-93d6-5a0dcdd3eda9,17.694,0.136,,,0.0,-16.961,,-16.961,42.0,,,0,[],1768311236.0,4
20412,2026-01-13 13:40:00+00:00,e2754bd9-2df6-5780-9166-bd3852a8ff4b,19.621,0.137,,,0.0,-18.818,,-18.818,45.0,,,0,[],1768311920.0,4
20415,2026-01-13 13:50:00+00:00,cd4ce7d8-472a-5c54-a18d-865a6d377fd1,19.0,0.138,,,0.0,-18.199,,-18.199,48.0,,,0,[],1768312606.0,4
20418,2026-01-13 14:00:00+00:00,628b502e-5b89-5355-83c4-51047059f0f9,18.499,0.139,,,0.0,-17.787,,-17.787,50.5,,,0,[],1768313289.0,4
20421,2026-01-13 14:10:00+00:00,e897aea3-0984-5043-bf28-e4940a3adcf0,17.094,0.14,,,0.0,-16.347,,-16.347,52.5,,,0,[],1768313909.0,4
20424,2026-01-13 14:20:00+00:00,fb8bd8af-d69e-5e6f-b327-57d7d9d34fd3,15.158,0.139,,,0.0,-14.494,,-14.494,54.0,,,0,[],1768314316.0,4
20427,2026-01-13 14:30:00+00:00,ff122242-7eed-54d5-bf43-2257fd0fcd9f,14.806,0.14,,,0.0,-14.175,,-14.175,56.5,,,0,[],1768315000.0,4
20430,2026-01-13 14:40:00+00:00,e212dcaf-32b8-5596-9dad-4193759df3f0,14.178,0.389,,,0.0,-13.325,,-13.325,58.5,,,0,[],1768315595.0,4
20433,2026-01-13 14:50:00+00:00,2fd48375-3e76-541e-ba31-73655d67fe94,12.957,8.966,,,0.0,-4.416,,-4.416,57.5,,,0,[],1768316277.0,4
20436,2026-01-13 15:00:00+00:00,c6386959-c9f8-579a-a6f4-1352619cbf0b,10.687,8.564,,,0.0,-1.425,,-1.425,58.0,,,0,[],1768316913.0,4
20438,2026-01-13 15:10:00+00:00,4904ac10-e241-5c57-b308-501e82460960,9.784,8.381,,,0.0,-1.589,,-1.589,58.0,,,0,[],1768317288.0,4
20441,2026-01-13 15:20:00+00:00,8b48b812-31f4-58c9-8683-000cfb3a4d6f,8.561,9.503,,,0.0,,0.924,0.924,58.0,,,0,[],1768317963.0,4
20444,2026-01-13 15:30:00+00:00,176857cb-af13-5c64-a793-18f811338a9c,8.573,7.108,,,0.0,-1.323,,-1.323,58.0,,,0,[],1768318637.0,4
20447,2026-01-13 15:40:00+00:00,bccf5492-5b60-5180-9925-c6e197894076,7.175,8.479,,,0.0,,1.371,1.371,57.0,,,0,[],1768319312.0,4
20450,2026-01-13 15:50:00+00:00,009f11d3-eab8-5564-89af-50393cc00875,6.691,7.794,,,0.0,,1.701,1.701,57.0,,,0,[],1768319650.0,4
20453,2026-01-13 16:00:00+00:00,eb7aecd1-9ce7-52da-9955-c1b2c4971737,5.623,17.591,,,0.0,,12.229,12.229,56.0,,,0,[],1768320335.0,4
20456,2026-01-13 16:10:00+00:00,5296cae1-e08a-5858-a8ee-07199deb6db2,4.741,10.561,,,0.0,,5.975,5.975,55.0,,,0,[],1768321019.0,4
20459,2026-01-13 16:20:00+00:00,58210025-c13d-5d39-86f9-bbb87d1e6e66,3.801,7.455,,,0.0,,3.799,3.799,54.0,,,0,[],1768321710.0,4
20462,2026-01-13 16:30:00+00:00,6bc818c9-4b37-5266-aaa7-4b62504c01cc,3.33,7.544,,,0.0,,4.417,4.417,54.0,,,0,[],1768322047.0,4
20465,2026-01-13 16:40:00+00:00,b692a790-6ec3-5dac-9f33-331c74706e3a,2.387,6.949,,,0.0,,4.634,4.634,53.0,,,0,[],1768322732.0,4
20468,2026-01-13 16:50:00+00:00,f90b2c2f-f011-589d-942e-f15413968a90,1.974,5.979,,,0.0,,4.113,4.113,52.0,,,0,[],1768323417.0,4
20471,2026-01-13 17:00:00+00:00,83382977-1e25-5fc7-92a0-36aac6198f45,1.518,4.969,,,0.0,,3.829,3.829,52.0,,,0,[],1768324103.0,4
20473,2026-01-13 17:10:00+00:00,f1b168fe-f43c-53f9-a9bb-3bed9dfb088e,1.281,5.783,,,0.0,,5.174,5.174,51.0,,,0,[],1768324445.0,4
20476,2026-01-13 17:20:00+00:00,056908d6-b34d-58ca-880b-e0fac2cebc96,0.793,9.079,,,0.0,,8.501,8.501,50.0,,,0,[],1768325129.0,4
20479,2026-01-13 17:30:00+00:00,e222ec8a-4a75-5e35-af1f-845a107913a1,0.325,7.803,,,0.0,,7.598,7.598,49.0,,,0,[],1768325814.0,4
20482,2026-01-13 17:40:00+00:00,79cd43ff-4868-5dbf-b669-0fb193dece3b,0.023,9.415,,,0.0,,9.493,9.493,48.0,,,0,[],1768326484.0,4
20485,2026-01-13 17:50:00+00:00,e1da5c91-e5b2-5279-b278-b3785ff010d1,0.0,16.06,,,0.0,,16.013,16.013,46.5,,,0,[],1768327104.0,4
20488,2026-01-13 18:00:00+00:00,85d22a1d-c134-54e5-a3e6-e58ced8587f3,0.0,14.301,,,0.0,,14.736,14.736,44.5,,,0,[],1768327616.0,4
20491,2026-01-13 18:10:00+00:00,b6191807-79ee-5724-9099-3e5a63c7a2c1,0.0,16.478,,,0.0,,16.847,16.847,42.0,,,0,[],1768328305.0,4
20494,2026-01-13 18:20:00+00:00,72b642cf-f6ee-5ab9-9b89-cdbed8747068,0.0,18.914,,,0.0,,19.28,19.28,40.0,,,0,[],1768328789.0,4
20497,2026-01-13 18:30:00+00:00,86fa097c-da7e-5382-a16c-468da0d9ecc7,0.0,18.145,,,0.0,,18.675,18.675,37.5,,,0,[],1768329463.0,4
20500,2026-01-13 18:40:00+00:00,d99164eb-8abe-5228-9cde-80b7f10f855b,0.0,16.074,,,0.0,,16.408,16.408,35.5,,,0,[],1768330016.0,4
20503,2026-01-13 18:50:00+00:00,10c8758b-4ff4-5f5c-ac54-5c57f71d6a01,0.0,17.665,,,0.0,,17.048,17.048,32.5,,,0,[],1768330700.0,4
20506,2026-01-13 19:00:00+00:00,1223d374-ef7b-5580-8dbc-d6018dca0278,0.0,16.401,,,0.0,,16.814,16.814,30.5,,,0,[],1768331149.0,4
20509,2026-01-13 19:10:00+00:00,816b2292-d94d-5f54-918f-19638199a18d,0.0,20.372,,,0.0,,20.895,20.895,27.5,,,0,[],1768331824.0,4
20512,2026-01-13 19:20:00+00:00,f716ade8-206f-5a9b-aa44-2e6399b61d6a,0.0,17.882,,,0.0,,17.273,17.273,24.5,,,0,[],1768332477.0,4
20515,2026-01-13 19:30:00+00:00,f43c5f7d-4718-57f6-895e-0395dd4f50ad,0.0,14.51,,,0.0,,14.885,14.885,22.5,,,0,[],1768333096.0,4
20518,2026-01-13 19:40:00+00:00,49def2d7-6e51-5a88-89c3-8f8b41029d93,0.0,14.161,,,0.0,,14.488,14.488,21.0,,,0,[],1768333489.0,4
20521,2026-01-13 19:50:00+00:00,cd11ca4f-0954-5f5b-adb7-cebe6778d7f7,0.0,14.193,,,0.0,,14.572,14.572,19.5,,,0,[],1768334163.0,4
20524,2026-01-13 20:00:00+00:00,0af36388-1b48-57f3-83ab-b44a379a88b3,0.0,13.648,,,0.0,,14.422,14.422,16.5,,,0,[],1768334837.0,4
20527,2026-01-13 20:10:00+00:00,7c02d160-13a7-5f0b-8a77-9993f2e13fef,0.0,10.227,,,0.0,,10.47,10.47,15.0,,,0,[],1768335512.0,4
20530,2026-01-13 20:20:00+00:00,e2243d64-1d7a-5d71-82f1-806b3b0ccf2a,0.0,9.603,,,0.0,,9.861,9.861,14.0,,,0,[],1768335849.0,4
20533,2026-01-13 20:30:00+00:00,c9214a2e-999e-586c-a908-65f94c7ce083,0.0,10.384,,,0.0,,10.3,10.3,12.0,,,0,[],1768336523.0,4
20536,2026-01-13 20:40:00+00:00,8842292a-7891-5d97-919e-c26811bf29ed,0.0,13.217,,,0.0,,13.523,13.523,10.5,,,0,[],1768337203.0,4
20539,2026-01-13 20:50:00+00:00,9bcfc4b2-3f90-59b5-9b46-059168190522,0.0,0.044,,,0.069,,0.054,0.029,9.0,,,0,[],1768337938.0,4
20542,2026-01-13 21:00:00+00:00,94b6447b-512c-56f4-9a45-bcd6c2f87d92,0.0,0.072,,,0.155,-0.054,,-0.084,9.0,,,0,[],1768338310.0,4
20545,2026-01-13 21:10:00+00:00,dde118cf-0a51-54ee-81d4-9eee440e6e5f,0.0,0.076,,,0.16,-0.053,,-0.08,9.0,,,0,[],1768339038.0,4
20548,2026-01-13 21:20:00+00:00,650777f3-c068-57be-89a2-539023b640b1,0.0,0.07,,,0.155,-0.057,,-0.086,9.0,,,0,[],1768339726.0,4
20551,2026-01-13 21:30:00+00:00,e77f0794-0ed5-595a-ac20-f222f71c4b2c,0.0,0.081,,,0.153,-0.056,,-0.086,9.0,,,0,[],1768340258.0,4
20554,2026-01-13 21:40:00+00:00,ac57d422-34fd-5fff-a290-2f630a60521f,0.0,0.08,,,0.157,-0.058,,-0.087,9.0,,,0,[],1768340933.0,4
20557,2026-01-13 21:50:00+00:00,5f33c960-631a-551b-94e4-85e7edc5f2b7,0.0,0.069,,,0.154,-0.057,,-0.088,9.0,,,0,[],1768341437.0,4
20560,2026-01-13 22:00:00+00:00,661ccc97-4f00-5ce2-ad0c-e082a9462d4f,0.0,7.92,,,8.147,-0.056,,-0.082,9.0,,,0,[],1768341993.0,4
20563,2026-01-13 22:10:00+00:00,36240d34-3a99-5342-be4c-273f1dfda296,0.0,8.755,,,8.983,-0.057,,-0.081,9.0,,,0,[],1768342699.0,4
20566,2026-01-13 22:20:00+00:00,40ee0ba8-32df-538b-acf5-8fe08b1c0a60,0.0,8.468,,,8.693,-0.058,,-0.081,9.0,,,0,[],1768343058.0,4
20569,2026-01-13 22:30:00+00:00,471ada7d-cf78-54b9-bcf1-c63c5488b65e,0.0,9.552,,,9.775,-0.057,,-0.081,9.0,,,0,[],1768343743.0,4
20572,2026-01-13 22:40:00+00:00,b1807ff7-8d98-5732-949a-14c3fc10ce08,0.0,9.337,,,9.561,-0.056,,-0.081,9.0,,,0,[],1768344427.0,4
20575,2026-01-13 22:50:00+00:00,8f741fa1-37ae-52c5-b8dd-7af1724c4689,0.0,10.383,,,10.606,-0.057,,-0.082,9.0,,,0,[],1768345112.0,4
20578,2026-01-13 23:00:00+00:00,791a452d-843d-5f73-9d3c-13e35b1a6a3e,0.0,9.592,,,9.817,-0.058,,-0.081,9.0,,,0,[],1768345797.0,4
20581,2026-01-13 23:10:00+00:00,3f0f36b3-31e9-5f56-9b4f-bd4973588553,0.0,7.372,,,7.607,-0.06,,-0.085,9.0,,,0,[],1768346140.0,4
20583,2026-01-13 23:20:00+00:00,def9bb7c-903e-5047-bb95-d884d7169fe5,0.0,7.532,,,7.761,-0.065,,-0.091,9.0,,,0,[],1768346828.0,4
20586,2026-01-13 23:30:00+00:00,238d15c0-da11-5356-9c38-b733c87dec19,0.0,6.665,,,6.891,-0.061,,-0.091,9.0,,,0,[],1768347513.0,4
20589,2026-01-13 23:40:00+00:00,43e0121a-9852-5e5b-8c01-d95866cf13ac,0.0,6.001,,,6.226,-0.062,,-0.094,9.0,,,0,[],1768348071.0,4
20592,2026-01-13 23:50:00+00:00,29ce878c-a07d-5a03-a3df-af8d1cad82ca,0.0,5.93,,,6.155,-0.06,,-0.09,9.0,,,0,[],1768348540.0,4
20595,2026-01-14 00:00:00+00:00,bdde558b-9c9a-5848-a247-ca43e65dc88d,0.0,5.766,,,5.985,-0.06,,-0.092,9.0,,,0,[],1768349225.0,4
20598,2026-01-14 00:10:00+00:00,cd76b3bc-f6ab-5199-83f8-9449a09099df,0.0,6.063,,,6.287,-0.06,,-0.091,9.0,,,0,[],1768349913.0,4
20601,2026-01-14 00:20:00+00:00,b6bd5cd0-3a77-5b9a-9a82-10453d6ef7c6,0.0,7.059,,,7.287,-0.061,,-0.089,9.0,,,0,[],1768350432.0,4
20604,2026-01-14 00:30:00+00:00,5083ddd4-df4f-591d-888c-fd21ffbc7167,0.0,6.577,,,6.8,-0.06,,-0.088,9.0,,,0,[],1768351106.0,4
20607,2026-01-14 00:40:00+00:00,c2987482-ee42-55fe-ace1-564474ec6f98,0.0,5.996,,,6.225,-0.059,,-0.091,9.0,,,0,[],1768351625.0,4
20610,2026-01-14 00:50:00+00:00,4341f236-f8dd-5df6-9f7e-5f8c9320a353,0.0,6.338,,,6.562,-0.058,,-0.088,9.0,,,0,[],1768352310.0,4
20613,2026-01-14 01:00:00+00:00,90f199e1-95b3-53e5-8c65-994517f2b523,0.0,6.447,,,6.674,-0.056,,-0.086,9.0,,,0,[],1768352877.0,4
20616,2026-01-14 01:10:00+00:00,5cab3e7f-8920-56dd-80a2-a93da51121a1,0.0,6.089,,,6.32,-0.058,,-0.087,9.0,,,0,[],1768353520.0,4
20619,2026-01-14 01:20:00+00:00,f24e8bbc-1f9f-5bbf-9300-3368b538d58f,0.0,6.303,,,6.525,-0.058,,-0.085,9.0,,,0,[],1768354064.0,4
20622,2026-01-14 01:30:00+00:00,fefe526c-64e6-5abe-b816-b88f29102d6a,0.0,6.475,,,6.698,-0.058,,-0.084,9.0,,,0,[],1768354737.0,4
20625,2026-01-14 01:40:00+00:00,31c60df4-a3a3-50de-b105-6da4a12a943b,0.0,6.731,,,6.957,-0.058,,-0.084,9.0,,,0,[],1768355206.0,4
20628,2026-01-14 01:50:00+00:00,56c7edd3-b2c3-5225-bf25-edfa569d2704,0.0,6.67,,,6.896,-0.056,,-0.082,9.0,,,0,[],1768355880.0,4
20631,2026-01-14 02:00:00+00:00,622d9f9b-f08e-5ec5-b7ff-8026bd71b2fe,0.0,6.372,,,6.6,-0.057,,-0.083,9.0,,,0,[],1768356462.0,4
20634,2026-01-14 02:10:00+00:00,02f4b151-9dc1-5324-b9a3-475427749833,0.0,6.203,,,6.426,-0.058,,-0.085,9.0,,,0,[],1768356891.0,4
20637,2026-01-14 02:20:00+00:00,0cd15c70-24ac-5407-bc95-ec0cd88c67a6,0.0,6.058,,,6.283,-0.061,,-0.092,9.0,,,0,[],1768357567.0,4
20640,2026-01-14 02:30:00+00:00,e3a226c9-ebee-5190-87f9-b2b11c79e595,0.0,5.778,,,6.004,-0.06,,-0.091,9.0,,,0,[],1768358241.0,4
20643,2026-01-14 02:40:00+00:00,1adbd4a0-ae7b-522a-9ac7-38bca390de0b,0.0,4.813,,,5.049,-0.061,,-0.092,9.0,,,0,[],1768358915.0,4
20646,2026-01-14 02:50:00+00:00,2bc92e74-37a0-5583-b657-b4100956e1d2,0.0,4.991,,,5.207,-0.058,,-0.084,9.0,,,0,[],1768359255.0,4
20649,2026-01-14 03:00:00+00:00,12a9ec3e-2c6a-5e90-840f-78259153ddb6,0.0,5.454,,,5.681,-0.059,,-0.091,9.0,,,0,[],1768359943.0,4
20652,2026-01-14 03:10:00+00:00,64757251-dccd-58c2-aa4d-871d405fd60b,0.0,5.776,,,6.001,-0.061,,-0.092,9.0,,,0,[],1768360631.0,4
20655,2026-01-14 03:20:00+00:00,4c433153-1cf7-584d-b027-e18444dd0346,0.0,5.257,,,5.488,-0.062,,-0.094,9.0,,,0,[],1768361324.0,4
20658,2026-01-14 03:30:00+00:00,01b4a4ed-93c4-54e9-b4d7-01aeecc11953,0.0,6.168,,,6.387,-0.06,,-0.088,9.0,,,0,[],1768361668.0,4
20661,2026-01-14 03:40:00+00:00,460c3297-c42c-5db9-9b18-ab21365abb95,0.0,5.559,,,5.785,-0.06,,-0.088,9.0,,,0,[],1768362356.0,4
20664,2026-01-14 03:50:00+00:00,e0d42b1f-e709-5ba6-b583-2d55181c75aa,0.0,5.9,,,6.127,-0.058,,-0.086,9.0,,,0,[],1768363045.0,4
20667,2026-01-14 04:00:00+00:00,821dfb9a-90dd-52b4-af32-872bac658cb2,0.0,6.788,,,7.012,-0.059,,-0.085,9.0,,,0,[],1768363658.0,4
20670,2026-01-14 04:10:00+00:00,30ff1cef-cc7f-5853-a856-d36af3467133,0.0,5.163,,,5.381,-0.06,,-0.087,9.0,,,0,[],1768364301.0,4
20673,2026-01-14 04:20:00+00:00,ea44dada-9472-58b1-81fa-1b09baa4669c,0.0,4.912,,,5.14,-0.059,,-0.089,9.0,,,0,[],1768364867.0,4
20676,2026-01-14 04:30:00+00:00,ab337772-2bf9-5ff5-8e94-577c6f498e2a,0.0,5.11,,,5.329,-0.061,,-0.09,9.0,,,0,[],1768365313.0,4
20679,2026-01-14 04:40:00+00:00,9d2f02ad-770e-544a-b828-8a513debee63,0.0,5.671,,,5.898,-0.06,,-0.09,9.0,,,0,[],1768365988.0,4
20682,2026-01-14 04:50:00+00:00,92b436c8-5840-5580-8c57-8780ea6aaf6c,0.0,5.393,,,5.622,-0.061,,-0.087,9.0,,,0,[],1768366662.0,4
20685,2026-01-14 05:00:00+00:00,a39b12d1-7263-56a4-a0ef-8aee513f1b78,0.0,5.796,,,6.02,-0.06,,-0.09,9.0,,,0,[],1768367337.0,4
20687,2026-01-14 05:10:00+00:00,ee91e487-35f8-58a2-99de-3896661c86f5,0.0,5.924,,,6.149,-0.062,,-0.09,9.0,,,0,[],1768367938.0,4
20690,2026-01-14 05:20:00+00:00,f60e5bbe-58ea-5767-92d7-894f16cc02ea,0.0,6.192,,,6.414,-0.062,,-0.087,9.0,,,0,[],1768368348.0,4
20693,2026-01-14 05:30:00+00:00,253f9485-3050-53d8-9686-181f27740e60,0.001,5.192,,,5.419,-0.06,,-0.089,9.0,,,0,[],1768369022.0,4
20696,2026-01-14 05:40:00+00:00,492c56d0-f5b7-56a3-8a10-4115f76c863d,0.0,4.611,,,4.835,-0.061,,-0.092,9.0,,,0,[],1768369697.0,4
20699,2026-01-14 05:50:00+00:00,fe60da17-c38f-59f0-b13b-22672a2563c5,0.002,4.237,,,4.465,-0.06,,-0.093,9.0,,,0,[],1768370035.0,4
20702,2026-01-14 06:00:00+00:00,33103ebd-8a8b-5d9d-831b-21e21d19eacc,0.038,4.692,,,4.914,-0.054,,-0.103,9.0,,,0,[],1768370709.0,4
20705,2026-01-14 06:10:00+00:00,e5e3ba62-83d3-5f0d-8352-220d343d6e13,0.321,4.843,,,5.069,-0.348,,-0.348,9.0,,,0,[],1768371384.0,4
20708,2026-01-14 06:20:00+00:00,46cb4d8c-0ef5-5b2f-8c08-3dc5c02f6b1c,0.48,7.252,,,7.481,-0.493,,-0.493,9.0,,,0,[],1768372061.0,4
20711,2026-01-14 06:30:00+00:00,cf0a394c-23a3-5d92-8302-0311605cc0f8,0.44,7.161,,,7.385,-0.465,,-0.465,9.0,,,0,[],1768372733.0,4
20714,2026-01-14 06:40:00+00:00,3813a0cb-3abf-51ab-b68b-e9c6b70fe03a,0.7,6.021,,,6.248,-0.731,,-0.731,9.0,,,0,[],1768373087.0,4
20717,2026-01-14 06:50:00+00:00,93c77ce4-6e75-57da-9857-7c93506d6200,1.18,4.98,,,5.203,-1.184,,-1.184,9.0,,,0,[],1768373772.0,4
20720,2026-01-14 07:00:00+00:00,da12dadc-2eb0-5bc3-af29-a58f4ed932c3,1.192,4.746,,,4.969,-1.194,,-1.194,10.0,,,0,[],1768374474.0,4
20723,2026-01-14 07:10:00+00:00,50c14e46-01c0-5bcc-af28-f20e9fd162d0,1.567,6.139,,,6.361,-1.549,,-1.549,10.0,,,0,[],1768375000.0,4
20726,2026-01-14 07:20:00+00:00,35335fcc-de5c-5781-b54e-4e0c53a24acc,1.956,6.456,,,6.681,-1.958,,-1.958,10.0,,,0,[],1768375685.0,4
20729,2026-01-14 07:30:00+00:00,89c5f205-7fb6-5e62-8ee7-87d588437b98,2.425,6.421,,,6.647,-2.378,,-2.378,10.0,,,0,[],1768376129.0,4
20732,2026-01-14 07:40:00+00:00,02e02fcd-5b71-5114-9f53-032c5d6d7850,4.393,7.176,,,7.4,-4.331,,-4.331,11.0,,,0,[],1768376804.0,4
20735,2026-01-14 07:50:00+00:00,7266574e-6d64-5625-b166-7373ec74df1b,4.835,6.071,,,6.297,-4.765,,-4.765,11.5,,,0,[],1768377478.0,4
20738,2026-01-14 08:00:00+00:00,599185e9-2dde-51e2-882a-4b658a5a817e,5.097,5.726,,,5.952,-5.013,,-5.013,12.0,,,0,[],1768378083.0,4
20741,2026-01-14 08:10:00+00:00,bf1df31d-4348-5b79-81e5-f97cfe22d32a,5.85,6.866,,,7.091,-5.765,,-5.765,13.0,,,0,[],1768378490.0,4
20744,2026-01-14 08:20:00+00:00,a6e00434-46f6-52c7-a71b-8ca85ed64afd,5.1,5.591,,,5.818,-4.999,,-4.999,13.0,,,0,[],1768379165.0,4
20747,2026-01-14 08:30:00+00:00,36c1f466-46a7-5259-a9d5-138432b6db62,4.137,5.588,,,5.813,-4.075,,-4.075,14.0,,,0,[],1768379839.0,4
20750,2026-01-14 08:40:00+00:00,ba292aee-fd15-5da6-ba20-9b8bfdc53c0c,6.606,4.047,,,4.277,-6.524,,-6.524,15.0,,,0,[],1768380514.0,4
20753,2026-01-14 08:50:00+00:00,1b848880-7bdb-5642-ac6c-f8a0fd2f2cf6,6.071,4.428,,,4.651,-5.969,,-5.969,16.0,,,0,[],1768381189.0,4
20756,2026-01-14 09:00:00+00:00,77f93483-e809-5c21-9298-95eb4454e655,7.658,4.477,,,4.703,-7.552,,-7.552,16.0,,,0,[],1768381526.0,4
20758,2026-01-14 09:10:00+00:00,4ff79fb2-0947-5845-8101-3a5ca217166c,9.153,5.615,,,5.839,-9.002,,-9.002,18.0,,,0,[],1768382200.0,4
20761,2026-01-14 09:20:00+00:00,56c1d16d-564d-5b90-9da4-239566941ea1,16.486,5.094,,,5.321,-16.075,,-16.075,20.0,,,0,[],1768382879.0,4
20764,2026-01-14 09:30:00+00:00,ef6dbe89-948f-55c6-9763-3d2cbbbd75c3,14.619,4.939,,,5.195,-14.691,,-14.691,21.0,,,0,[],1768383221.0,4
20767,2026-01-14 09:40:00+00:00,23255419-86dc-5490-9d94-0a21aa418dfd,14.021,5.639,,,5.837,-13.439,,-13.439,23.0,,,0,[],1768383904.0,4
20770,2026-01-14 09:50:00+00:00,25c94c40-9b47-579e-9d8c-dc6ba30122dd,14.043,4.72,,,4.883,-14.118,,-14.118,25.0,,,0,[],1768384588.0,4
20773,2026-01-14 10:00:00+00:00,e08bbcb5-1116-55b6-b307-35a9a20397cd,16.095,10.784,,,0.009,-5.068,,-5.068,26.0,,,0,[],1768385290.0,4
20776,2026-01-14 10:10:00+00:00,b0bac5e1-7452-5d78-85f2-56497bdc8023,15.636,10.327,,,0.013,-5.169,,-5.169,27.0,,,0,[],1768385828.0,4
20779,2026-01-14 10:20:00+00:00,0c2af806-5232-552f-8d8b-4b2b6ca2f796,18.441,10.122,,,0.006,-7.892,,-7.892,28.0,,,0,[],1768386511.0,4
20782,2026-01-14 10:30:00+00:00,0397d3ef-62f2-50f0-884a-70e3201c6505,12.44,6.736,,,0.014,-5.447,,-5.447,29.0,,,0,[],1768386943.0,4
20785,2026-01-14 10:40:00+00:00,77b23263-5289-5b37-8ca8-4a5ceb220354,12.776,4.73,,,0.012,-8.227,,-8.227,30.5,,,0,[],1768387619.0,4
20788,2026-01-14 10:50:00+00:00,823916a8-7a2b-52ba-921a-1e8840a6048a,18.684,5.916,,,0.015,-12.227,,-12.227,32.0,,,0,[],1768388294.0,4
20791,2026-01-14 11:00:00+00:00,54e5101f-c5d2-53f8-b3c7-7d2d7442243f,21.363,6.171,,,0.055,-15.228,,-15.228,33.5,,,0,[],1768388906.0,4
20794,2026-01-14 11:10:00+00:00,3711e8b1-3f1d-58ab-8ca0-abb6fd2e65be,18.943,5.827,,,0.013,-12.656,,-12.656,35.0,,,0,[],1768389305.0,4
20797,2026-01-14 11:20:00+00:00,e09eb755-fa9c-51ba-8e11-a5fa26f3e151,21.253,9.117,,,0.012,-11.642,,-11.642,37.0,,,0,[],1768389979.0,4
20800,2026-01-14 11:30:00+00:00,efd32901-5ade-56fe-bade-63f654f940d8,22.436,7.286,,,-0.03,-14.513,,-14.513,39.0,,,0,[],1768390653.0,4
20803,2026-01-14 11:40:00+00:00,8e3d8e50-49ab-5866-b862-339a2d9b06f1,22.051,7.183,,,0.028,-14.276,,-14.276,40.5,,,0,[],1768391301.0,4
20806,2026-01-14 11:50:00+00:00,04e1a7b4-caa7-5b5d-b103-4fcbefeb0fd8,22.796,7.368,,,0.012,-14.835,,-14.835,42.0,,,0,[],1768391665.0,4
20809,2026-01-14 12:00:00+00:00,4cd8e4f8-bb7a-5870-8afb-8e3f43d31573,22.547,6.501,,,0.068,-15.382,,-15.382,44.0,,,0,[],1768392339.0,4
20812,2026-01-14 12:10:00+00:00,c4315c2f-7a20-5eef-88e4-899aa148a893,8.444,6.355,,,0.008,-1.894,,-1.894,45.0,,,0,[],1768393015.0,4
20815,2026-01-14 12:20:00+00:00,512d699a-7730-57a8-8ea2-26bec31185cb,23.144,6.064,,,0.02,-16.473,,-16.473,47.0,,,0,[],1768393697.0,4
20818,2026-01-14 12:30:00+00:00,fde08a2b-f8cc-56dd-ae7b-5a3e5f79eebc,11.638,7.766,,,0.015,-3.605,,-3.605,47.0,,,0,[],1768394042.0,4
20821,2026-01-14 12:40:00+00:00,420cf56d-b454-5535-8804-60c307311745,14.726,6.321,,,0.013,-8.059,,-8.059,49.0,,,0,[],1768394727.0,4
20824,2026-01-14 12:50:00+00:00,a192b56f-2810-5202-b2c5-f3e2b8455ffc,18.538,5.812,,,0.016,-12.336,,-12.336,51.0,,,0,[],1768395411.0,4
20827,2026-01-14 13:00:00+00:00,b5b3bb83-9dfc-582a-8587-ff0b8393803a,21.721,9.481,,,0.014,-11.725,,-11.725,52.0,,,0,[],1768396100.0,4
20828,2026-01-14 13:10:00+00:00,2bf4a5ae-a450-58c0-83a3-5390e56cbddf,20.646,8.676,,,0.013,-11.503,,-11.503,53.0,,,0,[],1768396630.0,4
20831,2026-01-14 13:20:00+00:00,4f36f2d9-3807-5ba8-ac35-8f0e86f31dba,19.409,10.266,,,0.003,-9.163,,-9.163,54.5,,,0,[],1768397298.0,4
20834,2026-01-14 13:30:00+00:00,8640f7bc-49ac-531b-8164-7dc52de561ec,18.512,9.009,,,0.008,-9.092,,-9.092,55.5,,,0,[],1768397754.0,4
20837,2026-01-14 13:40:00+00:00,c10bfabb-a559-55ef-8033-6da90bf209dd,17.909,7.991,,,0.012,-9.627,,-9.627,56.5,,,0,[],1768398429.0,4
20840,2026-01-14 13:50:00+00:00,565ab7f3-a7f8-5a84-97a4-3b9f406d52d7,16.748,10.291,,,0.013,-6.118,,-6.118,58.0,,,0,[],1768399103.0,4
20843,2026-01-14 14:00:00+00:00,90f622e9-d021-5d2c-bfd8-bba2fd54f4da,13.791,10.497,,,0.011,-3.151,0.099,-3.052,58.0,,,0,[],1768399696.0,4
20846,2026-01-14 14:10:00+00:00,54de2045-d64e-5caa-8ab3-26ea5c2ae1d6,15.255,10.564,,,0.016,-4.314,,-4.314,59.0,,,0,[],1768400114.0,4
20849,2026-01-14 14:20:00+00:00,6f033e8d-39cf-5c39-913c-1d475e7ab3c7,15.078,10.252,,,0.006,-4.503,,-4.503,59.0,,,0,[],1768400788.0,4
20852,2026-01-14 14:30:00+00:00,52dee4d0-944e-5e66-b593-9438fbee94ca,14.308,8.968,,,0.018,-5.081,,-5.081,60.0,,,0,[],1768401463.0,4
20855,2026-01-14 14:40:00+00:00,0ff1c5c4-2c93-55ef-9d70-bebc434f3b06,13.113,7.265,,,0.034,-5.61,,-5.61,60.5,,,0,[],1768402105.0,4
20858,2026-01-14 14:50:00+00:00,b569bac8-419a-52a4-aece-cf245d4c83c2,12.848,8.118,,,0.007,-4.409,,-4.409,61.0,,,0,[],1768402475.0,4
20861,2026-01-14 15:00:00+00:00,9316c970-85e8-59e7-b5d3-d5d9a2108cbc,11.348,6.338,,,0.012,-4.732,,-4.732,62.0,,,0,[],1768403150.0,4
20864,2026-01-14 15:10:00+00:00,c84aea4c-4099-5b1f-b60b-56f187433d5c,10.164,6.666,,,0.008,-3.286,,-3.286,62.0,,,0,[],1768403824.0,4
20867,2026-01-14 15:20:00+00:00,8b091d1a-7c48-595e-b1e4-d23b4c7e8e13,10.137,5.864,,,0.002,-3.522,,-3.522,63.0,,,0,[],1768404497.0,4
20870,2026-01-14 15:30:00+00:00,e9a21a41-1e47-5085-be5f-7232a1ee83db,9.399,6.706,,,0.012,-2.501,,-2.501,63.0,,,0,[],1768404844.0,4
20873,2026-01-14 15:40:00+00:00,ab4a6039-13b0-5b00-8195-896899d6b8bd,7.85,5.798,,,0.012,-1.857,,-1.857,63.0,,,0,[],1768405528.0,4
20876,2026-01-14 15:50:00+00:00,115eefb8-64dd-5ef5-8c77-86b44d8099b9,5.246,7.965,,,0.017,,2.847,2.847,63.0,,,0,[],1768406213.0,4
20879,2026-01-14 16:00:00+00:00,eb078dce-4b32-52dc-a64c-b9081f82cd41,4.315,8.783,,,0.013,,4.579,4.579,63.0,,,0,[],1768406913.0,4
20882,2026-01-14 16:10:00+00:00,a641c82a-3230-5e6f-84a1-f6e1b6ae7605,4.329,10.205,,,0.017,,6.451,6.451,62.0,,,0,[],1768407439.0,4
20885,2026-01-14 16:20:00+00:00,9b564dd4-dc06-54fc-a987-036d8984e782,3.42,8.956,,,0.012,,5.695,5.695,61.0,,,0,[],1768408124.0,4
20888,2026-01-14 16:30:00+00:00,86f96ee9-cd71-5f4a-8ea7-9d06475d018c,2.328,8.556,,,0.012,,6.437,6.437,60.0,,,0,[],1768408567.0,4
20891,2026-01-14 16:40:00+00:00,ab48d5e3-fe21-5667-bf16-dcbd8484ed6d,1.85,9.938,,,0.011,,8.389,8.389,59.0,,,0,[],1768409242.0,4
20894,2026-01-14 16:50:00+00:00,16e38f8d-abb6-50b0-88df-2b7ce48b10b8,1.568,10.738,,,0.009,,9.361,9.361,58.0,,,0,[],1768409916.0,4
20897,2026-01-14 17:00:00+00:00,1f9c4bc4-08bd-53c3-bee9-ed2755156951,0.981,14.593,,,0.042,,13.838,13.838,56.5,,,0,[],1768410520.0,4
20900,2026-01-14 17:10:00+00:00,8260cb88-976f-510e-924e-c421fef4156f,0.677,12.46,,,0.012,,12.025,12.025,55.0,,,0,[],1768410928.0,4
20903,2026-01-14 17:20:00+00:00,dd9c5734-b3a2-55d3-9cec-d5c4422b9514,0.401,11.971,,,-0.052,,11.927,11.927,53.0,,,0,[],1768411602.0,4
20906,2026-01-14 17:30:00+00:00,68f55d6c-68eb-5a2b-ace6-0aa5cdea02db,0.194,12.133,,,0.013,,12.179,12.179,51.0,,,0,[],1768412277.0,4
20909,2026-01-14 17:40:00+00:00,be175126-a218-54c9-8df8-f5db36755726,0.04,12.831,,,0.005,,12.979,12.979,50.0,,,0,[],1768412916.0,4
20912,2026-01-14 17:50:00+00:00,592b3053-d005-5260-adcf-e897c4f1765d,0.002,14.833,,,0.009,,15.245,15.245,48.0,,,0,[],1768413289.0,4
20915,2026-01-14 18:00:00+00:00,8b47f340-8154-5dcc-97aa-b9226b02d0d9,0.0,17.832,,,0.004,,18.337,18.337,46.0,,,0,[],1768413964.0,4
20918,2026-01-14 18:10:00+00:00,ddbe93df-9f42-5cd9-add3-a5ab78b5ec71,0.0,17.787,,,0.012,,18.297,18.297,43.0,,,0,[],1768414638.0,4
20921,2026-01-14 18:20:00+00:00,7b933344-d4be-512c-b6da-8bfb65108188,0.0,14.999,,,0.02,,14.751,14.751,40.0,,,0,[],1768415312.0,4
20924,2026-01-14 18:30:00+00:00,21e67e0d-13c1-5c3b-bd88-1aa69f2290cf,0.0,16.604,,,0.015,,16.457,16.457,39.0,,,0,[],1768415653.0,4
20927,2026-01-14 18:40:00+00:00,dbda1df3-3797-5377-a9db-9ae9369fad1b,0.0,14.807,,,0.009,,15.24,15.24,36.0,,,0,[],1768416337.0,4
20930,2026-01-14 18:50:00+00:00,5c579754-f2e3-5792-a8f1-45546f2aa64f,0.0,9.654,,,9.78,,,0.043,35.0,,,0,[],1768417019.0,4
20933,2026-01-14 19:00:00+00:00,5532efe1-2d4b-5cbb-92f9-83b45651b284,0.0,10.649,,,10.744,,,0.057,35.0,,,0,[],1768417690.0,4
20936,2026-01-14 19:10:00+00:00,eab46909-26ac-5041-9471-54dd228d306d,0.0,11.576,,,11.677,,,0.053,35.0,,,0,[],1768418252.0,4
20939,2026-01-14 19:20:00+00:00,a3187ac0-9baa-5bce-8314-16fe4a7fd45a,0.0,8.261,,,8.353,,,0.052,35.0,,,0,[],1768418936.0,4
20942,2026-01-14 19:30:00+00:00,add468c4-79b7-5ca8-8733-588d0efc5975,0.0,7.875,,,7.958,,,0.059,35.0,,,0,[],1768419380.0,4
20945,2026-01-14 19:40:00+00:00,8be180f5-b267-59ce-b8e0-848fa05d7409,0.0,8.351,,,8.441,,,0.052,35.0,,,0,[],1768420055.0,4
20948,2026-01-14 19:50:00+00:00,bf7d3ef9-b60e-5093-b3de-ed8b59e91d36,0.0,9.067,,,9.168,,,0.044,35.0,,,0,[],1768420729.0,4
20951,2026-01-14 20:00:00+00:00,e38178ce-d1ed-5ffb-af04-2b7ccc9dc28e,0.0,9.868,,,9.962,,,0.052,35.0,,,0,[],1768421331.0,4
20954,2026-01-14 20:10:00+00:00,67abed4c-7beb-5ea5-84fe-deb34bfd67f2,0.0,8.467,,,8.554,,,0.055,35.0,,,0,[],1768421740.0,4
20957,2026-01-14 20:20:00+00:00,db59eb7b-cb43-5de8-85b5-546917d88e5c,0.0,7.83,,,7.912,,,0.049,35.0,,,0,[],1768422414.0,4
20960,2026-01-14 20:30:00+00:00,7d58e499-936e-5053-b68e-47b95aa2d741,0.0,8.059,,,8.158,,,0.043,35.0,,,0,[],1768423088.0,4
20963,2026-01-14 20:40:00+00:00,53fd0319-66b2-5df3-83ff-89f331784ddb,0.0,8.636,,,8.732,,,0.05,35.0,,,0,[],1768423724.0,4
20966,2026-01-14 20:50:00+00:00,6776b009-9250-5084-a24e-a6cebc357281,0.0,9.021,,,9.119,,,0.059,35.0,,,0,[],1768424397.0,4
20969,2026-01-14 21:00:00+00:00,d6e6ab7d-e03f-567e-8eec-72455d67117c,0.0,8.586,,,8.683,,,0.042,35.0,,,0,[],1768424774.0,4
20972,2026-01-14 21:10:00+00:00,d38ab128-fe25-561f-accf-940c1786cdfb,0.0,9.532,,,9.622,,,0.045,35.0,,,0,[],1768425449.0,4
20975,2026-01-14 21:20:00+00:00,8cfa84d0-f079-525c-ab7a-c64c7a49affa,0.0,8.412,,,8.506,,,0.047,35.0,,,0,[],1768426123.0,4
20978,2026-01-14 21:30:00+00:00,4a8eac4c-a9a2-550a-bed6-0638130d9764,0.0,8.818,,,8.91,,,0.057,35.0,,,0,[],1768426464.0,4
20981,2026-01-14 21:40:00+00:00,74cddba4-7233-5502-adaf-c342ea235ccc,0.0,8.649,,,8.735,,,0.05,35.0,,,0,[],1768427148.0,4
20984,2026-01-14 21:50:00+00:00,5346c216-f4b6-5a23-b798-223c678f398a,0.0,9.048,,,9.144,,,0.049,35.0,,,0,[],1768427816.0,4
20987,2026-01-14 22:00:00+00:00,8dde5584-2f8e-5ab0-8f55-f9106833561d,0.0,8.907,,,9.002,,,0.055,35.0,,,0,[],1768428537.0,4
20990,2026-01-14 22:10:00+00:00,65f216a5-1e42-5de6-86d9-b40ce8f9ccb7,0.0,8.981,,,9.076,,,0.049,35.0,,,0,[],1768429064.0,4
20993,2026-01-14 22:20:00+00:00,5c1bdf24-ef4c-5d63-9446-d6afa2102d55,0.0,8.326,,,8.427,,,0.042,35.0,,,0,[],1768429738.0,4
20996,2026-01-14 22:30:00+00:00,0d472eaa-5afe-5222-b106-799a565a33d9,0.0,7.312,,,7.403,,,0.047,35.0,,,0,[],1768430192.0,4
20999,2026-01-14 22:40:00+00:00,15589211-3c7e-55fe-8889-9e9cb01f6c21,0.0,7.295,,,7.386,,,0.051,35.0,,,0,[],1768430867.0,4
21002,2026-01-14 22:50:00+00:00,0ea6b6ed-6f57-5c21-90fe-5ddc9c618f52,0.0,7.302,,,7.391,,,0.057,35.0,,,0,[],1768431465.0,4
21005,2026-01-14 23:10:00+00:00,585104d3-2f93-5876-ab5a-a271204a928b,0.0,7.776,,,7.871,,,0.04,35.0,,,0,[],1768432553.0,4
21009,2026-01-14 23:20:00+00:00,798e9aa6-f437-55bb-b68a-10116e47c625,0.0,8.233,,,8.334,,,0.043,35.0,,,0,[],1768433227.0,4
21012,2026-01-14 23:30:00+00:00,51fa5ba0-c491-5ba9-b11f-01b6ff567d66,0.0,6.725,,,6.818,,,0.044,35.0,,,0,[],1768433901.0,4
21015,2026-01-14 23:40:00+00:00,f2bf3fed-d7ef-586a-aeaf-a975cfe1faf6,0.0,5.95,,,6.038,,,0.049,35.0,,,0,[],1768434539.0,4
21018,2026-01-14 23:50:00+00:00,1ec5c07e-8cfc-5ede-80f6-c0e01d1ecfe0,0.0,6.113,,,6.207,,,0.049,35.0,,,0,[],1768434913.0,4
21021,2026-01-15 00:00:00+00:00,4a12e6d7-3090-5190-b41c-b02ce7e96baf,0.0,5.776,,,5.857,,,0.05,35.0,,,0,[],1768435587.0,4
21024,2026-01-15 00:10:00+00:00,f76c04c7-6e5d-54d3-b7a2-cab7649dad96,0.0,6.256,,,6.343,,,0.048,35.0,,,0,[],1768436262.0,4
21027,2026-01-15 00:20:00+00:00,5c0ef19d-55f4-5fb9-a9eb-02dd41aefceb,0.0,6.011,,,6.094,,,0.05,35.0,,,0,[],1768436936.0,4
21030,2026-01-15 00:30:00+00:00,47fa97c5-5f3c-520a-9ab3-5f077cd5290a,0.0,5.172,,,5.253,,,0.048,35.0,,,0,[],1768437283.0,4
21033,2026-01-15 00:40:00+00:00,4cb89847-0555-50a5-96ac-8c43003650c7,0.0,5.304,,,5.389,,,0.049,35.0,,,0,[],1768437967.0,4
21036,2026-01-15 00:50:00+00:00,19b8b76b-43dc-52c1-aa17-524bb973d159,0.0,5.847,,,5.93,,,0.05,35.0,,,0,[],1768438652.0,4
21039,2026-01-15 01:00:00+00:00,2a962bd1-e576-5224-94a6-c9f81178e387,0.0,5.928,,,6.012,,,0.048,35.0,,,0,[],1768439316.0,4
21042,2026-01-15 01:10:00+00:00,dff7b297-633a-59e7-b42a-55557c59f330,0.0,5.644,,,5.728,,,0.048,35.0,,,0,[],1768439878.0,4
21045,2026-01-15 01:20:00+00:00,0ac77af4-a07f-536e-aabc-fc43a263b793,0.0,5.482,,,5.566,,,0.05,35.0,,,0,[],1768440333.0,4
21048,2026-01-15 01:30:00+00:00,d5fbbcbd-c265-5c71-90c6-1aaab2d1733a,0.0,5.977,,,6.056,,,0.047,35.0,,,0,[],1768441007.0,4
21051,2026-01-15 01:40:00+00:00,e98001dd-9f89-536c-a12e-39fb620d1b74,0.0,6.495,,,6.583,,,0.047,35.0,,,0,[],1768441682.0,4
21054,2026-01-15 01:50:00+00:00,630b4fd3-cbd2-54dc-9bf9-7529bfec64ba,0.0,6.893,,,6.985,,,0.042,35.0,,,0,[],1768442273.0,4
21057,2026-01-15 02:00:00+00:00,bb096356-2122-58a1-86e9-be9d3f8d97c4,0.0,6.998,,,7.096,,,0.041,35.0,,,0,[],1768442693.0,4
21060,2026-01-15 02:10:00+00:00,799ca0d2-45a0-5fd0-a463-a8f35c6ec4bc,0.0,6.06,,,6.148,,,0.046,35.0,,,0,[],1768443367.0,4
21063,2026-01-15 02:20:00+00:00,7d3266dd-9dbd-50bb-811d-e054f334e623,0.0,5.631,,,5.712,,,0.049,35.0,,,0,[],1768444041.0,4
21066,2026-01-15 02:30:00+00:00,e8789c81-5bee-5ac0-a57b-9806ef3c79b8,0.0,5.046,,,5.138,,,0.05,35.0,,,0,[],1768444717.0,4
21069,2026-01-15 02:40:00+00:00,a36406f9-0b64-5980-bae8-72d4fead6712,0.0,5.262,,,5.354,,,0.049,35.0,,,0,[],1768445061.0,4
21072,2026-01-15 02:50:00+00:00,88ed438b-cf2b-5445-b63b-35ca7df18e6a,0.0,5.158,,,5.242,,,0.049,35.0,,,0,[],1768445747.0,4
21075,2026-01-15 03:00:00+00:00,b7d3ab94-0530-5f88-975c-97877f1df70a,0.0,5.071,,,5.151,,,0.051,35.0,,,0,[],1768446404.0,4
21078,2026-01-15 03:10:00+00:00,7fcaee5f-e4bc-5942-bc40-0cde536782b8,0.0,6.34,,,6.434,,,0.043,35.0,,,0,[],1768447117.0,4
21081,2026-01-15 03:20:00+00:00,6cad789a-037f-584d-a8dc-63dfa0785975,0.0,6.619,,,6.712,,,0.043,35.0,,,0,[],1768447463.0,4
21084,2026-01-15 03:30:00+00:00,ab4934f7-193b-5503-bcd4-1b6b74342cd1,0.0,6.066,,,6.159,,,0.044,35.0,,,0,[],1768448150.0,4
21087,2026-01-15 03:40:00+00:00,bbdf440c-fdf5-5b32-b717-e2a17d356bab,0.0,6.356,,,6.451,,,0.048,35.0,,,0,[],1768448836.0,4
21090,2026-01-15 03:50:00+00:00,4bec03f7-768a-58bb-9411-6ef524763c32,0.0,6.467,,,6.55,,,0.052,35.0,,,0,[],1768449516.0,4
21093,2026-01-15 04:00:00+00:00,2ecdc0cf-0e16-57db-9c7c-57ce7c0f7f6a,0.0,6.701,,,6.789,,,0.048,35.0,,,0,[],1768450130.0,4
21096,2026-01-15 04:10:00+00:00,a4dd7e92-3ebf-537f-ab4a-bd7f2d2bf354,0.0,6.539,,,6.623,,,0.049,35.0,,,0,[],1768450720.0,4
21099,2026-01-15 04:20:00+00:00,b28bf515-dbbd-544a-9a74-1ca67b26e5dd,0.0,6.622,,,6.717,,,0.049,35.0,,,0,[],1768451147.0,4
21102,2026-01-15 04:30:00+00:00,bac60ebb-49e1-57aa-9b67-60aafa221109,0.0,6.139,,,6.233,,,0.046,35.0,,,0,[],1768451821.0,4
21105,2026-01-15 04:40:00+00:00,55dd19e6-5fb3-55ed-adbc-c830452b911d,0.0,6.072,,,6.163,,,0.044,35.0,,,0,[],1768452496.0,4
21108,2026-01-15 04:50:00+00:00,902ae927-8ab5-5c7c-a5f2-e413476973f0,0.0,6.146,,,6.244,,,0.041,35.0,,,0,[],1768452832.0,4
21111,2026-01-15 05:00:00+00:00,dd583596-1cbc-59cf-ab5b-02efe258491d,0.0,6.031,,,6.132,,,0.042,35.0,,,0,[],1768453507.0,4
21114,2026-01-15 05:10:00+00:00,3de1b198-36c9-5ee0-8bee-5cfef733e219,0.0,6.065,,,6.147,,,0.048,35.0,,,0,[],1768454181.0,4
21117,2026-01-15 05:20:00+00:00,10cbf644-0495-5169-b852-46e72d0afe55,0.0,7.262,,,7.364,,,0.04,35.0,,,0,[],1768454856.0,4
21120,2026-01-15 05:30:00+00:00,bb43068a-f97e-5ffc-b174-8624722ccdc1,0.0,6.704,,,6.801,,,0.042,35.0,,,0,[],1768455530.0,4
21123,2026-01-15 05:40:00+00:00,0fde8b7e-bd0a-5b31-986e-0855a71a1215,0.0,6.935,,,7.04,,,0.044,35.0,,,0,[],1768455872.0,4
21126,2026-01-15 05:50:00+00:00,2a9a58d6-f5e5-5bf8-9d60-158cb70dd354,0.024,5.74,,,5.816,,,0.044,35.0,,,0,[],1768456559.0,4
21129,2026-01-15 06:00:00+00:00,4e7ad7b2-cf89-5810-badf-ffff27f41454,0.17,6.156,,,6.065,,,0.042,35.0,,,0,[],1768457246.0,4
21132,2026-01-15 06:10:00+00:00,d65361fd-1edd-57a9-ba43-227fc4154660,0.668,6.165,,,5.592,,,0.049,35.0,,,0,[],1768457918.0,4
21135,2026-01-15 06:20:00+00:00,8afee276-8440-5857-8bf0-d20ae2adb59a,0.906,7.093,,,6.284,,,0.04,35.0,,,0,[],1768458277.0,4
21138,2026-01-15 06:30:00+00:00,e9d9e97d-034e-5b5c-9908-9481a84df579,1.695,7.951,,,6.336,,,0.019,35.0,,,0,[],1768458963.0,4
21141,2026-01-15 06:40:00+00:00,fd876570-203f-5f3e-b91b-7233c8e7e207,2.837,6.75,,,4.016,,,0.037,35.0,,,0,[],1768459649.0,4
21144,2026-01-15 06:50:00+00:00,0db424da-9741-5045-87ef-2a52e440b373,3.229,7.248,,,4.086,,,0.053,35.0,,,0,[],1768460251.0,4
21147,2026-01-15 07:00:00+00:00,1a041e52-cec5-5e9d-a9a8-dd13fe5a9fd1,3.451,7.515,,,4.109,,,0.036,35.0,,,0,[],1768460838.0,4
21150,2026-01-15 07:10:00+00:00,ac99e4a0-a5d0-5bbc-999a-f513a8ec6e27,3.82,6.863,,,3.134,,,0.031,35.0,,,0,[],1768461497.0,4
21153,2026-01-15 07:20:00+00:00,9c7ef8a0-f830-5209-aabb-f23fae4a12af,3.546,7.179,,,3.73,,,0.046,35.0,,,0,[],1768462005.0,4
21156,2026-01-15 07:30:00+00:00,3dbcac3f-f972-597b-a527-80396b9f63fa,4.522,7.769,,,3.351,,,0.035,35.0,,,0,[],1768462680.0,4
21159,2026-01-15 07:40:00+00:00,99cade77-2e0a-56bc-9b9a-d12a1f838b99,4.791,7.155,,,2.498,,,0.012,35.0,,,0,[],1768463231.0,4
21162,2026-01-15 07:50:00+00:00,466c3c88-5b8f-53f0-a78b-dab30b219314,5.84,8.625,,,2.922,,,0.032,35.0,,,0,[],1768463918.0,4
21165,2026-01-15 08:00:00+00:00,b42b1709-5bf4-5ec7-974b-0458244c1dc7,8.1,8.936,,,0.962,,,0.021,35.0,,,0,[],1768464366.0,4
21168,2026-01-15 08:10:00+00:00,09946d96-1767-5578-b3a3-7640b835b5c5,9.425,12.029,,,2.755,,,0.004,35.0,,,0,[],1768465040.0,4
21171,2026-01-15 08:20:00+00:00,d890e30e-c985-5171-94a5-a8029428eb56,10.367,10.989,,,0.757,,,0.036,35.0,,,0,[],1768465715.0,4
21174,2026-01-15 08:30:00+00:00,66d4afc5-c521-5dcf-8d39-aa30220d5a3c,8.801,10.322,,,1.548,,0.051,0.08,35.0,,,0,[],1768466167.0,4
21177,2026-01-15 08:40:00+00:00,a8685b96-d694-572f-8b36-24e7e97b8e80,8.038,10.322,,,2.197,,,0.048,35.0,,,0,[],1768466858.0,4
21180,2026-01-15 08:50:00+00:00,a276bb50-39b2-5ec0-97be-e112e4c5bfd4,9.089,11.774,,,2.935,,,0.036,35.0,,,0,[],1768467456.0,4
21183,2026-01-15 09:00:00+00:00,d8c2c78c-43df-5e49-a3e4-abd3beea5576,13.804,14.17,,,0.546,-0.059,0.055,-0.004,35.0,,,0,[],1768467906.0,4
21186,2026-01-15 09:10:00+00:00,418b25bf-d482-54bc-9411-8f9e30d10104,15.407,14.082,,,0.061,-0.85,0.07,-0.78,35.0,,,0,[],1768468593.0,4
21189,2026-01-15 09:20:00+00:00,80f18bfc-1b80-5d7e-94c1-f0ba12c5a80d,11.644,10.833,,,0.009,-0.705,,-0.711,35.0,,,0,[],1768469279.0,4
21192,2026-01-15 09:30:00+00:00,7ee60b2f-2792-5675-a7d7-9ec225f71a3f,17.62,12.221,,,0.02,-5.035,,-5.035,35.0,,,0,[],1768469818.0,4
21195,2026-01-15 09:40:00+00:00,970ad840-63ff-5646-9fcd-018ee9fdd997,18.364,13.053,,,0.286,-5.28,,-5.28,36.0,,,0,[],1768470492.0,4
21198,2026-01-15 09:50:00+00:00,2cc41059-6767-53bb-9f16-135a9e4fd297,18.001,12.452,,,0.012,-5.264,,-5.264,37.0,,,0,[],1768470996.0,4
21201,2026-01-15 10:00:00+00:00,25c985b8-a126-5dba-adfc-bf8610f43d5a,5.816,12.363,,,0.015,,6.73,6.73,37.0,,,0,[],1768471682.0,4
21204,2026-01-15 10:10:00+00:00,a0b6d1d0-1fe8-57aa-a1ab-8875f23e01dd,5.877,12.088,,,0.205,,6.202,6.202,36.0,,,0,[],1768472178.0,4
21207,2026-01-15 10:20:00+00:00,50932e73-7da3-5a32-a1a0-d89c2ba23862,8.163,9.402,,,1.348,,,0.016,35.0,,,0,[],1768472853.0,4
21210,2026-01-15 10:30:00+00:00,02ff3eea-e141-563c-9693-711019edddee,8.598,7.823,,,0.31,-0.93,,-0.912,35.0,,,0,[],1768473398.0,4
21213,2026-01-15 10:40:00+00:00,94539bfb-fc96-5f69-ae5d-994da169aacb,15.911,7.027,,,0.015,-8.517,,-8.517,36.0,,,0,[],1768474084.0,4
21216,2026-01-15 10:50:00+00:00,e0ce8eaa-a9fc-59bb-8da2-71c5a587c83a,21.905,9.011,,,0.008,-12.421,,-12.421,37.5,,,0,[],1768474538.0,4
21219,2026-01-15 11:00:00+00:00,809b2b40-8083-52c2-a4ed-25d69ca31991,18.34,16.656,,,0.009,-2.965,1.66,-1.305,38.0,,,0,[],1768475213.0,4
21222,2026-01-15 11:10:00+00:00,1259958f-371b-5305-bd9b-5350cb989e87,22.343,15.132,,,0.022,-7.272,,-7.272,38.5,,,0,[],1768475887.0,4
21225,2026-01-15 11:20:00+00:00,9c51f4d2-af76-5874-ba17-f775e3cb6eeb,16.054,17.089,,,0.352,-2.783,3.381,0.598,39.0,,,0,[],1768476486.0,4
21228,2026-01-15 11:30:00+00:00,705c7f27-c5d3-538d-b1c5-e08eacbcb0d6,12.799,12.04,,,0.009,-1.559,0.741,-0.818,39.0,,,0,[],1768476952.0,4
21231,2026-01-15 11:40:00+00:00,92aae17d-f3db-5af7-add7-56b578b14bc8,24.761,12.267,,,0.012,-11.907,,-11.907,40.0,,,0,[],1768477594.0,4
21234,2026-01-15 11:50:00+00:00,af6293c3-e920-55f7-b693-a62c29935f6a,23.421,7.792,,,0.017,-15.095,,-15.095,42.0,,,0,[],1768478268.0,4
21237,2026-01-15 12:00:00+00:00,0a4a8ffb-256e-584d-a901-490cb9a0ebe8,12.026,9.821,,,0.203,-1.702,,-1.702,43.0,,,0,[],1768478605.0,4
21240,2026-01-15 12:10:00+00:00,cec888db-52cc-525c-89ca-05e41a5c7ab9,17.876,9.727,,,-0.003,-8.115,,-8.115,44.0,,,0,[],1768479292.0,4
21243,2026-01-15 12:20:00+00:00,0be0565d-b20c-52b4-8f5a-ed0cb887bb5c,24.557,8.517,,,-0.1,-15.21,,-15.21,45.0,,,0,[],1768479980.0,4
21246,2026-01-15 12:30:00+00:00,cd9df42e-fc8f-55df-9e1e-3da4963a455b,23.426,9.284,,,-0.019,-13.228,,-13.228,47.0,,,0,[],1768480667.0,4
21249,2026-01-15 12:40:00+00:00,0319fd6a-10d5-578f-83d6-49c8ed66dda1,17.046,9.56,,,0.01,-9.8,,-9.8,48.0,,,0,[],1768481010.0,4
21252,2026-01-15 12:50:00+00:00,a56b9da3-1ec5-5c50-8ba0-edd214e0520b,22.697,8.587,,,0.009,-13.528,,-13.528,50.0,,,0,[],1768481976.0,4
21255,2026-01-15 13:00:00+00:00,f24515c1-c23a-5c35-822a-bf9e9431cf70,21.378,14.638,,,0.011,-6.978,,-6.978,51.0,,,0,[],1768482383.0,4
21257,2026-01-15 13:10:00+00:00,5bd7c08f-ccd7-5294-97da-947eb2a8c9d4,22.488,14.759,,,0.023,-7.339,,-7.339,52.0,,,0,[],1768483069.0,4
21260,2026-01-15 13:20:00+00:00,83606a22-1d9e-56d7-b8a2-7d8ce5ea607f,21.616,14.674,,,0.152,-7.182,,-7.182,53.0,,,0,[],1768483661.0,4
21263,2026-01-15 13:30:00+00:00,324afe78-f54d-5d10-b21c-c273b6278bc4,21.17,10.508,,,0.0,-9.702,,-9.702,54.0,,,0,[],1768484100.0,4
21266,2026-01-15 13:40:00+00:00,53e935f9-168f-523e-9523-23a76c0cee48,20.428,12.266,,,-0.114,-7.435,,-7.435,55.0,,,0,[],1768484786.0,4
21269,2026-01-15 13:50:00+00:00,6eab45d0-fe82-5e10-acd0-e3d8b2c4a674,19.724,12.906,,,0.02,-6.522,,-6.522,56.0,,,0,[],1768485474.0,4
21272,2026-01-15 14:00:00+00:00,7aebae6a-4de2-5d80-9842-e40fe618f331,18.529,10.728,,,0.012,-7.403,,-7.403,57.0,,,0,[],1768486026.0,4
21275,2026-01-15 14:10:00+00:00,78b68e43-879c-521f-a50c-3ba68b3b4d95,17.628,10.145,,,-0.019,-6.565,,-6.565,58.0,,,0,[],1768486699.0,4
21278,2026-01-15 14:20:00+00:00,cd1244e2-4dd4-5ca3-bfc7-6e1b1cb7d4c1,16.918,11.439,,,0.563,-6.233,,-6.233,59.0,,,0,[],1768487189.0,4
21281,2026-01-15 14:30:00+00:00,f262f2e0-f6ea-5ef8-a132-e3b401960576,16.191,7.814,,,-0.044,-8.439,,-8.439,60.0,,,0,[],1768487807.0,4
21284,2026-01-15 14:40:00+00:00,63a2f78b-a5ec-583c-8dd4-af8d93554692,14.625,7.056,,,-0.105,-6.851,,-6.851,61.0,,,0,[],1768488450.0,4
21287,2026-01-15 14:50:00+00:00,bb82969d-5240-5845-bcb2-335a414d32ff,13.779,9.068,,,0.203,-4.834,,-4.834,61.5,,,0,[],1768489124.0,4
21290,2026-01-15 15:00:00+00:00,9b28fd00-3440-593e-8bd1-f0812277866b,12.864,9.229,,,0.011,-3.814,,-3.814,62.0,,,0,[],1768489461.0,4
21291,2026-01-15 15:10:00+00:00,dd634e7c-0972-5809-bd10-45aecbddfac3,10.742,6.473,,,0.041,-3.046,,-3.046,62.0,,,0,[],1768490136.0,4
21294,2026-01-15 15:20:00+00:00,f6e357ee-5d30-5b93-86c0-022b423b91f5,10.374,8.938,,,0.015,-1.247,,-1.247,63.0,,,0,[],1768490810.0,4
21297,2026-01-15 15:30:00+00:00,53709677-f3f6-503a-baa2-55e9169d8b34,9.572,7.605,,,-0.061,-1.785,,-1.785,63.0,,,0,[],1768491484.0,4
21300,2026-01-15 15:40:00+00:00,c33af02e-1db0-5c91-90e6-d68cc3ceb3fb,8.364,7.195,,,0.015,-0.724,,-0.726,63.0,,,0,[],1768491827.0,4
21303,2026-01-15 15:50:00+00:00,e5589f6b-bff0-5f25-b20a-36f1b0ec0cae,7.302,10.4,,,0.024,,2.568,2.568,63.0,,,0,[],1768492512.0,4
21306,2026-01-15 16:00:00+00:00,ed9bcac6-2c73-597f-8563-24b60e8452ed,6.453,8.704,,,-0.061,,2.557,2.557,62.0,,,0,[],1768493198.0,4
21309,2026-01-15 16:10:00+00:00,a631c8b5-f6c1-564d-a8ae-0ce72dc5432b,5.128,10.032,,,0.013,,5.206,5.206,62.0,,,0,[],1768493885.0,4
21312,2026-01-15 16:20:00+00:00,34e6b34f-8fd4-54a9-b9a5-84e69896b0a4,4.159,10.48,,,-0.037,,6.961,6.961,61.0,,,0,[],1768494519.0,4
21315,2026-01-15 16:30:00+00:00,a89e4d16-cf26-50a3-ba87-f39dc845bea8,3.527,12.023,,,0.012,,8.645,8.645,60.0,,,0,[],1768494918.0,4
21318,2026-01-15 16:40:00+00:00,ff58163a-7e78-58fb-bcb9-fbe2b0ca45e5,2.985,8.747,,,0.011,,5.476,5.476,59.0,,,0,[],1768495605.0,4
21321,2026-01-15 16:50:00+00:00,53f67592-9cc4-52b3-87ce-2a761373eda5,2.316,9.942,,,0.011,,7.812,7.812,58.0,,,0,[],1768496291.0,4
21324,2026-01-15 17:00:00+00:00,8658537f-2fdb-56a8-8acd-f05017a65992,1.691,8.829,,,0.018,,7.298,7.298,57.0,,,0,[],1768496879.0,4
21326,2026-01-15 17:10:00+00:00,2af0cc9c-1ca8-5308-be03-2b149172d971,1.226,10.065,,,0.015,,8.723,8.723,56.0,,,0,[],1768497320.0,4
21329,2026-01-15 17:20:00+00:00,0f7b42b8-7bb1-553c-8c77-d225c1de0d41,0.804,11.922,,,0.008,,11.367,11.367,55.0,,,0,[],1768498011.0,4
21332,2026-01-15 17:30:00+00:00,580c3164-7f4a-5977-aaad-df91a62e72b3,0.417,15.242,,,0.34,,14.671,14.671,53.0,,,0,[],1768498588.0,4
21335,2026-01-15 17:40:00+00:00,34a76e62-a525-5a5d-ae34-ef09d265900a,0.052,12.565,,,0.008,,12.817,12.817,51.0,,,0,[],1768499231.0,4
21338,2026-01-15 17:50:00+00:00,da743c9d-6a7f-5b13-8e23-f958baf6560e,0.004,15.083,,,0.009,,15.406,15.406,48.0,,,0,[],1768499905.0,4
21341,2026-01-15 18:00:00+00:00,ff7996d5-10c5-5694-a014-b8dbeb0f5a1f,0.001,17.573,,,0.015,,18.009,18.009,47.0,,,0,[],1768500243.0,4
21344,2026-01-15 18:10:00+00:00,da1d9994-2f85-5f12-8f2e-112e2bd5b318,0.002,17.784,,,0.011,,18.335,18.335,44.0,,,0,[],1768500924.0,4
21347,2026-01-15 18:20:00+00:00,a01442c5-b51f-5ed7-9013-179b5de05b3a,0.0,15.238,,,0.01,,15.63,15.63,41.0,,,0,[],1768501611.0,4
21350,2026-01-15 18:30:00+00:00,364ac35b-3a5f-5f88-aa79-8b09be03f3f4,0.0,16.885,,,0.007,,17.391,17.391,39.0,,,0,[],1768502297.0,4
21353,2026-01-15 18:40:00+00:00,db09795b-1a96-5387-acc9-940bed848f81,0.0,18.449,,,-0.075,,19.039,19.039,37.0,,,0,[],1768502641.0,4
21356,2026-01-15 18:50:00+00:00,7bf7182d-cd10-5f70-b346-392c842ddfd7,0.0,6.95,,,7.065,,,0.044,35.0,,,0,[],1768503328.0,4
21359,2026-01-15 19:00:00+00:00,a7f07ab5-a11e-5076-a4b0-9183d982e392,0.0,6.228,,,6.307,,,0.063,35.0,,,0,[],1768504016.0,4
21362,2026-01-15 19:10:00+00:00,6abba818-f1d5-58b8-ad7a-24d4083ffa71,0.0,6.351,,,6.447,,,0.058,35.0,,,0,[],1768504701.0,4
21365,2026-01-15 19:20:00+00:00,e0e14018-e0ef-5547-9f92-e7bd4e89e7f8,0.0,6.722,,,6.808,,,0.05,35.0,,,0,[],1768505300.0,4
21368,2026-01-15 19:30:00+00:00,043804ff-657a-57f0-b4de-369ba010a562,0.0,6.27,,,6.35,,,0.05,35.0,,,0,[],1768505731.0,4
21371,2026-01-15 19:40:00+00:00,469452d8-f93f-51c3-a9b6-34106f5e4011,0.0,6.693,,,6.778,,,0.05,35.0,,,0,[],1768506419.0,4
21374,2026-01-15 19:50:00+00:00,daead4cc-d958-52c5-9b57-e4958ad14a43,0.0,6.996,,,7.081,,,0.051,35.0,,,0,[],1768507107.0,4
21377,2026-01-15 20:00:00+00:00,61f1cfe9-5fd7-5a96-8271-1d602dde52e9,0.0,5.149,,,5.234,,,0.056,35.0,,,0,[],1768507660.0,4
21380,2026-01-15 20:10:00+00:00,7a62c6b4-5525-5de4-aafa-cc5ffdd0d762,0.0,5.018,,,5.102,,,0.058,35.0,,,0,[],1768508334.0,4
21383,2026-01-15 20:20:00+00:00,6e85e57b-a49d-50f5-ba71-5f4fbee2e0c5,0.0,7.06,,,7.139,,,0.055,35.0,,,0,[],1768508822.0,4
21386,2026-01-15 20:30:00+00:00,52bb1e28-fc31-5fac-b753-d4177c8d3a78,0.0,8.08,,,8.16,,,0.055,35.0,,,0,[],1768509388.0,4
21389,2026-01-15 20:40:00+00:00,adbfd653-100f-530d-a7f8-f44ee4e32101,0.0,9.754,,,9.839,,,0.049,35.0,,,0,[],1768510030.0,4
21392,2026-01-15 20:50:00+00:00,6f982b10-b595-5dd0-a222-3bd957abcb37,0.0,7.297,,,7.379,,,0.055,35.0,,,0,[],1768510710.0,4
21395,2026-01-15 21:00:00+00:00,079df9bc-2171-5587-a67a-8045271c17cf,0.0,7.091,,,7.17,,,0.06,35.0,,,0,[],1768511054.0,4
21398,2026-01-15 21:10:00+00:00,0a4f5cae-63e4-5bf1-a8c6-77878d90d3f4,0.0,9.315,,,9.4,,,0.057,35.0,,,0,[],1768511741.0,4
21401,2026-01-15 21:20:00+00:00,889bc504-490d-5ce9-9403-c4e3adedcb7f,0.0,9.371,,,9.456,,,0.049,35.0,,,0,[],1768512426.0,4
21404,2026-01-15 21:30:00+00:00,4e215557-19c6-50c8-9e8a-5413b1e111bb,0.0,11.706,,,11.798,,,0.047,35.0,,,0,[],1768513112.0,4
21407,2026-01-15 21:40:00+00:00,cfa36eea-b052-5c15-85c7-145173fb55c3,0.0,10.66,,,10.743,,,0.043,35.0,,,0,[],1768513455.0,4
21410,2026-01-15 21:50:00+00:00,e08669c0-c0b5-591b-8b3c-580614c01ea2,0.0,10.761,,,10.851,,,0.044,35.0,,,0,[],1768514142.0,4
21413,2026-01-15 22:00:00+00:00,0ec231db-6b15-5c61-931c-b222d86f3f6a,0.0,9.169,,,9.263,,,0.045,35.0,,,0,[],1768514829.0,4
21416,2026-01-15 22:10:00+00:00,e63051d4-0fc9-523e-aa0e-1c8e92cc0371,0.0,9.372,,,9.479,,,0.042,35.0,,,0,[],1768515515.0,4
21419,2026-01-15 22:20:00+00:00,02003f43-be3a-5032-bf7d-974ba271b598,0.0,9.639,,,9.734,,,0.044,35.0,,,0,[],1768516100.0,4
21422,2026-01-15 22:30:00+00:00,b6f94e7b-992b-5263-89fb-b190a9b936c3,0.0,8.76,,,8.839,,,0.042,35.0,,,0,[],1768516544.0,4
21425,2026-01-15 22:40:00+00:00,520614b2-5e08-5be7-b5d4-c7a5ee252368,0.0,8.275,,,8.365,,,0.048,35.0,,,0,[],1768517218.0,4
21428,2026-01-15 22:50:00+00:00,6a3b2b47-372a-592e-b482-d8c67e7231fb,0.0,8.622,,,8.717,,,0.041,35.0,,,0,[],1768517917.0,4
21431,2026-01-15 23:00:00+00:00,93555568-a01d-55a9-b1af-d3585b902aea,0.0,4.746,,,4.778,,,0.048,35.0,,,0,[],1768518461.0,4
21434,2026-01-15 23:10:00+00:00,d5a7332f-9271-5839-9e97-e4d18725785e,0.0,7.687,,,7.782,,,0.037,35.0,,,0,[],1768519135.0,4
21437,2026-01-15 23:20:00+00:00,3c63777d-fe1c-5d62-8efb-04780e1eba32,0.0,6.146,,,6.242,,,0.031,35.0,,,0,[],1768519633.0,4
21440,2026-01-15 23:30:00+00:00,4d1b2fe9-5362-58a0-be34-68f279c2b815,0.0,6.015,,,6.127,,,0.03,35.0,,,0,[],1768520200.0,4
21443,2026-01-15 23:40:00+00:00,0d3a47de-f188-50c0-b9b7-2cd1bcd95721,0.0,6.108,,,6.177,,,0.032,35.0,,,0,[],1768520842.0,4
21446,2026-01-15 23:50:00+00:00,a4075f2c-bce9-527c-89dc-ec5dd0676db2,0.0,5.996,,,6.089,,,0.037,35.0,,,0,[],1768521516.0,4
21449,2026-01-16 00:00:00+00:00,8c4833d1-a0e8-5486-b7dd-319122233c82,0.0,5.723,,,5.82,,,0.031,35.0,,,0,[],1768521856.0,4
21452,2026-01-16 00:10:00+00:00,58a4fdf2-81c7-5b2e-a94c-693972bdde6f,0.0,6.179,,,6.286,,,0.052,35.0,,,0,[],1768522542.0,4
21455,2026-01-16 00:20:00+00:00,905b9568-2c9c-5b19-a351-8d6ac658978c,0.0,6.028,,,6.117,,,0.042,35.0,,,0,[],1768523230.0,4
21458,2026-01-16 00:30:00+00:00,c827a8b6-9bbc-5743-bf32-056e8548f059,0.0,7.077,,,7.165,,,0.034,35.0,,,0,[],1768523916.0,4
21461,2026-01-16 00:40:00+00:00,12e37325-cbf9-5f42-98c4-4cffed594777,0.0,7.292,,,7.39,,,0.032,35.0,,,0,[],1768524259.0,4
21464,2026-01-16 00:50:00+00:00,d5048aad-f6d5-5ad7-b447-9ec42f3ef6f1,0.0,6.691,,,6.786,,,0.031,35.0,,,0,[],1768524945.0,4
21467,2026-01-16 01:00:00+00:00,e1c1bd29-8a39-5fa5-ab04-79e94c9666a7,0.0,7.219,,,7.316,,,0.037,35.0,,,0,[],1768525632.0,4
21470,2026-01-16 01:10:00+00:00,2e0f54ab-3598-5879-b2d9-4b6a5b2b51d1,0.0,7.236,,,7.332,,,0.036,35.0,,,0,[],1768526317.0,4
21473,2026-01-16 01:20:00+00:00,fe2257a3-2bf7-5925-bf49-338087c26176,0.0,7.7,,,7.806,,,0.032,35.0,,,0,[],1768526911.0,4
21476,2026-01-16 01:30:00+00:00,729a85d3-a4a0-50d0-8242-482ffc2f9032,0.0,7.73,,,7.837,,,0.031,35.0,,,0,[],1768527349.0,4
21479,2026-01-16 01:40:00+00:00,aded5b91-47c7-5e64-84a6-4eff5018dfc6,0.0,6.0,,,6.098,,,0.035,35.0,,,0,[],1768528038.0,4
21482,2026-01-16 01:50:00+00:00,7b4ddfb0-9d5d-529c-ad3f-8d40bd0cfbf4,0.0,5.828,,,5.927,,,0.031,35.0,,,0,[],1768528723.0,4
21485,2026-01-16 02:00:00+00:00,37a34188-b7fa-5081-8952-1af6adee1ff5,0.0,5.284,,,5.382,,,0.037,35.0,,,0,[],1768529272.0,4
21488,2026-01-16 02:10:00+00:00,892fc5c6-33ea-58a3-8800-84fe9f0f7349,0.0,5.663,,,5.77,,,0.03,35.0,,,0,[],1768529754.0,4
21491,2026-01-16 02:20:00+00:00,38ce22be-7a2a-506b-94a8-58d34bb566d3,0.0,5.436,,,5.543,,,0.041,35.0,,,0,[],1768530441.0,4
21494,2026-01-16 02:30:00+00:00,8b2b5f04-a11f-53ce-a5cd-59faa7cc1c30,0.0,5.385,,,5.483,,,0.038,35.0,,,0,[],1768531014.0,4
21497,2026-01-16 02:40:00+00:00,b2a83bd5-dcbf-5f92-b300-5945bfcd7d16,0.0,5.384,,,5.483,,,0.033,35.0,,,0,[],1768531656.0,4
21500,2026-01-16 02:50:00+00:00,3a583101-80a3-52cb-a7de-d3facb715d47,0.0,5.467,,,5.561,,,0.034,35.0,,,0,[],1768532331.0,4
21503,2026-01-16 03:00:00+00:00,23d442fa-ee2f-5df2-9f3a-6cb2b4b5c0c2,0.0,5.708,,,5.81,,,0.031,35.0,,,0,[],1768532674.0,4
21506,2026-01-16 03:10:00+00:00,2c21fc50-7baf-5c7c-9376-851e05bb40e8,0.0,5.966,,,6.065,,,0.04,35.0,,,0,[],1768533363.0,4
21509,2026-01-16 03:20:00+00:00,0216a6b0-217d-5ce5-bbf5-388a10e58419,0.0,5.964,,,6.059,,,0.033,35.0,,,0,[],1768534051.0,4
21512,2026-01-16 03:30:00+00:00,d98a4cdc-4e34-56a9-a60b-3d1a98a676ca,0.0,7.443,,,7.54,,,0.033,35.0,,,0,[],1768534717.0,4
21515,2026-01-16 03:40:00+00:00,67bb3a31-8df6-58ca-b781-efdac852a715,0.0,7.209,,,7.312,,,0.039,35.0,,,0,[],1768535079.0,4
21518,2026-01-16 03:50:00+00:00,e3308bfc-c4b5-538c-a868-66d1ee870080,0.0,5.785,,,5.882,,,0.031,35.0,,,0,[],1768535765.0,4
21521,2026-01-16 04:00:00+00:00,b6c0179e-2c36-5743-9c8b-a36c283284a9,0.0,5.94,,,6.039,,,0.033,35.0,,,0,[],1768536452.0,4
21524,2026-01-16 04:10:00+00:00,c564e0b6-c8da-5d20-8abc-e78d08282fb6,0.0,5.899,,,5.998,,,0.035,35.0,,,0,[],1768537050.0,4
21527,2026-01-16 04:20:00+00:00,8a567fd5-6735-5a31-a7f5-1b250412e617,0.0,6.161,,,6.266,,,0.031,35.0,,,0,[],1768537481.0,4
21530,2026-01-16 04:30:00+00:00,67221266-aea8-58e4-8977-3606644f8f1d,0.0,5.332,,,5.435,,,0.029,35.0,,,0,[],1768538167.0,4
21533,2026-01-16 04:40:00+00:00,80f45d7c-f43d-5f16-9f44-64c1b671ffc5,0.0,5.693,,,5.794,,,0.027,35.0,,,0,[],1768538853.0,4
21536,2026-01-16 04:50:00+00:00,3f3eda4e-8165-5bf3-aff0-567c4c265bdc,0.0,5.87,,,5.97,,,0.031,35.0,,,0,[],1768539540.0,4
21539,2026-01-16 05:00:00+00:00,87083db3-04fc-5e14-b484-bcf27ca1bdf8,0.0,5.837,,,5.945,,,0.027,35.0,,,0,[],1768540085.0,4
21541,2026-01-16 05:10:00+00:00,56826baa-f0af-5007-be6c-2d6f5638f92d,0.0,5.717,,,5.814,,,0.032,35.0,,,0,[],1768540569.0,4
21544,2026-01-16 05:20:00+00:00,64f68544-6191-5b6a-bc52-6006ad555ff3,0.0,6.439,,,6.525,,,0.034,35.0,,,0,[],1768541255.0,4
21547,2026-01-16 05:30:00+00:00,d6f4f8f5-e16d-561b-bc09-5e7f3e67bea2,0.0,7.756,,,7.857,,,0.035,35.0,,,0,[],1768541870.0,4
21550,2026-01-16 05:40:00+00:00,33cc6e19-2fda-5107-a8e5-605155da757c,0.0,8.848,,,8.953,,,0.028,35.0,,,0,[],1768542512.0,4
21553,2026-01-16 05:50:00+00:00,9aa39d64-cac2-5f36-add3-b06314730fa5,0.002,8.234,,,8.341,,,0.028,35.0,,,0,[],1768542850.0,4
21556,2026-01-16 06:00:00+00:00,301f8758-595f-53c1-8c9b-aec16384db15,0.032,6.513,,,6.608,,,0.004,35.0,,,0,[],1768543524.0,4
21559,2026-01-16 06:10:00+00:00,37ae5275-7219-5a49-962b-1545bf837aa3,0.146,6.332,,,6.29,,,0.011,35.0,,,0,[],1768544206.0,4
21562,2026-01-16 06:20:00+00:00,c1a8737f-d5fd-57c9-8a8b-c61c42025bb5,0.473,6.872,,,6.497,,,0.021,35.0,,,0,[],1768544893.0,4
21565,2026-01-16 06:30:00+00:00,aa8f9dc2-93c3-5692-a5e4-8685d485f2a3,0.871,6.732,,,5.945,,,0.021,35.0,,,0,[],1768545237.0,4
21568,2026-01-16 06:40:00+00:00,29f91dd2-1622-5263-aa3c-b2979c864223,1.078,6.523,,,5.555,,,0.023,35.0,,,0,[],1768545924.0,4
21571,2026-01-16 06:50:00+00:00,7019e146-5462-59e2-bd6f-dff166aef5c7,1.119,6.315,,,5.303,,,0.028,35.0,,,0,[],1768546609.0,4
21574,2026-01-16 07:00:00+00:00,8ebdf00f-f9ec-563e-bddc-c1fcfb224330,3.074,8.747,,,5.81,,,0.037,35.0,,,0,[],1768547297.0,4
21577,2026-01-16 07:10:00+00:00,565e1147-ab57-5a67-81ba-92be600c3744,4.102,9.959,,,5.963,,,0.032,35.0,,,0,[],1768547639.0,4
21580,2026-01-16 07:20:00+00:00,71729005-44a5-591e-9b27-461f91379ff4,3.831,9.531,,,5.792,,,0.014,35.0,,,0,[],1768548327.0,4
21583,2026-01-16 07:30:00+00:00,4b9ae898-51c2-589b-97ef-e71b973f5dd8,5.784,10.107,,,4.444,,,0.042,35.0,,,0,[],1768549012.0,4
21586,2026-01-16 07:40:00+00:00,bd0ac0d0-1b3c-51b8-99ae-a6f9fa84e3f3,5.742,10.179,,,4.534,,,0.036,35.0,,,0,[],1768549699.0,4
21589,2026-01-16 07:50:00+00:00,344f3192-f72d-5331-a655-58abc593648c,6.0,9.06,,,3.211,,,0.029,35.0,,,0,[],1768550268.0,4
21592,2026-01-16 08:00:00+00:00,4039b12f-626f-57d2-8351-2a0e7afe27c0,7.052,9.395,,,2.546,,,0.02,35.0,,,0,[],1768550729.0,4
21595,2026-01-16 08:10:00+00:00,b578d0a8-7b23-58b0-a077-5c8ccdf03af8,7.894,10.011,,,2.267,,,0.032,35.0,,,0,[],1768551416.0,4
21598,2026-01-16 08:20:00+00:00,645cc525-fee5-5161-9256-793a7bd628f0,6.849,8.189,,,1.388,,,0.023,35.0,,,0,[],1768552103.0,4
21601,2026-01-16 08:30:00+00:00,f8206a71-f5e1-5a3e-ba2e-f1907accfb57,8.668,9.824,,,1.318,,,0.03,35.0,,,0,[],1768552685.0,4
21604,2026-01-16 08:40:00+00:00,e3d96ba7-5cfd-54c5-8120-79b64c1092da,12.049,10.394,,,0.152,-1.747,,-1.747,35.0,,,0,[],1768553318.0,4
21607,2026-01-16 09:00:00+00:00,bcfe644d-1da4-5602-9d32-82aa9ccded62,9.696,10.942,,,1.119,,0.078,0.122,35.0,,,0,[],1768554371.0,4
21611,2026-01-16 09:10:00+00:00,75c89cf5-eb9d-54dd-b4c6-1cdb30aecef1,15.089,11.387,,,0.011,-3.394,,-3.394,35.0,,,0,[],1768555059.0,4
21614,2026-01-16 09:20:00+00:00,4a9c71ca-a582-5600-b346-855739db28fa,15.922,13.361,,,0.016,-2.253,,-2.253,36.0,,,0,[],1768555689.0,4
21617,2026-01-16 09:30:00+00:00,53a897da-58b9-51e9-88e4-20a6e80f90eb,17.162,11.127,,,0.007,-5.528,,-5.528,36.0,,,0,[],1768556090.0,4
21620,2026-01-16 09:40:00+00:00,b23876df-58b3-5c7e-a0cf-b71555705ec9,18.428,13.505,,,0.005,-4.739,,-4.739,37.0,,,0,[],1768556777.0,4
21623,2026-01-16 09:50:00+00:00,ebd8d340-9cf6-5f5f-8e40-6e59a5009307,19.29,10.373,,,0.015,-8.384,,-8.384,38.0,,,0,[],1768557464.0,4
21626,2026-01-16 10:00:00+00:00,0012676e-fd80-52df-b2cb-013a302f46a5,19.746,12.631,,,0.015,-6.71,,-6.71,38.5,,,0,[],1768558049.0,4
21629,2026-01-16 10:10:00+00:00,76374193-d487-55d9-ae0a-cf59ed791113,20.415,12.102,,,-0.037,-7.521,,-7.521,39.0,,,0,[],1768558494.0,4
21632,2026-01-16 10:20:00+00:00,9b0948c6-43b4-59b4-b0dd-39377acf7c16,20.572,11.045,,,0.008,-9.091,,-9.091,40.5,,,0,[],1768559182.0,4
21635,2026-01-16 10:30:00+00:00,26f4f995-1327-58dd-989c-b31a0af6a780,20.875,8.799,,,0.011,-11.568,,-11.568,42.0,,,0,[],1768559871.0,4
21638,2026-01-16 10:40:00+00:00,8f894be5-3875-5167-8816-e13f47a663f5,21.349,11.542,,,0.014,-9.373,,-9.373,43.0,,,0,[],1768560412.0,4
21641,2026-01-16 11:00:00+00:00,39b57a38-890b-544b-bbe2-55d36ada0973,22.114,10.734,,,0.023,-10.874,,-10.874,46.0,,,0,[],1768561589.0,4
21645,2026-01-16 11:10:00+00:00,b1d1c90e-97c1-5f69-a0c0-d1758e100ae2,22.435,11.937,,,0.012,-10.023,,-10.023,47.5,,,0,[],1768562277.0,4
21648,2026-01-16 11:20:00+00:00,b8e92999-bf7e-5444-a944-9f6e3192f28c,22.713,10.479,,,0.014,-11.753,,-11.753,48.5,,,0,[],1768562773.0,4
21651,2026-01-16 11:30:00+00:00,d08b70ff-4670-5aab-a0db-9179c27265e2,23.175,8.806,,,0.005,-13.779,,-13.779,50.0,,,0,[],1768563456.0,4
21654,2026-01-16 11:40:00+00:00,f0abb172-a80f-5965-8b08-d109c5b58d2f,23.592,8.779,,,0.003,-14.475,,-14.475,51.5,,,0,[],1768564098.0,4
21657,2026-01-16 11:50:00+00:00,39aa5d16-ea19-5ff8-97ad-1fdc6a25b7b2,23.224,7.721,,,0.014,-14.921,,-14.921,53.0,,,0,[],1768564509.0,4
21660,2026-01-16 12:00:00+00:00,acd5b3fa-a5b2-5968-ad6b-bcea77eb08e6,25.018,8.466,,,-0.03,-15.919,,-15.919,55.5,,,0,[],1768565196.0,4
21663,2026-01-16 12:10:00+00:00,105bc55d-81aa-541b-9b30-ef4fc22cf7e8,22.611,8.377,,,0.011,-13.709,,-13.709,58.0,,,0,[],1768565884.0,4
21666,2026-01-16 12:20:00+00:00,60019b56-7e26-5a0c-8d2b-b7cb5d4f1622,14.982,8.115,,,0.013,-6.526,,-6.526,59.0,,,0,[],1768566458.0,4
21669,2026-01-16 12:30:00+00:00,95349c65-590e-59f8-a357-089c9a1392d2,12.965,8.26,,,0.019,-4.435,,-4.435,60.0,,,0,[],1768566913.0,4
21672,2026-01-16 12:40:00+00:00,07d1a976-7b4a-53a9-a1d4-514d2c288aa0,13.266,9.965,,,0.007,-3.072,,-3.072,61.0,,,0,[],1768567599.0,4
21675,2026-01-16 12:50:00+00:00,d4ada76c-8fc2-5e18-b843-0ba9a9b2c8a2,23.701,12.43,,,0.014,-10.762,,-10.762,62.0,,,0,[],1768568286.0,4
21678,2026-01-16 13:00:00+00:00,aba6d456-1aa5-5872-8224-df866cf564b4,22.454,10.853,,,0.008,-11.098,,-11.098,63.0,,,0,[],1768568818.0,4
21680,2026-01-16 13:10:00+00:00,32cb849e-1f0c-5543-bef5-aa4da5d84973,22.16,10.821,,,0.004,-11.038,,-11.038,65.0,,,0,[],1768569493.0,4
21683,2026-01-16 13:20:00+00:00,2a0174b0-1e5d-5688-923b-25e8e71142c0,20.891,8.841,,,0.007,-11.533,,-11.533,66.0,,,0,[],1768570002.0,4
21686,2026-01-16 13:30:00+00:00,fb451c3d-3863-5020-a8e2-9d5b7c053117,20.678,9.325,,,0.006,-10.803,,-10.803,67.5,,,0,[],1768570689.0,4
21689,2026-01-16 13:40:00+00:00,803df983-f123-56a4-b126-5abb3ee3507a,20.376,9.495,,,0.005,-10.953,,-10.953,68.5,,,0,[],1768571179.0,4
21692,2026-01-16 13:50:00+00:00,c9fc6cc5-3ae1-5eb4-85b7-1d46dd30b758,19.343,9.754,,,0.013,-9.195,,-9.195,70.0,,,0,[],1768571853.0,4
21695,2026-01-16 14:00:00+00:00,8c8be341-2529-5bd2-ab3b-99785a0e0323,18.589,8.742,,,0.012,-9.401,,-9.401,70.5,,,0,[],1768572408.0,4
21698,2026-01-16 14:10:00+00:00,c7f3a6e6-c19d-5312-8fed-f9abc70a960a,17.023,7.86,,,0.013,-8.749,,-8.749,72.0,,,0,[],1768573094.0,4
21701,2026-01-16 14:20:00+00:00,874cdc97-3591-5ebd-af61-578b90bbcd09,16.748,10.998,,,0.063,-6.536,,-6.536,72.0,,,0,[],1768573538.0,4
21704,2026-01-16 14:30:00+00:00,e6a107a0-eff3-5eca-8657-fbb4c3dd6733,15.682,11.417,,,0.015,-3.831,,-3.831,73.0,,,0,[],1768574268.0,4
21707,2026-01-16 14:40:00+00:00,c1ece2bb-17b3-5777-a7c1-69bd7b17e484,14.59,9.629,,,0.008,-4.191,,-4.191,74.0,,,0,[],1768574919.0,4
21710,2026-01-16 14:50:00+00:00,7eeab7cd-2cc8-5d89-b2a3-1c2b122ca2b6,14.96,9.948,,,0.011,-4.716,,-4.716,74.0,,,0,[],1768575363.0,4
21713,2026-01-16 15:00:00+00:00,ea1b6b0f-5580-5dad-b55d-374b80b39a1e,13.788,12.559,,,0.014,-0.95,,-0.95,74.0,,,0,[],1768576058.0,4
21716,2026-01-16 15:10:00+00:00,da306040-dc91-5fb0-a29b-12cfe87bf82b,12.813,13.038,,,0.009,-0.281,0.722,0.441,74.0,,,0,[],1768576597.0,4
21719,2026-01-16 15:20:00+00:00,94fa6c46-723b-5a9e-b0bb-598ef19777db,11.327,14.096,,,0.006,,2.999,2.999,74.0,,,0,[],1768577272.0,4
21722,2026-01-16 15:30:00+00:00,e9a743d0-a5a8-5cd2-b258-f86ee9c0edf1,10.142,14.044,,,0.019,,3.507,3.507,74.0,,,0,[],1768577791.0,4
21725,2026-01-16 15:40:00+00:00,71d98b87-6cbb-5f49-bec7-c4c32a1a5db0,9.034,14.865,,,0.008,,6.094,6.094,73.0,,,0,[],1768578477.0,4
21728,2026-01-16 15:50:00+00:00,1efcd9a2-2ebc-5503-8479-45172f5db7aa,7.856,11.457,,,0.027,,3.743,3.743,72.0,,,0,[],1768578958.0,4
21731,2026-01-16 16:00:00+00:00,45fbe178-3412-5db0-96eb-d195be7e432c,6.932,14.289,,,0.249,,7.087,7.087,71.5,,,0,[],1768579632.0,4
21734,2026-01-16 16:10:00+00:00,f14aec45-164f-57c6-9b29-6f0f0fe7c028,5.674,12.578,,,0.006,,7.42,7.42,70.5,,,0,[],1768580307.0,4
21737,2026-01-16 16:20:00+00:00,3d1bbb23-d188-547d-a5c2-e0eeb4782097,4.827,13.404,,,0.006,,9.007,9.007,69.5,,,0,[],1768580880.0,4
21740,2026-01-16 16:30:00+00:00,8882b782-7fcb-5701-b588-dad213707552,4.057,13.285,,,0.013,,9.474,9.474,68.5,,,0,[],1768581318.0,4
21743,2026-01-16 16:40:00+00:00,72762bdb-ee7c-572d-bb28-cef89a912fb3,3.163,13.245,,,0.07,,10.338,10.338,67.0,,,0,[],1768581993.0,4
21746,2026-01-16 16:50:00+00:00,d868f738-5079-5926-a89a-695c20afc191,2.348,12.55,,,0.015,,10.455,10.455,65.5,,,0,[],1768582667.0,4
21749,2026-01-16 17:00:00+00:00,1e024fe3-32c7-5b79-b656-e566cb0f02ad,1.775,12.577,,,-0.032,,11.631,11.631,64.0,,,0,[],1768583282.0,4
21752,2026-01-16 17:10:00+00:00,6fbe86b0-9ea4-58c8-8264-d9d17370016b,1.287,9.438,,,-0.012,,8.721,8.721,63.0,,,0,[],1768583679.0,4
21755,2026-01-16 17:20:00+00:00,c91d6138-1f30-59cf-8c59-89378b4bac73,0.761,12.218,,,0.011,,11.728,11.728,61.5,,,0,[],1768584354.0,4
21758,2026-01-16 17:30:00+00:00,26f93369-2564-57cb-a6e3-5bb4c76d90c3,0.355,13.432,,,0.016,,12.92,12.92,60.0,,,0,[],1768585084.0,4
21761,2026-01-16 17:40:00+00:00,5fd4e522-1e53-5edf-974f-b69f926a91a0,0.112,14.331,,,0.007,,13.955,13.955,58.5,,,0,[],1768585685.0,4
21764,2026-01-16 17:50:00+00:00,5c2c7637-0e55-5f6a-b000-37de2e1e0bc4,0.029,15.987,,,0.01,,16.417,16.417,56.0,,,0,[],1768586200.0,4
21767,2026-01-16 18:00:00+00:00,a2e69ea1-585a-58de-ab99-574a8921a934,0.002,14.536,,,0.013,,14.906,14.906,54.0,,,0,[],1768586878.0,4
21770,2026-01-16 18:10:00+00:00,d5502c45-d60b-518f-ba2a-6526af25e71e,0.002,14.881,,,0.012,,15.266,15.266,52.0,,,0,[],1768587412.0,4
21773,2026-01-16 18:20:00+00:00,8fc1dfc4-b90e-5233-bae9-0765c7efc3ee,0.0,19.639,,,0.014,,19.671,19.671,49.5,,,0,[],1768588086.0,4
21776,2026-01-16 18:30:00+00:00,72a387e1-154a-5988-ba2e-d36b148b2d4b,0.0,20.952,,,0.012,,22.15,22.15,46.5,,,0,[],1768588595.0,4
21779,2026-01-16 18:40:00+00:00,6b2c3dc0-ac29-57af-ab15-fc3fa5e13c51,0.0,18.523,,,0.01,,19.05,19.05,44.0,,,0,[],1768589280.0,4
21782,2026-01-16 18:50:00+00:00,9253d648-02f4-59ee-80c7-620889b721b2,0.0,16.026,,,-0.078,,16.906,16.906,42.0,,,0,[],1768589772.0,4
21785,2026-01-16 19:00:00+00:00,a609eb67-88f8-5f30-ae28-9de1c9312f26,0.0,16.614,,,0.013,,17.056,17.056,39.5,,,0,[],1768590446.0,4
21788,2026-01-16 19:10:00+00:00,fc75a09f-be74-5397-b9c3-85d949d90ed8,0.0,15.821,,,0.013,,16.055,16.055,37.5,,,0,[],1768591121.0,4
21791,2026-01-16 19:20:00+00:00,47c1924d-724d-5143-82e4-dacb1698bf8b,0.0,6.723,,,6.851,,,0.043,35.0,,,0,[],1768591684.0,4
21794,2026-01-16 19:30:00+00:00,7a707aa8-8b32-56fd-96a5-22eaf6d1345f,0.0,6.753,,,6.838,,,0.06,35.0,,,0,[],1768592132.0,4
21797,2026-01-16 19:40:00+00:00,79f7c2dc-155e-5090-be77-943b994fa2ec,0.0,6.605,,,6.694,,0.051,0.068,35.0,,,0,[],1768592807.0,4
21800,2026-01-16 19:50:00+00:00,7c19d102-599f-5493-88c0-7d1a033c297a,0.0,6.096,,,6.184,,,0.066,35.0,,,0,[],1768593481.0,4
21803,2026-01-16 20:00:00+00:00,2f0323c3-3110-5a26-b116-a981f3e664b8,0.0,6.568,,,6.677,,0.056,0.062,35.0,,,0,[],1768594087.0,4
21806,2026-01-16 20:10:00+00:00,5af222ca-90f9-5e84-a178-3d5757c18a1d,0.0,7.435,,,7.518,,0.055,0.061,35.0,,,0,[],1768594493.0,4
21809,2026-01-16 20:20:00+00:00,42f95c15-3b6b-5dd7-a31c-3c1ef18064ac,0.0,9.059,,,9.172,,,0.045,35.0,,,0,[],1768595167.0,4
21812,2026-01-16 20:30:00+00:00,1ebb3c2b-4188-5dc9-b726-d1d1ed4c7778,0.0,8.373,,,8.471,,,0.047,35.0,,,0,[],1768595938.0,4
21815,2026-01-16 20:40:00+00:00,68c2183c-cf10-5b9c-b6ad-1448c63bbea8,0.0,8.124,,,8.227,,,0.06,35.0,,,0,[],1768596491.0,4
21818,2026-01-16 20:50:00+00:00,4e76213d-4b07-51b1-9daf-f4afa7bc2e9e,0.0,6.979,,,7.078,,0.055,0.066,35.0,,,0,[],1768597006.0,4
21821,2026-01-16 21:00:00+00:00,538202d0-e5ed-5d6d-b38a-2734d31e3c97,0.0,6.954,,,7.036,,0.056,0.063,35.0,,,0,[],1768597682.0,4
21823,2026-01-16 21:10:00+00:00,a87ba9a9-4896-5745-87f4-f9d591e0223e,0.0,7.637,,,7.71,,0.055,0.064,35.0,,,0,[],1768598269.0,4
21826,2026-01-16 21:20:00+00:00,e70b402e-7d59-5870-b89f-29c45d0e5247,0.0,8.83,,,8.924,,0.052,0.052,35.0,,,0,[],1768598712.0,4
21829,2026-01-16 21:30:00+00:00,e97f677a-4a64-5b50-9c46-a4081c14706f,0.0,7.808,,,7.884,,0.061,0.067,35.0,,,0,[],1768599398.0,4
21832,2026-01-16 21:40:00+00:00,f6340fab-7117-5161-b5eb-869addd0af15,0.0,8.015,,,8.11,,0.059,0.067,35.0,,,0,[],1768600085.0,4
21835,2026-01-16 21:50:00+00:00,e2feb1ef-be1e-5ea5-a50d-abc1842d1bdb,0.0,7.94,,,8.045,,,0.046,35.0,,,0,[],1768600628.0,4
21838,2026-01-16 22:00:00+00:00,c98fe9e3-32ff-52b3-acbc-70e168a21b15,0.0,8.033,,,8.128,,0.052,0.062,35.0,,,0,[],1768601114.0,4
21841,2026-01-16 22:10:00+00:00,a8b48bab-bd6d-586a-97ae-b20e65aec824,0.0,7.13,,,7.222,,,0.058,35.0,,,0,[],1768601800.0,4
21844,2026-01-16 22:20:00+00:00,d77a9e2a-33cb-5fd6-873f-3fc8112c592d,0.0,6.858,,,6.952,,0.057,0.068,35.0,,,0,[],1768602487.0,4
21847,2026-01-16 22:30:00+00:00,1b49b06b-5800-50e5-8b32-d3334cd4e7b0,0.0,8.549,,,8.656,,,0.05,35.0,,,0,[],1768602987.0,4
21850,2026-01-16 22:40:00+00:00,a0404273-8508-5627-a26b-600187a833d1,0.0,8.404,,,8.51,,,0.048,35.0,,,0,[],1768603662.0,4
21853,2026-01-16 22:50:00+00:00,9efe3d2c-e607-541e-ab15-00d4f73459e4,0.0,9.462,,,9.566,,0.051,0.052,35.0,,,0,[],1768604203.0,4
21856,2026-01-16 23:10:00+00:00,54e95dac-31a3-5bc4-9968-91a6d4ddc8eb,0.0,9.263,,,9.368,,0.053,0.059,35.0,,,0,[],1768605347.0,4
21860,2026-01-16 23:20:00+00:00,e2618d06-7722-54d0-b3c7-8c4a99522ef5,0.0,8.813,,,8.918,,,0.052,35.0,,,0,[],1768606021.0,4
21863,2026-01-16 23:30:00+00:00,c7efb7ef-bc7f-5c85-991f-dc5cbf97287f,0.0,9.646,,,9.738,,0.052,0.055,35.0,,,0,[],1768606707.0,4
21866,2026-01-16 23:40:00+00:00,2cc30244-4aa7-5907-8e77-a1e7e1a6cce4,0.0,10.384,,,10.491,,0.053,0.059,35.0,,,0,[],1768607292.0,4
21869,2026-01-16 23:50:00+00:00,0488486a-4e14-5daf-b089-a37069318cf9,0.0,8.882,,,8.973,,,0.049,35.0,,,0,[],1768607821.0,4
21872,2026-01-17 00:00:00+00:00,f5101fea-6105-58c8-98b0-7f2d5b60ec1d,0.0,8.703,,,8.797,,0.053,0.057,35.0,,,0,[],1768608497.0,4
21875,2026-01-17 00:10:00+00:00,55eea747-1c53-583f-962a-68ad6e0dc8c1,0.0,8.603,,,8.689,,0.052,0.055,35.0,,,0,[],1768609036.0,4
21878,2026-01-17 00:20:00+00:00,1f95720c-67a5-5eb1-a9d2-8e59f11b73dd,0.0,7.428,,,7.517,,,0.053,35.0,,,0,[],1768609710.0,4
21881,2026-01-17 00:30:00+00:00,8fea0690-4f5e-5fac-8e2b-00ba3ac6c887,0.0,7.259,,,7.352,,,0.051,35.0,,,0,[],1768610213.0,4
21884,2026-01-17 00:40:00+00:00,449ce466-6de8-5ede-bd07-c55775f60164,0.0,7.719,,,7.813,,0.052,0.057,35.0,,,0,[],1768610900.0,4
21887,2026-01-17 00:50:00+00:00,7e88308d-f6c6-50d8-89b8-72cbc413942f,0.0,7.859,,,7.953,,,0.054,35.0,,,0,[],1768611395.0,4
21890,2026-01-17 01:00:00+00:00,021ce2aa-005a-55d4-95d8-5d554deb1b2e,0.0,6.841,,,6.93,,0.058,0.063,35.0,,,0,[],1768612070.0,4
21893,2026-01-17 01:10:00+00:00,b9526c40-829c-529b-a2c7-d160c1b3445c,0.0,7.454,,,7.554,,,0.049,35.0,,,0,[],1768612616.0,4
21896,2026-01-17 01:20:00+00:00,20cb851b-2fe4-59f3-b897-83e9ee2db807,0.0,7.049,,,7.125,,0.056,0.06,35.0,,,0,[],1768613303.0,4
21899,2026-01-17 01:30:00+00:00,7580f688-3ebf-5b6f-8dfb-8ab5ce587f32,0.0,6.691,,,6.781,,,0.051,35.0,,,0,[],1768613755.0,4
21902,2026-01-17 01:40:00+00:00,ef87c99d-11df-50de-895e-8eeda9745d76,0.0,8.104,,,8.198,,,0.052,35.0,,,0,[],1768614430.0,4
21905,2026-01-17 01:50:00+00:00,539b305c-5f2a-5dea-aee5-aa5a68ae6eb5,0.0,8.575,,,8.667,,0.051,0.051,35.0,,,0,[],1768615104.0,4
21908,2026-01-17 02:00:00+00:00,701acb49-7741-5e1d-bad2-0c4c6b2fd56b,0.0,8.201,,,8.31,,0.051,0.046,35.0,,,0,[],1768615706.0,4
21911,2026-01-17 02:10:00+00:00,8f1d9c54-a156-5964-be5a-12f8b169964a,0.0,7.169,,,7.279,,,0.045,35.0,,,0,[],1768616116.0,4
21914,2026-01-17 02:20:00+00:00,f1513bd4-9be2-5b87-a520-6fd32c05b205,0.0,5.878,,,5.963,,0.051,0.057,35.0,,,0,[],1768616790.0,4
21917,2026-01-17 02:30:00+00:00,fb016c65-2ba4-51a4-9993-2dc37ddafddd,0.0,5.925,,,6.017,,0.054,0.062,35.0,,,0,[],1768617534.0,4
21920,2026-01-17 02:40:00+00:00,4de8523d-0b2c-57d7-9b22-57da5302bcf8,0.0,5.643,,,5.735,,,0.048,35.0,,,0,[],1768618109.0,4
21923,2026-01-17 02:50:00+00:00,2cdf9ad5-51a7-5569-b5a4-6e59fc21a3b6,0.0,5.873,,,5.965,,,0.053,35.0,,,0,[],1768618650.0,4
21926,2026-01-17 03:00:00+00:00,5ee90775-44e3-59d1-846a-c617494961ac,0.0,5.955,,,6.055,,,0.049,35.0,,,0,[],1768619328.0,4
21929,2026-01-17 03:10:00+00:00,64313dde-aa33-5d4f-9d27-bc9347f86f67,0.0,6.263,,,6.368,,,0.05,35.0,,,0,[],1768619863.0,4
21932,2026-01-17 03:20:00+00:00,8e8c16c0-d75f-5c5d-8131-c41df2e80e24,0.0,5.942,,,6.038,,0.053,0.055,35.0,,,0,[],1768620360.0,4
21935,2026-01-17 03:30:00+00:00,b1e9818d-cbf7-5b22-ac0e-5f3caa3c321b,0.0,6.437,,,6.542,,,0.045,35.0,,,0,[],1768621047.0,4
21938,2026-01-17 03:40:00+00:00,0ab53911-0d01-5839-bf52-1a43e09f44f9,0.0,6.323,,,6.42,,,0.047,35.0,,,0,[],1768621733.0,4
21941,2026-01-17 03:50:00+00:00,dfe5b9f0-64eb-58e9-a7c7-af3358a86938,0.0,5.517,,,5.613,,0.051,0.055,35.0,,,0,[],1768622224.0,4
21944,2026-01-17 04:00:00+00:00,d0b256de-6a26-52b8-b9c2-249f65ede168,0.0,5.207,,,5.292,,0.06,0.063,35.0,,,0,[],1768622898.0,4
21947,2026-01-17 04:10:00+00:00,83cff316-275d-5cc5-afd2-c4dee113bed0,0.0,5.183,,,5.277,,,0.055,35.0,,,0,[],1768623454.0,4
21950,2026-01-17 04:20:00+00:00,9793a347-c9d7-5c86-9d48-b9a20f9e8e88,0.0,4.879,,,4.971,,,0.054,35.0,,,0,[],1768624137.0,4
21953,2026-01-17 04:30:00+00:00,641a3131-3956-59bb-9627-b28d3ffc8430,0.0,5.289,,,5.369,,0.054,0.056,35.0,,,0,[],1768624583.0,4
21956,2026-01-17 04:40:00+00:00,dd7919d1-950d-52b5-9f3e-1495431fb467,0.0,4.69,,,4.77,,,0.052,35.0,,,0,[],1768625258.0,4
21959,2026-01-17 04:50:00+00:00,54dd6ac8-ae96-5948-a673-5e2f69846c7f,0.0,5.992,,,6.082,,,0.051,35.0,,,0,[],1768625932.0,4
21962,2026-01-17 05:00:00+00:00,6dcc651a-7326-5557-82cb-10b14804371a,0.0,6.53,,,6.611,,0.051,0.054,35.0,,,0,[],1768626538.0,4
21965,2026-01-17 05:10:00+00:00,f2d77f61-5617-5fe0-8153-f976afb42f6e,0.0,5.524,,,5.609,,,0.052,35.0,,,0,[],1768626943.0,4
21968,2026-01-17 05:20:00+00:00,f02291d9-9089-597d-aca4-8d5bc9eb2565,0.0,6.169,,,6.27,,,0.047,35.0,,,0,[],1768627617.0,4
21971,2026-01-17 05:30:00+00:00,23d66363-45d6-5c70-8c96-8407e699d7a1,0.0,5.736,,,5.824,,,0.054,35.0,,,0,[],1768628319.0,4
21974,2026-01-17 05:40:00+00:00,5e6c1796-e5e7-5ea9-8e18-030656b96b5f,0.0,4.802,,,4.894,,0.052,0.057,35.0,,,0,[],1768628661.0,4
21977,2026-01-17 05:50:00+00:00,2c76411a-8919-511c-88b6-b4af669f6416,0.002,4.854,,,4.933,,,0.051,35.0,,,0,[],1768629336.0,4
21980,2026-01-17 06:00:00+00:00,c2dad3a1-66e7-5a0f-ac93-4ddd7e322c2d,0.045,3.806,,,3.855,,,0.052,35.0,,,0,[],1768630091.0,4
21983,2026-01-17 06:10:00+00:00,39c6be8d-5de5-5d0f-8c8c-6d0cf1263cf2,0.11,4.109,,,4.09,,,0.049,35.0,,,0,[],1768630684.0,4
21986,2026-01-17 06:20:00+00:00,24df37cf-bec1-52ec-96ea-0439293b523b,0.16,5.793,,,5.671,,0.051,0.046,35.0,,,0,[],1768631147.0,4
21989,2026-01-17 06:30:00+00:00,d8fa53be-61fe-5249-a7e1-c31dcc00010d,0.351,5.852,,,5.623,,0.053,0.057,35.0,,,0,[],1768631859.0,4
21992,2026-01-17 06:40:00+00:00,bc7c5f3f-7acf-5c5e-bfe4-17c861cd617f,0.334,6.323,,,6.103,,,0.051,35.0,,,0,[],1768632370.0,4
21995,2026-01-17 06:50:00+00:00,7da9753a-91a6-5e5b-9efa-813413b191b1,0.307,7.342,,,7.151,,0.056,0.061,35.0,,,0,[],1768633044.0,4
21998,2026-01-17 07:00:00+00:00,fcbc7947-63da-5e3a-b90e-22ec5e0402cd,0.498,6.848,,,6.477,,0.052,0.055,35.0,,,0,[],1768633577.0,4
22001,2026-01-17 07:10:00+00:00,7b5c0583-2697-5d4a-b930-f1ac75de3673,0.666,6.19,,,5.664,,,0.048,35.0,,,0,[],1768634263.0,4
22004,2026-01-17 07:20:00+00:00,2446f907-6bb0-5560-b12a-fc3e87987089,0.934,7.948,,,7.136,,,0.029,35.0,,,0,[],1768634949.0,4
22007,2026-01-17 07:30:00+00:00,2837532e-e8b1-5774-a4f8-8a2158cef7d7,2.075,7.095,,,5.147,,,0.045,35.0,,,0,[],1768635404.0,4
22010,2026-01-17 07:40:00+00:00,1e4959a7-306a-50b4-8a2c-bfece0f7d2a2,1.889,6.44,,,4.615,,,0.05,35.0,,,0,[],1768636079.0,4
22013,2026-01-17 07:50:00+00:00,728d867e-f8df-53b2-9b33-10ad8a4bbae2,1.147,5.482,,,4.46,,0.066,0.072,35.0,,,0,[],1768636665.0,4
22016,2026-01-17 08:00:00+00:00,341ede86-a7b5-508d-a7e1-5384ce5ab89c,2.163,6.205,,,4.147,,0.057,0.064,35.0,,,0,[],1768637090.0,4
22019,2026-01-17 08:10:00+00:00,c4712146-eb0e-51e1-811e-330e8bb170ff,5.032,9.94,,,5.036,,,0.046,35.0,,,0,[],1768637765.0,4
22022,2026-01-17 08:20:00+00:00,a6ef6c9c-5cf3-5e37-a3b1-426222a46392,8.172,10.379,,,2.388,,,0.047,35.0,,,0,[],1768638439.0,4
22025,2026-01-17 08:30:00+00:00,5b9c4eed-28c0-5bae-8b75-c2b7f5693a1b,8.191,9.214,,,1.143,,0.059,0.051,35.0,,,0,[],1768639068.0,4
22028,2026-01-17 08:40:00+00:00,af1a4b41-b85c-5cf5-8da4-0c53d3572c80,8.064,8.121,,,0.583,-0.43,0.088,-0.342,35.0,,,0,[],1768639465.0,4
22031,2026-01-17 08:50:00+00:00,73de2d96-9b26-5d6a-8aa9-bc9535b0d1e5,3.776,6.568,,,2.824,,0.084,0.128,35.0,,,0,[],1768640140.0,4
22034,2026-01-17 09:00:00+00:00,95bd0293-3b35-5b9a-99b9-5c1b82aefc80,4.102,6.24,,,2.158,,0.084,0.118,35.0,,,0,[],1768640874.0,4
22037,2026-01-17 09:10:00+00:00,804e6b9c-e118-5e3d-93a2-176b878bd745,2.864,6.461,,,3.602,,0.095,0.125,35.0,,,0,[],1768641489.0,4
22040,2026-01-17 09:20:00+00:00,ffb46d96-e13d-525e-bd09-b53dc0c541c4,5.079,8.639,,,3.64,,0.065,0.098,35.0,,,0,[],1768641894.0,4
22043,2026-01-17 09:30:00+00:00,a693f893-996e-51af-9560-ec5eaad12e97,14.188,10.519,,,-0.035,-1.938,,-1.982,35.0,,,0,[],1768642581.0,4
22046,2026-01-17 09:40:00+00:00,42c38f80-7edc-5200-a2da-6aa9d5637914,10.902,10.127,,,0.357,-1.025,,-1.004,35.0,,,0,[],1768643272.0,4
22049,2026-01-17 09:50:00+00:00,9dc76c38-45cc-5fe8-9399-c41760203190,4.01,8.319,,,4.367,,0.117,0.133,35.0,,,0,[],1768643850.0,4
22052,2026-01-17 10:00:00+00:00,17ca5461-d309-57b0-8a1f-7023e1a9f7f8,4.673,11.354,,,6.724,,0.12,0.125,35.0,,,0,[],1768644302.0,4
22055,2026-01-17 10:10:00+00:00,9bcd6d23-a359-500c-acfd-1ad203d00f63,3.468,7.907,,,4.498,,0.101,0.127,35.0,,,0,[],1768644988.0,4
22058,2026-01-17 10:20:00+00:00,53ab7518-663e-52d4-bad2-7beaa1d70c36,5.572,8.687,,,3.176,,0.086,0.089,35.0,,,0,[],1768645675.0,4
22061,2026-01-17 10:30:00+00:00,0264cb70-83db-5bb6-81b6-a27e8b5b38e0,5.544,9.117,,,3.61,,0.055,0.069,35.0,,,0,[],1768646210.0,4
22064,2026-01-17 10:40:00+00:00,dc1a6207-de44-50fc-bc02-168265e91265,6.342,8.317,,,2.008,,0.073,0.083,35.0,,,0,[],1768646885.0,4
22067,2026-01-17 10:50:00+00:00,7f039a5e-7212-56bc-8001-a77a71af15ed,7.052,8.526,,,1.52,,0.065,0.08,35.0,,,0,[],1768647559.0,4
22070,2026-01-17 11:00:00+00:00,1f07db6e-b8f4-5fbf-b28b-d2bea451cfc8,8.856,9.07,,,0.307,,0.059,0.055,35.0,,,0,[],1768648078.0,4
22072,2026-01-17 11:10:00+00:00,594fb18f-2804-5f20-856e-6c328d99db6f,10.99,11.201,,,0.32,,0.09,0.101,35.0,,,0,[],1768648571.0,4
22075,2026-01-17 11:20:00+00:00,8366697e-0ea5-5cbb-aa5a-2ad47ee241de,12.643,13.371,,,0.806,,0.104,0.142,35.0,,,0,[],1768649246.0,4
22078,2026-01-17 11:30:00+00:00,cbae197c-40ef-583b-b4f8-cf86516d38c4,14.073,15.995,,,2.003,,0.071,0.108,35.0,,,0,[],1768649872.0,4
22081,2026-01-17 11:40:00+00:00,093758ec-94a2-572e-b2ec-72ee13b88586,14.793,16.365,,,1.702,,0.085,0.126,35.0,,,0,[],1768650290.0,4
22084,2026-01-17 11:50:00+00:00,46f13920-7c09-59c9-a850-3040da8fc824,14.986,16.013,,,1.235,,,0.077,35.0,,,0,[],1768650965.0,4
22087,2026-01-17 12:00:00+00:00,9425ed2a-45d7-588d-8752-0ec691190488,14.428,14.676,,,0.418,,0.124,0.124,35.0,,,0,[],1768651639.0,4
22090,2026-01-17 12:10:00+00:00,aca8819e-d898-56d9-9bf0-75e219298bd4,14.795,14.688,,,0.229,-0.212,0.052,-0.16,35.0,,,0,[],1768652317.0,4
22093,2026-01-17 12:20:00+00:00,4810bb0b-cca5-51bf-ae8d-0eabb65343df,12.197,12.163,,,0.167,,,0.05,35.0,,,0,[],1768652660.0,4
22096,2026-01-17 12:30:00+00:00,e288de7d-3c9d-5549-a6a9-b428a69a21f9,18.487,16.466,,,-0.237,-2.315,,-2.315,35.0,,,0,[],1768653514.0,4
22099,2026-01-17 12:40:00+00:00,da732e26-c5cd-5390-a6ed-a2bc7f01be5c,18.025,17.976,,,0.284,,0.114,0.114,35.0,,,0,[],1768653839.0,4
22102,2026-01-17 13:00:00+00:00,30b529c6-232d-5a91-bcf6-7872cdca4c86,18.677,15.735,,,0.012,-2.583,,-2.583,36.0,,,0,[],1768655253.0,4
22106,2026-01-17 13:10:00+00:00,b81b8483-d3a1-571a-bbcd-1000a2fe7ea1,19.071,15.478,,,-0.088,-2.473,,-2.473,36.0,,,0,[],1768655824.0,4
22109,2026-01-17 13:20:00+00:00,fd5adeb3-de9e-5985-9b9a-69a5664c81c1,19.321,16.611,,,0.012,-2.337,,-2.337,36.5,,,0,[],1768656498.0,4
22112,2026-01-17 13:30:00+00:00,f31080d2-161e-5664-b189-f90f6c85b55f,19.606,13.49,,,0.075,-5.574,,-5.574,37.0,,,0,[],1768656969.0,4
22115,2026-01-17 13:40:00+00:00,6b962e3b-bdde-51a2-a5f9-df0c660f7c76,16.723,13.103,,,-0.049,-3.698,,-3.698,38.0,,,0,[],1768657656.0,4
22118,2026-01-17 13:50:00+00:00,6114e3db-24ec-566b-9ca1-1e771c685014,16.273,11.378,,,0.012,-4.578,,-4.578,38.0,,,0,[],1768658183.0,4
22121,2026-01-17 14:00:00+00:00,f5c3a35c-4a4d-550b-a457-04c386ba548d,13.216,13.684,,,0.023,,0.669,0.669,38.0,,,0,[],1768658858.0,4
22124,2026-01-17 14:10:00+00:00,398d0912-ea26-5ae4-abe5-73586aa8fbab,13.672,12.836,,,-0.04,-0.542,0.134,-0.408,38.0,,,0,[],1768659532.0,4
22127,2026-01-17 14:20:00+00:00,5f093f3c-e9a4-5dcf-b9af-555d1410a792,12.803,11.75,,,0.007,-0.932,0.133,-0.799,38.0,,,0,[],1768660067.0,4
22130,2026-01-17 14:30:00+00:00,2a530c63-50f1-5dba-8cc7-7050b361883b,11.841,12.908,,,0.006,-0.073,1.315,1.242,38.0,,,0,[],1768660543.0,4
22133,2026-01-17 14:40:00+00:00,c4b6b32c-e5e1-519d-9a89-767c4c6440c1,9.612,14.37,,,0.01,,5.598,5.598,38.0,,,0,[],1768661218.0,4
22136,2026-01-17 14:50:00+00:00,73fb6b8c-a757-597b-b166-188f926e1c3d,12.032,11.549,,,0.005,-0.38,0.127,-0.253,38.0,,,0,[],1768661892.0,4
22139,2026-01-17 15:00:00+00:00,16a79d41-30cb-53e3-985e-11a6e092e0b8,9.859,10.48,,,0.014,-0.37,1.267,0.897,38.0,,,0,[],1768662470.0,4
22142,2026-01-17 15:10:00+00:00,f69641af-cb62-584c-bc41-ff81063cb2ef,10.856,10.554,,,0.018,-0.169,0.1,-0.069,38.0,,,0,[],1768662903.0,4
22145,2026-01-17 15:20:00+00:00,3bdb1c84-7688-5c29-b5ed-15deea82f921,9.612,10.961,,,-0.03,,1.502,1.502,38.0,,,0,[],1768663578.0,4
22148,2026-01-17 15:30:00+00:00,8120af94-bece-5ed6-98dd-84212d3b72c7,8.564,10.409,,,0.007,,2.552,2.552,37.0,,,0,[],1768664306.0,4
22151,2026-01-17 15:40:00+00:00,8454761f-ed12-530f-aa94-cc9a02b363a3,7.374,12.897,,,0.018,,5.741,5.741,37.0,,,0,[],1768664879.0,4
22154,2026-01-17 15:50:00+00:00,a1c7c0eb-cce3-5831-9bd0-c869e3350acb,4.58,14.063,,,-0.019,,10.232,10.232,36.0,,,0,[],1768665326.0,4
22157,2026-01-17 16:00:00+00:00,83fb673e-1ad1-59b3-aec7-44819410c51e,3.154,6.488,,,3.425,,0.051,0.043,35.0,,,0,[],1768666012.0,4
22160,2026-01-17 16:10:00+00:00,44863264-1eac-527a-87f0-500540cb7476,2.457,4.972,,,2.599,,0.064,0.06,35.0,,,0,[],1768666699.0,4
22163,2026-01-17 16:20:00+00:00,977b177f-03d3-5f6a-a2b2-21607870146e,2.289,5.805,,,3.629,,0.071,0.058,35.0,,,0,[],1768667240.0,4
22166,2026-01-17 16:30:00+00:00,e78257b0-c651-53be-9136-5d79c6300220,2.08,5.715,,,3.717,,0.069,0.065,35.0,,,0,[],1768667915.0,4
22169,2026-01-17 16:40:00+00:00,54e61485-cc4d-5db6-b498-800ef5becd4c,1.853,6.594,,,4.791,,0.066,0.065,35.0,,,0,[],1768668417.0,4
22172,2026-01-17 16:50:00+00:00,6b9d0ec8-6122-5173-b700-ee24c625e2a7,1.604,7.069,,,5.527,,,0.041,35.0,,,0,[],1768669103.0,4
22175,2026-01-17 17:00:00+00:00,b9e4e799-fd10-5677-a5ed-409587575366,1.437,6.978,,,5.627,,0.062,0.061,35.0,,,0,[],1768669601.0,4
22178,2026-01-17 17:10:00+00:00,be99c154-9dda-5084-b6ac-04bbe484b00e,1.155,5.897,,,4.851,,,0.043,35.0,,,0,[],1768670275.0,4
22181,2026-01-17 17:20:00+00:00,b9ce5fb2-387b-526d-9a1a-8881f7eafb87,0.726,6.183,,,5.531,,0.056,0.057,35.0,,,0,[],1768670819.0,4
22184,2026-01-17 17:30:00+00:00,e0127d8f-2163-593d-bbbf-c62373e5d0ac,0.242,6.104,,,5.93,,0.063,0.07,35.0,,,0,[],1768671507.0,4
22187,2026-01-17 17:40:00+00:00,543a2b4e-ed4d-5137-929c-fd72411e39a4,0.056,4.191,,,4.191,,0.055,0.061,35.0,,,0,[],1768671961.0,4
22190,2026-01-17 17:50:00+00:00,14d954ac-8144-5d2c-bec2-ccb4af5373dc,0.005,5.034,,,5.107,,0.055,0.055,35.0,,,0,[],1768672636.0,4
22193,2026-01-17 18:00:00+00:00,a68541c8-278a-5fda-83ce-d79f56291cad,0.001,4.9,,,4.97,,0.059,0.066,35.0,,,0,[],1768673310.0,4
22196,2026-01-17 18:10:00+00:00,e7c257bc-bfe8-5525-913c-829db0c8608c,0.002,5.298,,,5.369,,0.055,0.066,35.0,,,0,[],1768673911.0,4
22199,2026-01-17 18:20:00+00:00,e8ecb951-2b49-5755-8092-110c125d1889,0.0,4.08,,,4.147,,0.055,0.064,35.0,,,0,[],1768674322.0,4
22202,2026-01-17 18:30:00+00:00,1b94dfab-e39e-50fb-aa06-c2f64eaad8aa,0.0,4.906,,,4.983,,0.067,0.071,35.0,,,0,[],1768675112.0,4
22205,2026-01-17 18:40:00+00:00,674bfc65-c2ec-504f-999f-d9daec7bd140,0.0,4.762,,,4.843,,0.06,0.064,35.0,,,0,[],1768675693.0,4
22208,2026-01-17 18:50:00+00:00,d6dadf2b-536f-51d3-b067-c9a0707767da,0.0,6.295,,,6.371,,0.059,0.059,35.0,,,0,[],1768676368.0,4
22211,2026-01-17 19:00:00+00:00,ff13b872-dd8e-5e42-9ee9-44af5b0f17eb,0.0,5.874,,,5.949,,0.055,0.062,35.0,,,0,[],1768676863.0,4
22214,2026-01-17 19:10:00+00:00,a834b185-5380-52a9-bc43-31c39dbfaa60,0.0,5.136,,,5.212,,0.059,0.068,35.0,,,0,[],1768677539.0,4
22217,2026-01-17 19:20:00+00:00,7fc55a9d-673f-5f89-b9ed-e464ffb3be75,0.0,7.375,,,7.453,,0.054,0.056,35.0,,,0,[],1768678053.0,4
22220,2026-01-17 19:30:00+00:00,55dd3699-67fd-579a-839b-0d2c90cf73f1,0.0,7.419,,,7.489,,0.052,0.06,35.0,,,0,[],1768678728.0,4
22223,2026-01-17 19:40:00+00:00,d2ddc3f2-fcc0-51b1-b99c-e67402c162c4,0.0,5.787,,,5.87,,0.056,0.056,35.0,,,0,[],1768679266.0,4
22226,2026-01-17 19:50:00+00:00,e230a0c6-3ec8-5c43-95bf-0699b034ec6f,0.0,7.483,,,7.568,,,0.052,35.0,,,0,[],1768679938.0,4
22229,2026-01-17 20:00:00+00:00,265ede61-dd8a-50d2-8279-201411a7025a,0.0,8.53,,,8.611,,0.055,0.057,35.0,,,0,[],1768680414.0,4
22232,2026-01-17 20:10:00+00:00,8c31d7d4-84f4-543b-b354-b7ef11c81f61,0.0,7.632,,,7.714,,0.055,0.058,35.0,,,0,[],1768681088.0,4
22235,2026-01-17 20:20:00+00:00,11efceec-64aa-5f26-9172-e56116567ea5,0.0,8.15,,,8.231,,0.057,0.061,35.0,,,0,[],1768681669.0,4
22238,2026-01-17 20:30:00+00:00,c1b25320-eeff-5efe-8c9c-555510a3e78c,0.0,8.204,,,8.28,,0.055,0.058,35.0,,,0,[],1768682100.0,4
22241,2026-01-17 20:40:00+00:00,ae866888-ede4-5f17-b1d3-9fea67b4801c,0.0,7.527,,,7.599,,0.058,0.062,35.0,,,0,[],1768682774.0,4
22243,2026-01-17 20:50:00+00:00,a7b9ad3e-16e1-59e5-a82a-ea2bc93f8a00,0.0,8.53,,,8.615,,0.057,0.054,35.0,,,0,[],1768683448.0,4
22246,2026-01-17 21:00:00+00:00,9e1d0f3f-347a-538d-b623-5bd030777eb6,0.0,7.34,,,7.408,,0.059,0.061,35.0,,,0,[],1768684123.0,4
22248,2026-01-17 21:10:00+00:00,b2c08597-1836-570d-ac9e-8c5a163405fb,0.0,6.469,,,6.531,,0.061,0.066,35.0,,,0,[],1768684460.0,4
22251,2026-01-17 21:20:00+00:00,469b320b-3533-5f87-aef9-6a972f25c583,0.0,6.063,,,6.133,,0.06,0.065,35.0,,,0,[],1768685134.0,4
22254,2026-01-17 21:30:00+00:00,e6632f1e-7cdc-525e-bfc6-a9d688569e9a,0.0,7.147,,,7.217,,0.059,0.061,35.0,,,0,[],1768685899.0,4
22257,2026-01-17 21:40:00+00:00,3d04b0e7-e48a-546c-9716-791a2db38435,0.0,7.127,,,7.205,,0.058,0.067,35.0,,,0,[],1768686283.0,4
22260,2026-01-17 21:50:00+00:00,7afabdd0-fee2-5ddd-99ce-141e16e4229b,0.0,6.89,,,6.962,,0.058,0.067,35.0,,,0,[],1768686977.0,4
22263,2026-01-17 22:00:00+00:00,c431ef4c-037c-5aad-b69b-5d7991da6236,0.0,7.381,,,7.459,,0.059,0.063,35.0,,,0,[],1768687663.0,4
22266,2026-01-17 22:10:00+00:00,bb9e421e-28ac-546c-ba61-19f1980950d7,0.0,7.878,,,7.96,,0.058,0.062,35.0,,,0,[],1768688337.0,4
22269,2026-01-17 22:20:00+00:00,8d30c290-16a1-5b6f-b559-d638abd34dde,0.0,7.579,,,7.656,,0.058,0.068,35.0,,,0,[],1768688693.0,4
22272,2026-01-17 22:30:00+00:00,f38911a7-1f07-528c-9efc-40df7cd7c2a9,0.0,9.359,,,9.433,,0.055,0.059,35.0,,,0,[],1768689380.0,4
22275,2026-01-17 22:40:00+00:00,982cdefe-28d8-5abe-b60c-9253e56e5a81,0.0,8.189,,,8.274,,0.06,0.065,35.0,,,0,[],1768690066.0,4
22278,2026-01-17 22:50:00+00:00,c073fbec-45bb-5318-a6c5-36c55109d06e,0.0,7.996,,,8.077,,0.057,0.064,35.0,,,0,[],1768690737.0,4
22281,2026-01-17 23:00:00+00:00,fd84aff8-b17b-5fe9-b9f9-61cbf3c533a5,0.0,3.539,,,3.587,,0.056,0.056,35.0,,,0,[],1768691269.0,4
22284,2026-01-17 23:10:00+00:00,06bf5342-9a3d-530c-93b5-3b6806577205,0.0,6.988,,,7.052,,0.055,0.059,35.0,,,0,[],1768691783.0,4
22287,2026-01-17 23:20:00+00:00,12ddebb4-3591-5ce6-8f99-a5c4cd4ac6b6,0.0,7.726,,,7.813,,0.058,0.076,35.0,,,0,[],1768692469.0,4
22290,2026-01-17 23:30:00+00:00,92b35358-31e0-5811-9f39-ba4bcab6a846,0.0,6.051,,,6.122,,0.052,0.059,35.0,,,0,[],1768692955.0,4
22293,2026-01-17 23:40:00+00:00,9bc37ddf-4447-502f-857f-11c028650c9b,0.0,6.123,,,6.207,,0.052,0.06,35.0,,,0,[],1768693629.0,4
22296,2026-01-17 23:50:00+00:00,b439ceee-1d2e-5cec-a49c-547b6a5c04a7,0.0,6.338,,,6.425,,0.056,0.064,35.0,,,0,[],1768694303.0,4
22299,2026-01-18 00:00:00+00:00,0a3f4cc7-fef0-5cd2-add9-bb3c3749607e,0.0,6.356,,,6.427,,0.056,0.062,35.0,,,0,[],1768694876.0,4
22302,2026-01-18 00:10:00+00:00,842d0af6-89fa-50e9-87b7-b18d42bb7038,0.0,6.409,,,6.494,,0.053,0.053,35.0,,,0,[],1768695315.0,4
22305,2026-01-18 00:20:00+00:00,461dfd58-adcf-5826-b522-3b6cb9a71590,0.0,6.278,,,6.354,,0.054,0.056,35.0,,,0,[],1768695989.0,4
22308,2026-01-18 00:30:00+00:00,cbab7816-b0e2-5291-8319-b64817c21ad2,0.0,6.61,,,6.698,,0.059,0.067,35.0,,,0,[],1768696727.0,4
22311,2026-01-18 00:40:00+00:00,f11a4b27-5dbc-5ccd-861f-45457d5998e2,0.0,6.657,,,6.744,,0.055,0.061,35.0,,,0,[],1768697331.0,4
22314,2026-01-18 00:50:00+00:00,9a302974-c428-5d5e-8019-ded648bd38bb,0.0,6.848,,,6.932,,0.059,0.06,35.0,,,0,[],1768697791.0,4
22317,2026-01-18 01:00:00+00:00,9fa1a99f-845e-525a-a20e-5cac37c5bbbc,0.0,6.76,,,6.844,,0.055,0.059,35.0,,,0,[],1768698479.0,4
22320,2026-01-18 01:10:00+00:00,033b3045-2bcd-5ade-949d-c2d69dd7987f,0.0,6.532,,,6.612,,0.058,0.061,35.0,,,0,[],1768699017.0,4
22323,2026-01-18 01:20:00+00:00,f9a006bf-cd31-5cc0-8668-cc5ef931743a,0.0,6.14,,,6.216,,0.052,0.056,35.0,,,0,[],1768699691.0,4
22326,2026-01-18 01:30:00+00:00,7cce0c34-b7f6-51ea-a249-00cf77cb8d22,0.0,6.05,,,6.121,,0.057,0.064,35.0,,,0,[],1768700193.0,4
22329,2026-01-18 01:40:00+00:00,483f82f7-3ff6-58d8-84da-53ea413fbe0f,0.0,6.555,,,6.646,,0.062,0.063,35.0,,,0,[],1768700880.0,4
22332,2026-01-18 01:50:00+00:00,a223250a-d748-557c-8c9e-3a0b392d986c,0.0,6.919,,,6.995,,0.053,0.059,35.0,,,0,[],1768701377.0,4
22335,2026-01-18 02:00:00+00:00,5a10d0b0-9366-54fd-a8e9-de7b3a6b1c73,0.0,6.89,,,6.961,,0.053,0.057,35.0,,,0,[],1768702051.0,4
22338,2026-01-18 02:10:00+00:00,627149fd-121e-59ee-a974-9b410b540a88,0.0,7.02,,,7.096,,0.057,0.059,35.0,,,0,[],1768702595.0,4
22341,2026-01-18 02:20:00+00:00,b7cac5a2-e00b-5b02-8ace-0d66d31ec579,0.0,6.838,,,6.905,,0.053,0.058,35.0,,,0,[],1768703281.0,4
22344,2026-01-18 02:30:00+00:00,24034fea-bb65-5fad-9882-41b5966dce75,0.0,6.036,,,6.116,,0.054,0.059,35.0,,,0,[],1768703737.0,4
22347,2026-01-18 02:40:00+00:00,9b9688ad-e868-5a23-94f2-fb054a154378,0.0,5.469,,,5.551,,0.055,0.062,35.0,,,0,[],1768704411.0,4
22350,2026-01-18 02:50:00+00:00,a084d0da-7943-51d2-ac05-61c80034ae4c,0.0,5.243,,,5.329,,0.057,0.062,35.0,,,0,[],1768705094.0,4
22353,2026-01-18 03:00:00+00:00,bddaca36-18c9-5190-b517-92052be18f0c,0.0,5.555,,,5.635,,0.054,0.057,35.0,,,0,[],1768705427.0,4
22356,2026-01-18 03:10:00+00:00,024b3f2a-f869-577a-88b8-126cedd60506,0.0,5.116,,,5.193,,0.058,0.064,35.0,,,0,[],1768706144.0,4
22359,2026-01-18 03:20:00+00:00,5cb4f24b-d42c-5028-98be-0b191cc9f5e0,0.0,5.156,,,5.231,,0.055,0.061,35.0,,,0,[],1768706818.0,4
22362,2026-01-18 03:30:00+00:00,63d5f5a1-451c-5973-9e22-bd4bc9e22c87,0.0,5.272,,,5.362,,0.056,0.061,35.0,,,0,[],1768707498.0,4
22365,2026-01-18 03:40:00+00:00,56f3aa69-2dcd-58ce-b320-b78be6ba135c,0.0,5.612,,,5.686,,0.053,0.063,35.0,,,0,[],1768708132.0,4
22368,2026-01-18 03:50:00+00:00,71fc51c3-fcfe-507e-8e37-8f790c5a15c9,0.0,5.856,,,5.944,,0.055,0.059,35.0,,,0,[],1768708547.0,4
22371,2026-01-18 04:00:00+00:00,35bc3335-396b-5fce-a140-4fa992ca3417,0.0,5.773,,,5.86,,0.055,0.054,35.0,,,0,[],1768709216.0,4
22374,2026-01-18 04:10:00+00:00,8024a86b-bf17-51bd-94a4-556791747a04,0.0,6.5,,,6.573,,0.06,0.06,35.0,,,0,[],1768709920.0,4
22377,2026-01-18 04:20:00+00:00,729c6fa1-5bd3-5d1a-a6dd-5b624e87fb68,0.0,7.431,,,7.509,,0.057,0.061,35.0,,,0,[],1768710493.0,4
22380,2026-01-18 04:30:00+00:00,2e0af99a-298b-5ffe-9521-2cba2207f8e9,0.0,7.124,,,7.208,,0.053,0.053,35.0,,,0,[],1768710951.0,4
22383,2026-01-18 04:40:00+00:00,a2b80d77-7c05-5a46-b57f-b974d73e3b20,0.0,7.683,,,7.755,,0.056,0.057,35.0,,,0,[],1768711637.0,4
22386,2026-01-18 04:50:00+00:00,57958dbc-2e1b-5ca5-a7c4-0848e05049b8,0.0,6.639,,,6.717,,0.054,0.058,35.0,,,0,[],1768712324.0,4
22389,2026-01-18 05:00:00+00:00,4f3afd8c-f88d-5e0c-b7b9-895b090e2d0c,0.0,6.299,,,6.375,,0.052,0.057,35.0,,,0,[],1768712853.0,4
22391,2026-01-18 05:10:00+00:00,449212a7-f4f5-5187-abee-ca2136fe64e5,0.0,6.009,,,6.086,,0.054,0.064,35.0,,,0,[],1768713527.0,4
22394,2026-01-18 05:20:00+00:00,baa205cf-5470-54c5-b886-574d7bff557e,0.0,5.633,,,5.707,,0.054,0.06,35.0,,,0,[],1768714041.0,4
22397,2026-01-18 05:30:00+00:00,276aa58d-af83-5089-a0e3-f748f3b9bcc8,0.0,6.182,,,6.253,,0.055,0.065,35.0,,,0,[],1768714727.0,4
22400,2026-01-18 05:40:00+00:00,171ddc9b-a29b-5d36-b2e4-186f0396bc90,0.0,5.599,,,5.673,,0.052,0.057,35.0,,,0,[],1768715213.0,4
22403,2026-01-18 05:50:00+00:00,179c1bb4-3644-5e21-9cdd-5df62a852b70,0.01,6.931,,,7.013,,0.057,0.057,35.0,,,0,[],1768715887.0,4
22406,2026-01-18 06:00:00+00:00,4937e873-5ffc-501c-bf6c-36d5b14f7955,0.064,5.399,,,5.408,,0.055,0.057,35.0,,,0,[],1768716537.0,4
22409,2026-01-18 06:10:00+00:00,86bb82de-4247-561c-861f-c378f51a260b,0.229,5.161,,,4.993,,0.052,0.043,35.0,,,0,[],1768716921.0,4
22412,2026-01-18 06:20:00+00:00,7f5b5bfc-0302-55af-987e-ba5818ed0c33,0.452,6.019,,,5.645,,,0.046,35.0,,,0,[],1768717626.0,4
22415,2026-01-18 06:30:00+00:00,cd7991f2-4022-591c-8d83-a951d3cf014a,0.734,4.645,,,3.98,,,0.039,35.0,,,0,[],1768718313.0,4
22418,2026-01-18 06:40:00+00:00,25ac4488-c98c-5bd9-9589-0bf9b4720871,0.99,4.748,,,3.876,,,0.039,35.0,,,0,[],1768718637.0,4
22421,2026-01-18 06:50:00+00:00,f1f0fb9f-2d94-556e-8175-51b0503b392d,1.623,4.408,,,2.865,,,0.04,35.0,,,0,[],1768719344.0,4
22424,2026-01-18 07:00:00+00:00,eb2f3e05-6adc-508c-b140-e68570e843be,2.636,4.148,,,1.62,,,0.026,35.0,,,0,[],1768720030.0,4
22427,2026-01-18 07:10:00+00:00,4c2b3083-7e77-5b5e-b3cf-5ec4a0a1e17c,3.279,4.399,,,1.237,,0.053,0.051,35.0,,,0,[],1768720631.0,4
22430,2026-01-18 07:20:00+00:00,8611430d-3947-5e03-b8f9-2238e70cc326,4.159,5.983,,,1.951,,,0.043,35.0,,,0,[],1768721305.0,4
22433,2026-01-18 07:30:00+00:00,5bc9579c-b7b3-5939-b3c7-a2288b7abb79,4.912,6.468,,,1.661,,,0.033,35.0,,,0,[],1768721748.0,4
22436,2026-01-18 07:40:00+00:00,40d5c6fb-f897-5da1-8d3d-fede474f4222,5.987,6.349,,,0.406,,,0.074,35.0,,,0,[],1768722435.0,4
22439,2026-01-18 07:50:00+00:00,ff3b5874-789f-554f-9518-e78098dd63ae,6.736,7.376,,,0.684,,0.082,0.131,35.0,,,0,[],1768722991.0,4
22442,2026-01-18 08:00:00+00:00,17ae32b8-3d63-5aba-979d-eda75a767f3a,8.079,7.907,,,-0.061,-0.303,0.072,-0.231,35.0,,,0,[],1768723665.0,4
22445,2026-01-18 08:10:00+00:00,4baa469b-f76c-53f3-8fe6-d883ad713667,8.862,6.261,,,0.017,-2.289,,-2.289,35.0,,,0,[],1768724152.0,4
22448,2026-01-18 08:20:00+00:00,fe066ab9-2344-5fab-80bc-ba12bb1d616e,9.136,7.179,,,0.005,-1.587,,-1.587,35.0,,,0,[],1768724839.0,4
22451,2026-01-18 08:30:00+00:00,3bea00f1-e2ef-58dc-bd2c-b591e1ec0941,9.274,8.881,,,0.036,-0.238,,-0.208,35.0,,,0,[],1768725518.0,4
22454,2026-01-18 08:40:00+00:00,54df89f8-494d-5ed9-b3cd-86356a3f9eea,9.94,10.178,,,0.679,,0.054,0.089,35.0,,,0,[],1768726025.0,4
22457,2026-01-18 08:50:00+00:00,e1e02b5e-36d2-5e31-9257-ec63216a2861,8.022,9.985,,,1.975,,0.151,0.151,35.0,,,0,[],1768726699.0,4
22460,2026-01-18 09:00:00+00:00,0462f5ad-bbf1-5d39-b30b-1678ad720b16,10.858,10.842,,,0.396,-0.071,0.066,-0.005,35.0,,,0,[],1768727049.0,4
22462,2026-01-18 09:10:00+00:00,2ce4442c-204a-5ee0-84f1-d662ff15024e,15.647,7.716,,,0.013,-7.554,,-7.554,36.0,,,0,[],1768727726.0,4
22465,2026-01-18 09:20:00+00:00,1b517142-ab73-548c-8899-1c4209602db7,7.997,9.432,,,0.012,,2.038,2.038,36.0,,,0,[],1768728413.0,4
22468,2026-01-18 09:30:00+00:00,ecb22c21-672c-55de-93b9-3f287636ae08,15.746,10.169,,,0.011,-5.302,,-5.302,36.5,,,0,[],1768729096.0,4
22471,2026-01-18 09:40:00+00:00,32928998-7798-5964-8d72-a6adc73632d3,13.781,10.024,,,0.01,-3.041,,-3.041,37.0,,,0,[],1768729442.0,4
22474,2026-01-18 09:50:00+00:00,28fbea4b-d0b0-50a2-98e2-d8030bcd7138,19.336,6.2,,,0.015,-12.659,,-12.659,39.0,,,0,[],1768730129.0,4
22477,2026-01-18 10:00:00+00:00,694dc192-40c9-5290-a960-8495351804d9,6.668,6.101,,,0.017,-0.344,,-0.364,40.0,,,0,[],1768730815.0,4
22480,2026-01-18 10:10:00+00:00,24939b85-fbbd-50f7-9f7f-48f4458c21f1,6.079,7.552,,,0.019,,1.683,1.683,40.0,,,0,[],1768731497.0,4
22483,2026-01-18 10:20:00+00:00,5587407e-d551-50a3-a596-637a3f0c14ac,7.265,8.187,,,0.022,,1.637,1.637,39.5,,,0,[],1768731846.0,4
22486,2026-01-18 10:30:00+00:00,eef43f62-e975-5341-88db-13db34551354,6.798,8.061,,,0.015,,1.55,1.55,39.0,,,0,[],1768732531.0,4
22489,2026-01-18 10:40:00+00:00,4bb1607d-4968-56b9-b01a-fa9f27628245,8.399,8.442,,,0.019,,0.237,0.23,40.0,,,0,[],1768733219.0,4
22492,2026-01-18 10:50:00+00:00,81f192d4-1417-58fd-bd1e-bb907abff429,24.019,6.046,,,0.006,-16.916,,-16.916,42.0,,,0,[],1768733905.0,4
22495,2026-01-18 11:00:00+00:00,f9c41475-7dc8-5bac-ad9b-62ff9e701be0,15.53,5.622,,,0.012,-9.299,,-9.299,43.0,,,0,[],1768734479.0,4
22498,2026-01-18 11:10:00+00:00,b46b8cac-db6e-5c57-a8d6-0fec9b63b0a6,9.903,6.209,,,0.007,-3.467,,-3.467,44.0,,,0,[],1768734936.0,4
22501,2026-01-18 11:20:00+00:00,141cd9ec-c516-56a0-8d9d-f787f0b11fef,26.422,7.948,,,0.0,-17.962,,-17.962,46.0,,,0,[],1768735623.0,4
22504,2026-01-18 11:30:00+00:00,ed29230e-800d-58c6-b59d-f7663170cda0,26.41,9.903,,,0.0,-16.229,,-16.229,47.5,,,0,[],1768736298.0,4
22507,2026-01-18 11:40:00+00:00,1fca012b-3312-549b-b63d-b4783cff5e8e,20.178,10.461,,,0.0,-9.354,,-9.354,49.0,,,0,[],1768736840.0,4
22510,2026-01-18 11:50:00+00:00,a0d330b1-15cf-5983-b9ae-12128d8c8e7d,26.11,11.692,,,0.0,-13.76,,-13.76,50.0,,,0,[],1768737339.0,4
22513,2026-01-18 12:00:00+00:00,0a119110-a791-568e-b5bc-dc459181b504,25.834,13.085,,,0.0,-12.213,,-12.213,52.0,,,0,[],1768737864.0,4
22516,2026-01-18 12:10:00+00:00,ae71d56b-3763-58d7-a0e3-d2c3caf93194,25.403,8.472,,,0.0,-17.034,,-17.034,54.0,,,0,[],1768738541.0,4
22519,2026-01-18 12:20:00+00:00,b4bef798-910e-5daf-9f75-c17322a75c1a,25.78,8.047,,,0.0,-17.129,,-17.129,57.0,,,0,[],1768739228.0,4
22522,2026-01-18 12:30:00+00:00,c110bb20-ba84-52e8-a5f2-ce62766ec49f,22.96,8.587,,,0.0,-14.07,,-14.07,58.5,,,0,[],1768739897.0,4
22525,2026-01-18 12:40:00+00:00,ce9eef4f-ab83-5139-b38e-b8480ecbefb3,25.196,6.778,,,0.0,-17.735,,-17.735,60.0,,,0,[],1768740258.0,4
22528,2026-01-18 12:50:00+00:00,149dbde1-b4c3-5bfe-afbf-7f129d55c0d7,24.958,8.14,,,0.0,-16.304,,-16.304,62.0,,,0,[],1768740945.0,4
22531,2026-01-18 13:00:00+00:00,0f180a2b-5e9e-5361-99b0-25bcc6c27e0b,24.565,9.137,,,0.0,-14.918,,-14.918,64.0,,,0,[],1768741598.0,4
22533,2026-01-18 13:10:00+00:00,ae3ad830-9da2-5275-960f-88fd0170d345,23.786,8.726,,,-0.014,-14.083,,-14.083,66.5,,,0,[],1768742230.0,4
22536,2026-01-18 13:20:00+00:00,49025de5-4e7e-5fb8-9dcb-5b9a8653353a,23.613,8.661,,,0.008,-14.356,,-14.356,68.0,,,0,[],1768742861.0,4
22539,2026-01-18 13:30:00+00:00,f8cbf685-3d53-5fa0-be83-1ebc9a76f980,22.666,8.069,,,0.018,-14.027,,-14.027,69.5,,,0,[],1768743299.0,4
22542,2026-01-18 13:40:00+00:00,04b9a491-c465-524a-88d4-99200e842573,21.801,9.378,,,0.194,-12.141,,-12.141,71.0,,,0,[],1768743985.0,4
22545,2026-01-18 13:50:00+00:00,ef0d722a-fa19-555a-93a8-9684fc31a285,20.909,9.118,,,0.298,-12.054,,-12.054,73.0,,,0,[],1768744672.0,4
22548,2026-01-18 14:00:00+00:00,42cd12f8-fb8d-5680-afb2-e8dcabdaf028,19.647,9.244,,,0.015,-10.246,,-10.246,74.0,,,0,[],1768745221.0,4
22551,2026-01-18 14:10:00+00:00,608fe860-b5ad-5560-a6ef-c163ec2216fd,18.932,8.965,,,0.302,-9.99,,-9.99,75.5,,,0,[],1768745895.0,4
22554,2026-01-18 14:20:00+00:00,72afda58-7871-5880-8e1c-3e7ab8a1a52a,18.516,7.452,,,0.004,-10.822,,-10.822,77.0,,,0,[],1768746388.0,4
22557,2026-01-18 14:30:00+00:00,82267609-03e5-5b3b-ba90-c4940bcf23c1,17.04,9.135,,,0.006,-7.11,,-7.11,78.0,,,0,[],1768747077.0,4
22560,2026-01-18 14:40:00+00:00,2a773e30-3a6d-55db-8385-6a2ee228190e,16.207,11.323,,,0.007,-4.582,,-4.582,78.0,,,0,[],1768747587.0,4
22563,2026-01-18 14:50:00+00:00,0ad99de8-7f8d-58e1-8682-400077ead907,14.925,11.283,,,0.007,-3.368,,-3.368,79.0,,,0,[],1768748261.0,4
22566,2026-01-18 15:00:00+00:00,12deada4-cc28-5918-a75b-b82cc4943e62,13.889,13.675,,,0.015,-0.152,0.113,-0.039,79.0,,,0,[],1768748793.0,4
22568,2026-01-18 15:10:00+00:00,072acf4c-e65d-5828-ba88-2f17625ad210,12.552,11.974,,,0.01,-0.398,,-0.398,79.0,,,0,[],1768749557.0,4
22571,2026-01-18 15:20:00+00:00,791552a0-9691-5e0d-ae49-aec29b6a915f,11.568,14.069,,,0.01,,2.565,2.565,79.0,,,0,[],1768749946.0,4
22574,2026-01-18 15:30:00+00:00,015d42e1-274b-50e2-aafa-cd6339045dda,10.116,13.372,,,0.007,,3.991,3.991,79.0,,,0,[],1768750630.0,4
22577,2026-01-18 15:40:00+00:00,2107c435-3c8f-5acc-b1c0-d8950347e3bd,8.624,10.509,,,-0.046,,2.026,2.026,79.0,,,0,[],1768751316.0,4
22580,2026-01-18 15:50:00+00:00,0d7b12ca-6ba8-5b79-b67d-2c266787a8ff,8.002,9.908,,,0.008,,2.119,2.119,78.0,,,0,[],1768751660.0,4
22583,2026-01-18 16:00:00+00:00,84df81fe-6b87-54f6-b38a-cdad8a4b54fa,6.723,7.588,,,0.011,,0.865,0.865,78.0,,,0,[],1768752533.0,4
22586,2026-01-18 16:10:00+00:00,c28a6275-a213-5d41-99af-7d46f0ed2fc5,5.866,5.307,,,-0.079,-0.346,0.127,-0.219,78.0,,,0,[],1768753033.0,4
22589,2026-01-18 16:20:00+00:00,437d8fd4-f766-575b-8622-879955a6bf5f,4.632,4.871,,,0.009,,0.4,0.4,78.0,,,0,[],1768753718.0,4
22592,2026-01-18 16:30:00+00:00,6bb6044b-ce7b-525f-a3cc-c2f74a07d980,3.654,4.986,,,0.011,,1.6,1.6,78.0,,,0,[],1768754224.0,4
22595,2026-01-18 16:40:00+00:00,e7473822-3df1-52e1-aeef-f6574f4b52e3,2.455,5.901,,,0.014,,3.609,3.609,77.0,,,0,[],1768754898.0,4
22598,2026-01-18 16:50:00+00:00,e08fcc89-68ff-5ea1-9104-78ac3265767c,1.691,4.792,,,0.008,,3.251,3.251,77.0,,,0,[],1768755437.0,4
22601,2026-01-18 17:00:00+00:00,ea61c0f0-cd0d-5725-9054-630f3c3a1459,1.187,4.594,,,0.019,,3.572,3.572,76.0,,,0,[],1768756124.0,4
22604,2026-01-18 17:10:00+00:00,7e9530dd-9964-576b-86f8-47df5f6b48c0,0.67,4.734,,,0.011,,4.236,4.236,76.0,,,0,[],1768756584.0,4
22607,2026-01-18 17:20:00+00:00,092682b9-7cf4-5a51-8c75-e7ccbb04046c,0.416,5.107,,,0.323,,4.367,4.367,75.0,,,0,[],1768757258.0,4
22610,2026-01-18 17:30:00+00:00,c62a83ce-3782-5ab2-a76a-21aa1f944f4b,0.263,4.781,,,0.007,,4.701,4.701,75.0,,,0,[],1768757933.0,4
22613,2026-01-18 17:40:00+00:00,66167bce-ee6e-518b-be2e-987fd44821e8,0.086,4.099,,,0.009,,4.195,4.195,74.0,,,0,[],1768758521.0,4
22616,2026-01-18 17:50:00+00:00,8dfe4aa5-8b65-58ad-9277-3d96d6673f6a,0.007,5.054,,,-0.086,,5.389,5.389,73.5,,,0,[],1768758944.0,4
22619,2026-01-18 18:00:00+00:00,876acb82-a3f1-5411-bd62-25c3649bcbaa,0.0,7.149,,,0.2,,6.589,6.589,72.5,,,0,[],1768759619.0,4
22622,2026-01-18 18:10:00+00:00,864e620f-742a-5b3f-9fc1-039a2aa27bb6,0.0,6.344,,,0.014,,6.921,6.921,71.5,,,0,[],1768760293.0,4
22625,2026-01-18 18:20:00+00:00,bf064ccc-ad80-57e7-8add-318af33791bf,0.0,6.999,,,0.007,,7.213,7.213,71.0,,,0,[],1768760751.0,4
22628,2026-01-18 18:30:00+00:00,9fc4c3f6-38e2-55bf-8af8-79b81d42f5c7,0.0,7.687,,,0.014,,7.286,7.286,70.0,,,0,[],1768761439.0,4
22631,2026-01-18 18:40:00+00:00,db993590-f7d3-5808-9797-e7244207b757,0.0,7.032,,,-0.037,,7.292,7.292,69.0,,,0,[],1768762124.0,4
22634,2026-01-18 18:50:00+00:00,114a3a7c-b374-5a18-87df-cbc3c41e5516,0.0,7.79,,,0.006,,8.003,8.003,67.5,,,0,[],1768762798.0,4
22637,2026-01-18 19:00:00+00:00,f1d6a3ff-28e8-56d0-a277-acbc70723eff,0.0,8.242,,,0.007,,8.489,8.489,66.5,,,0,[],1768763335.0,4
22640,2026-01-18 19:10:00+00:00,505a2a13-d7d3-58d1-a8b8-fec0358ce86e,0.0,9.387,,,0.005,,9.633,9.633,65.5,,,0,[],1768763844.0,4
22643,2026-01-18 19:20:00+00:00,c8700b91-2a4f-57ef-b4f6-9bd139835ed5,0.0,14.564,,,0.001,,15.451,15.451,63.5,,,0,[],1768764531.0,4
22646,2026-01-18 19:30:00+00:00,7b0af466-7c25-50a1-a0ca-2aafd20b4474,0.0,14.208,,,0.012,,14.561,14.561,61.5,,,0,[],1768765025.0,4
22649,2026-01-18 19:40:00+00:00,a3a3fe32-daf9-54d2-a5e1-ad042b149867,0.0,9.908,,,0.011,,9.618,9.618,60.0,,,0,[],1768765700.0,4
22652,2026-01-18 19:50:00+00:00,9d764288-5bf0-5a5a-871d-d72a2a068364,0.0,9.174,,,0.011,,9.435,9.435,59.0,,,0,[],1768766248.0,4
22655,2026-01-18 20:00:00+00:00,19678dde-9dfe-5a21-9981-fa64634d46a8,0.0,11.649,,,-0.074,,12.418,12.418,57.5,,,0,[],1768766934.0,4
22658,2026-01-18 20:10:00+00:00,93d34e2f-8778-5b8e-b99b-2d4b97a78fde,0.0,15.699,,,0.014,,16.097,16.097,55.5,,,0,[],1768767386.0,4
22661,2026-01-18 20:20:00+00:00,17569c06-a328-5a31-8c2b-9f39c2314a63,0.0,19.126,,,0.009,,19.728,19.728,52.5,,,0,[],1768768061.0,4
22664,2026-01-18 20:30:00+00:00,d0a2d57b-7e25-5914-9cb0-e3158f0d7fea,0.0,17.605,,,0.009,,18.154,18.154,50.5,,,0,[],1768768651.0,4
22667,2026-01-18 20:40:00+00:00,97b24de6-d961-509d-99cf-9155078c8a78,0.0,19.232,,,0.01,,20.036,20.036,47.5,,,0,[],1768769337.0,4
22670,2026-01-18 20:50:00+00:00,28fab400-f337-5629-9b3a-50bfce8fc26d,0.0,18.163,,,-0.029,,19.135,19.135,45.0,,,0,[],1768769747.0,4
22673,2026-01-18 21:00:00+00:00,2d4eb18c-be6e-5f75-bc78-f73beb38c80c,0.0,14.929,,,0.005,,15.406,15.406,42.5,,,0,[],1768770422.0,4
22676,2026-01-18 21:10:00+00:00,3f19b647-9f09-53b7-ae18-c48bd92f4431,0.0,14.406,,,0.012,,14.789,14.789,40.5,,,0,[],1768771096.0,4
22679,2026-01-18 21:20:00+00:00,2237f3e8-52cc-553f-a6b1-3dde0f63d4c8,0.0,14.697,,,0.011,,15.079,15.079,38.5,,,0,[],1768771544.0,4
22682,2026-01-18 21:30:00+00:00,72e436c3-612e-5e50-8f95-58ec329b3848,0.0,17.5,,,0.011,,18.058,18.058,36.0,,,0,[],1768772231.0,4
22685,2026-01-18 21:40:00+00:00,33396009-1793-5b28-a6de-ea8fc21b75c3,0.0,8.195,,,8.304,,,0.046,35.0,,,0,[],1768772917.0,4
22688,2026-01-18 21:50:00+00:00,28298343-9384-54ac-87ae-ed8110ea8aea,0.0,8.458,,,8.562,,0.055,0.065,35.0,,,0,[],1768773457.0,4
22691,2026-01-18 22:00:00+00:00,b8c3942e-053a-5d35-ad33-ff7c00564032,0.0,7.091,,,7.189,,0.051,0.058,35.0,,,0,[],1768774136.0,4
22694,2026-01-18 22:10:00+00:00,c75ba4a8-8f78-59d5-acd8-9a7c25ab42f3,0.0,7.793,,,7.876,,,0.05,35.0,,,0,[],1768774633.0,4
22697,2026-01-18 22:20:00+00:00,89942e19-5b59-5f55-9257-54dbe495e925,0.0,7.544,,,7.637,,0.053,0.053,35.0,,,0,[],1768775323.0,4
22700,2026-01-18 22:30:00+00:00,521e715f-faf8-5054-a4d8-e1711fbe9d5e,0.0,8.293,,,8.388,,0.052,0.062,35.0,,,0,[],1768775830.0,4
22703,2026-01-18 22:40:00+00:00,cb0d27d8-19c0-5338-887e-a4c7f3b3d2cc,0.0,8.975,,,9.073,,0.051,0.056,35.0,,,0,[],1768776505.0,4
22706,2026-01-18 22:50:00+00:00,d833d489-8a0a-59c8-bf8f-1d04aba15f43,0.0,9.946,,,10.051,,,0.049,35.0,,,0,[],1768776854.0,4
22709,2026-01-18 23:00:00+00:00,3f6f8eb9-30aa-5e73-ba61-9eeca07010d7,0.0,8.56,,,8.656,,0.058,0.057,35.0,,,0,[],1768777578.0,4
22712,2026-01-18 23:10:00+00:00,589f159e-fcbc-5025-8c62-98115705c822,0.0,8.681,,,8.764,,0.055,0.067,35.0,,,0,[],1768778263.0,4
22714,2026-01-18 23:20:00+00:00,ca71877d-84a2-5969-a841-0ff7f6e90557,0.0,8.486,,,8.579,,0.052,0.054,35.0,,,0,[],1768778937.0,4
22717,2026-01-18 23:30:00+00:00,6e1179a8-ae38-50a6-9327-d1a6a8d41ece,0.0,9.289,,,9.398,,,0.045,35.0,,,0,[],1768779290.0,4
22720,2026-01-18 23:40:00+00:00,a8bc0c15-50d4-54c1-b408-f31ac69c167d,0.0,8.03,,,8.13,,0.061,0.065,35.0,,,0,[],1768779975.0,4
22723,2026-01-18 23:50:00+00:00,b67b8358-9d38-5889-9528-5e988a4a4ec9,0.0,7.733,,,7.824,,0.058,0.066,35.0,,,0,[],1768780659.0,4
22726,2026-01-19 00:00:00+00:00,18c9b2d3-f78e-5461-8949-f90f6e4160fa,0.0,7.793,,,7.884,,0.058,0.063,35.0,,,0,[],1768781338.0,4
22729,2026-01-19 00:10:00+00:00,6991bf85-093e-57d8-a3fe-664ed23987fc,0.0,7.603,,,7.686,,0.056,0.059,35.0,,,0,[],1768781906.0,4
22732,2026-01-19 00:20:00+00:00,98f1d17b-bbb1-513e-b8c2-3fa91020c457,0.0,7.007,,,7.091,,0.054,0.064,35.0,,,0,[],1768782370.0,4
22735,2026-01-19 00:30:00+00:00,7a4f621f-b566-55c9-882f-ec88d4ade9cc,0.0,5.994,,,6.073,,0.058,0.069,35.0,,,0,[],1768783054.0,4
22738,2026-01-19 00:40:00+00:00,31bbc064-142b-513d-8612-5a7edb569ff9,0.0,6.239,,,6.316,,0.055,0.062,35.0,,,0,[],1768783739.0,4
22741,2026-01-19 00:50:00+00:00,d0537460-f6a4-5243-bd0d-2f4ba8dca0fd,0.0,5.985,,,6.064,,0.058,0.068,35.0,,,0,[],1768784265.0,4
22744,2026-01-19 01:00:00+00:00,e0fb9175-4618-5819-a469-77cee61aaf17,0.0,6.565,,,6.654,,0.057,0.068,35.0,,,0,[],1768784765.0,4
22747,2026-01-19 01:10:00+00:00,b235a757-fb3f-518c-837f-85b356b83292,0.0,5.997,,,6.077,,0.058,0.07,35.0,,,0,[],1768785449.0,4
22750,2026-01-19 01:20:00+00:00,333f4aaf-3a26-55a6-bc7f-66140c58e691,0.0,6.185,,,6.268,,0.06,0.075,35.0,,,0,[],1768786133.0,4
22753,2026-01-19 01:30:00+00:00,34017bfb-0b64-5305-a28a-d957696e785d,0.0,6.179,,,6.273,,0.06,0.07,35.0,,,0,[],1768786640.0,4
22756,2026-01-19 01:40:00+00:00,9f000af8-d950-5538-8205-4f413dd33503,0.0,5.64,,,5.734,,0.056,0.058,35.0,,,0,[],1768787315.0,4
22759,2026-01-19 01:50:00+00:00,1efb274d-2dc7-5233-9b78-f7a6daca164c,0.0,5.605,,,5.687,,0.056,0.06,35.0,,,0,[],1768787652.0,4
22762,2026-01-19 02:00:00+00:00,ef844923-d97c-5a64-8db7-78e5b74f9ef8,0.0,6.009,,,6.091,,0.059,0.071,35.0,,,0,[],1768788326.0,4
22765,2026-01-19 02:10:00+00:00,a2c26d42-3ff6-52ce-8f6c-c53d19da1092,0.0,6.053,,,6.138,,0.054,0.061,35.0,,,0,[],1768789051.0,4
22768,2026-01-19 02:20:00+00:00,7106a5ea-6a5c-5a0f-a48a-21f97e28b8c3,0.0,5.592,,,5.684,,0.059,0.072,35.0,,,0,[],1768789735.0,4
22771,2026-01-19 02:30:00+00:00,783aacb4-4829-5910-aecd-2f1ab6ccbf16,0.0,5.747,,,5.829,,0.058,0.07,35.0,,,0,[],1768790077.0,4
22774,2026-01-19 02:40:00+00:00,d0f15360-3c53-5eda-bbf1-698707a098ee,0.0,5.551,,,5.621,,0.057,0.064,35.0,,,0,[],1768790761.0,4
22777,2026-01-19 02:50:00+00:00,a1dde98f-02f9-5c92-a8ad-d31d6e53fe60,0.0,5.406,,,5.488,,0.055,0.061,35.0,,,0,[],1768791446.0,4
22780,2026-01-19 03:00:00+00:00,477709f0-80bc-5771-81dd-4a062ac0c604,0.0,5.276,,,5.356,,0.057,0.062,35.0,,,0,[],1768792130.0,4
22783,2026-01-19 03:10:00+00:00,ad17f7bb-3d96-5940-a88c-4859e199ae8d,0.0,5.623,,,5.718,,0.057,0.062,35.0,,,0,[],1768792472.0,4
22786,2026-01-19 03:20:00+00:00,49f67406-fa3e-5dfd-8399-02d1f35c6ce0,0.0,5.678,,,5.767,,0.06,0.066,35.0,,,0,[],1768793156.0,4
22789,2026-01-19 03:30:00+00:00,e480dc9d-2727-5841-87a5-7097ac7aced6,0.0,5.674,,,5.769,,0.055,0.058,35.0,,,0,[],1768793841.0,4
22792,2026-01-19 03:40:00+00:00,6223aa9a-7ae9-56e1-9c9a-a22a856c3bb5,0.0,5.693,,,5.771,,0.057,0.067,35.0,,,0,[],1768794518.0,4
22795,2026-01-19 03:50:00+00:00,a8128dbb-74b9-53f5-aa75-71d2a9057784,0.0,5.278,,,5.374,,0.058,0.062,35.0,,,0,[],1768795070.0,4
22798,2026-01-19 04:00:00+00:00,8e814a74-5810-56e9-b7fc-c0f968e51168,0.0,5.542,,,5.616,,0.057,0.065,35.0,,,0,[],1768795552.0,4
22801,2026-01-19 04:10:00+00:00,5d46f993-b1ac-56a0-8eea-f119ff101e71,0.0,6.662,,,6.748,,0.059,0.064,35.0,,,0,[],1768796236.0,4
22804,2026-01-19 04:20:00+00:00,c956220e-4e1f-5256-8193-e917ccff96f0,0.0,6.205,,,6.296,,0.053,0.058,35.0,,,0,[],1768796920.0,4
22807,2026-01-19 04:30:00+00:00,351d755a-7109-5183-9d34-e5b5329bf5a2,0.0,5.829,,,5.901,,0.062,0.077,35.0,,,0,[],1768797455.0,4
22810,2026-01-19 04:40:00+00:00,02d24aae-fb86-59ad-bc0c-2ac8ab5bdbaa,0.0,5.888,,,5.966,,0.054,0.059,35.0,,,0,[],1768798129.0,4
22813,2026-01-19 04:50:00+00:00,8f496f9f-39ed-5db8-aade-a13f7ec3c7b4,0.0,5.406,,,5.492,,0.051,0.054,35.0,,,0,[],1768798466.0,4
22816,2026-01-19 05:00:00+00:00,a3f73ed7-4866-564c-83b4-cbdf3d3b1b56,0.0,4.621,,,4.715,,0.058,0.066,35.0,,,0,[],1768799141.0,4
22819,2026-01-19 05:10:00+00:00,9127cef9-52c6-5d16-8af2-eae0c6daa601,0.0,4.815,,,4.905,,0.059,0.068,35.0,,,0,[],1768799815.0,4
22822,2026-01-19 05:20:00+00:00,907c08ab-8cb4-59a7-b2a9-63a0f2ea50c7,0.0,4.72,,,4.791,,0.058,0.066,35.0,,,0,[],1768800493.0,4
22825,2026-01-19 05:30:00+00:00,55df3bad-29b3-58fc-9060-f595615262d9,0.0,4.721,,,4.808,,0.056,0.057,35.0,,,0,[],1768800837.0,4
22828,2026-01-19 05:40:00+00:00,e614de88-43c4-5c88-9c68-619c1f3f83c1,0.0,5.112,,,5.191,,0.056,0.056,35.0,,,0,[],1768801521.0,4
22831,2026-01-19 05:50:00+00:00,53beb04b-e369-5b28-851c-dcfc58ad58aa,0.0,5.881,,,5.977,,0.054,0.048,35.0,,,0,[],1768802206.0,4
22834,2026-01-19 06:00:00+00:00,605c70e5-7b19-5838-b287-5b5f4ce2ca5c,0.042,5.776,,,5.835,,0.064,0.067,35.0,,,0,[],1768802894.0,4
22837,2026-01-19 06:10:00+00:00,f92cbf63-ba49-56f1-b3a7-d3106d628077,0.092,4.325,,,4.352,,0.055,0.073,35.0,,,0,[],1768803525.0,4
22840,2026-01-19 06:20:00+00:00,99d4a927-38dc-5b66-af7b-981c31513ba1,0.42,4.709,,,4.403,,0.073,0.075,35.0,,,0,[],1768803921.0,4
22843,2026-01-19 06:30:00+00:00,9902fc1b-441e-5ff2-bbd1-7f4a74c9a436,0.886,6.471,,,5.656,,0.065,0.055,35.0,,,0,[],1768804606.0,4
22846,2026-01-19 06:40:00+00:00,0f381a56-1fc6-5f53-961a-6510f501a7c0,1.353,7.34,,,6.079,,0.068,0.055,35.0,,,0,[],1768805289.0,4
22849,2026-01-19 06:50:00+00:00,c409fd24-f856-5339-b671-ad0b27e5f080,1.779,6.641,,,4.926,,0.07,0.067,35.0,,,0,[],1768805884.0,4
22852,2026-01-19 07:00:00+00:00,9642aeed-a8a7-5e0f-9864-140b22f1996a,2.336,7.744,,,5.506,,0.067,0.067,35.0,,,0,[],1768806319.0,4
22855,2026-01-19 07:10:00+00:00,a451d8f8-15e4-5d07-b702-e0c6da93b67f,2.415,7.265,,,4.961,,0.057,0.061,35.0,,,0,[],1768807005.0,4
22858,2026-01-19 07:20:00+00:00,3100c276-c5df-5b43-bfc4-aab438771baa,3.062,8.064,,,5.085,,0.07,0.083,35.0,,,0,[],1768807693.0,4
22861,2026-01-19 07:30:00+00:00,ce33c29b-64c7-5836-a915-025e7298a510,3.203,9.457,,,6.346,,0.062,0.069,35.0,,,0,[],1768808267.0,4
22864,2026-01-19 07:40:00+00:00,62abfdb9-d3ca-5d5b-a0d3-e113276353d3,2.699,10.736,,,8.127,,0.069,0.059,35.0,,,0,[],1768808878.0,4
22867,2026-01-19 07:50:00+00:00,38798b82-faf0-5ebf-b9f9-213b1d8f1018,2.49,9.69,,,7.298,,0.069,0.058,35.0,,,0,[],1768809279.0,4
22870,2026-01-19 08:00:00+00:00,f08ed9b1-d015-5283-8989-02a2ee818a5c,2.745,8.227,,,5.571,,0.072,0.065,35.0,,,0,[],1768809953.0,4
22873,2026-01-19 08:10:00+00:00,80fa67a1-7f5e-5a66-8493-937a5d28cc17,8.75,10.288,,,1.647,,0.056,0.053,35.0,,,0,[],1768810628.0,4
22876,2026-01-19 08:20:00+00:00,26e0293a-93ed-5ef9-b9b1-34e4c419c757,5.46,7.672,,,2.407,,0.064,0.069,35.0,,,0,[],1768811297.0,4
22879,2026-01-19 08:30:00+00:00,b9150000-0455-5eaa-92de-7394b37a68e4,4.525,6.761,,,2.346,,0.076,0.072,35.0,,,0,[],1768811658.0,4
22882,2026-01-19 08:40:00+00:00,033e9dfc-1d4b-5758-bf9e-7fe86ef05cfd,4.82,7.935,,,3.234,,0.073,0.066,35.0,,,0,[],1768812344.0,4
22885,2026-01-19 08:50:00+00:00,4ca9cce2-877e-5127-8204-0ac44e0a1d8c,6.295,6.808,,,0.549,,0.088,0.127,35.0,,,0,[],1768813031.0,4
22888,2026-01-19 09:00:00+00:00,65065fd3-e92c-5178-9606-b72c8576d995,13.891,8.152,,,0.014,-5.403,,-5.403,35.0,,,0,[],1768813697.0,4
22891,2026-01-19 09:10:00+00:00,692876a4-6651-53f9-95d9-77d1dd1021ef,14.904,9.249,,,0.019,-5.325,,-5.325,35.0,,,0,[],1768814060.0,4
22894,2026-01-19 09:20:00+00:00,e785358b-1303-5025-993e-c4dd4b89deac,5.946,9.528,,,3.567,,0.078,0.122,35.0,,,0,[],1768814911.0,4
22897,2026-01-19 09:30:00+00:00,16cea2b1-e890-5d37-ab54-d3ec34fd18b2,7.053,7.832,,,0.774,,0.08,0.127,35.0,,,0,[],1768815415.0,4
22900,2026-01-19 09:40:00+00:00,b2f2647b-b957-5954-bb9a-b4a19e2ac7a5,4.832,7.855,,,3.05,,0.054,0.07,35.0,,,0,[],1768816089.0,4
22903,2026-01-19 09:50:00+00:00,fff6796d-0594-569f-990b-65f00a6fe59f,6.182,6.045,,,0.022,,,-0.054,35.0,,,0,[],1768816669.0,4
22906,2026-01-19 10:00:00+00:00,bd12d8b2-59cf-539b-b732-002db53948db,8.903,7.147,,,0.017,-1.649,,-1.65,35.0,,,0,[],1768817101.0,4
22909,2026-01-19 10:10:00+00:00,baea7f4b-5426-5ae3-9587-30a7e679a99c,8.102,10.649,,,2.493,,0.128,0.128,35.0,,,0,[],1768817775.0,4
22912,2026-01-19 10:20:00+00:00,6c668882-54ba-5de3-b271-784382c4a7e4,24.584,10.908,,,0.012,-13.334,,-13.334,36.0,,,0,[],1768818450.0,4
22915,2026-01-19 10:30:00+00:00,1e9e55b6-8181-5e28-9594-4c5575bce53f,12.209,11.186,,,0.008,-1.378,0.495,-0.883,37.0,,,0,[],1768819073.0,4
22918,2026-01-19 10:40:00+00:00,f10138c6-9d4e-5a36-aa02-e5992a5cd5e5,26.86,10.7,,,0.0,-15.402,,-15.402,37.0,,,0,[],1768819461.0,4
22921,2026-01-19 10:50:00+00:00,29b65a0a-8cde-5bb9-9879-0c9728b7eddc,16.641,11.77,,,0.0,-4.57,,-4.57,38.0,,,0,[],1768820136.0,4
22924,2026-01-19 11:00:00+00:00,66891364-f99e-5f32-b129-be81ce42f2b6,23.039,16.02,,,0.0,-6.076,,-6.076,39.0,,,0,[],1768820810.0,4
22926,2026-01-19 11:10:00+00:00,053f2a4d-aca5-5b96-ba85-78ca95b5ed8c,17.302,17.192,,,0.0,-2.319,2.507,0.188,40.0,,,0,[],1768821484.0,4
22929,2026-01-19 11:20:00+00:00,babc407f-236f-5ea5-bd4a-05f6fd1863de,13.776,14.047,,,0.0,-2.36,3.154,0.794,39.5,,,0,[],1768821822.0,4
22932,2026-01-19 11:30:00+00:00,229ce69d-bece-5a59-8a68-c4698ff93fd9,15.325,13.305,,,0.0,-1.584,,-1.584,40.0,,,0,[],1768822508.0,4
22935,2026-01-19 11:40:00+00:00,37077213-4b5a-52df-8e5c-dedef2186981,12.904,13.967,,,0.0,-0.111,1.752,1.641,42.0,,,0,[],1768823194.0,4
22938,2026-01-19 11:50:00+00:00,4e9724dc-efa6-5523-9041-b7562374a9c2,27.229,12.309,,,0.0,-14.411,,-14.411,42.0,,,0,[],1768823881.0,4
22941,2026-01-19 12:00:00+00:00,694591b8-0fd5-5a1d-8b1a-be9cd2d139ae,27.18,12.856,,,0.0,-13.836,,-13.836,43.0,,,0,[],1768824224.0,4
22944,2026-01-19 12:10:00+00:00,f19075b2-6460-51c8-af4e-d0546f0c416a,26.23,14.651,,,0.0,-10.893,,-10.893,45.0,,,0,[],1768824911.0,4
22947,2026-01-19 12:20:00+00:00,1cf8aa78-0bb0-52b7-82ff-1f97b8c6c333,26.185,15.456,,,0.012,-9.927,,-9.927,47.0,,,0,[],1768825644.0,4
22950,2026-01-19 12:30:00+00:00,9fd9e394-0926-5e98-83ee-9fa34fefdc27,25.721,14.746,,,0.014,-10.511,,-10.511,47.5,,,0,[],1768826215.0,4
22953,2026-01-19 12:40:00+00:00,14d5e91b-ba6a-5a7e-b7f9-f4fae58339e8,25.496,9.357,,,0.009,-15.595,,-15.595,49.0,,,0,[],1768826890.0,4
22956,2026-01-19 12:50:00+00:00,7e854d64-d484-5fc3-af3b-046bdca602ec,24.123,9.764,,,0.013,-14.384,,-14.384,51.5,,,0,[],1768827369.0,4
22959,2026-01-19 13:00:00+00:00,6887aec4-e3c2-531c-abfa-6bcdfa53307f,25.227,8.112,,,0.012,-16.508,,-16.508,53.5,,,0,[],1768828056.0,4
22962,2026-01-19 13:10:00+00:00,3d98b27f-6d71-5787-9694-25078bcaa8a8,24.961,9.222,,,0.012,-15.159,,-15.159,55.0,,,0,[],1768828576.0,4
22965,2026-01-19 13:20:00+00:00,9435705a-83bd-54b7-a014-1a06efdb5a2e,24.046,9.531,,,0.008,-14.078,,-14.078,57.5,,,0,[],1768829251.0,4
22968,2026-01-19 13:30:00+00:00,4bfa5f86-685b-5f2e-aa7e-e970f50ea490,23.071,10.656,,,0.01,-11.918,,-11.918,59.0,,,0,[],1768829773.0,4
22971,2026-01-19 13:40:00+00:00,b599a287-e359-5a7b-96ab-78099db8116f,22.985,10.882,,,0.033,-11.662,,-11.662,60.5,,,0,[],1768830462.0,4
22974,2026-01-19 13:50:00+00:00,64761d0d-18fb-59a7-8964-b1d4fd7568fe,22.171,11.455,,,0.01,-10.336,,-10.336,62.0,,,0,[],1768830937.0,4
22977,2026-01-19 14:00:00+00:00,9d0450f5-fbfa-5a7b-800c-3d0504a9be5e,20.975,15.14,,,0.328,-6.001,,-6.001,63.0,,,0,[],1768831611.0,4
22980,2026-01-19 14:10:00+00:00,69cc18fc-3d4d-5243-8f35-ff8ff74bac7f,20.56,11.072,,,0.011,-9.051,,-9.051,64.0,,,0,[],1768832286.0,4
22983,2026-01-19 14:20:00+00:00,48af22fe-7a46-5769-a7fc-a05d8f57210f,19.401,12.508,,,0.009,-6.513,,-6.513,65.0,,,0,[],1768832866.0,4
22986,2026-01-19 14:30:00+00:00,f95251b6-46ff-5228-84f6-161d5ed4d080,19.464,11.205,,,0.015,-7.933,,-7.933,65.5,,,0,[],1768833298.0,4
22989,2026-01-19 14:40:00+00:00,95462342-0146-5742-a956-ac669ccf5356,17.261,9.337,,,0.005,-7.703,,-7.703,67.0,,,0,[],1768833973.0,4
22992,2026-01-19 14:50:00+00:00,dab59562-0751-53e6-b6dc-d1710803aaeb,16.552,10.537,,,0.018,-5.704,,-5.704,68.0,,,0,[],1768834647.0,4
22995,2026-01-19 15:00:00+00:00,111878d2-33a7-517b-b96f-16fa97827e54,16.087,11.807,,,0.008,-3.585,,-3.585,68.0,,,0,[],1768835275.0,4
22998,2026-01-19 15:10:00+00:00,141c29d8-7eca-57c0-8063-c142a3ec9179,16.549,10.682,,,0.007,-5.567,,-5.567,69.0,,,0,[],1768835658.0,4
23001,2026-01-19 15:20:00+00:00,ec8acda5-c9a5-5698-bf96-837277ae2ad4,15.552,11.201,,,0.003,-4.016,,-4.016,69.0,,,0,[],1768836268.0,4
23004,2026-01-19 15:30:00+00:00,c89a5b44-144c-56f2-8409-4218a012bb7d,11.85,13.678,,,-0.214,,1.709,1.709,70.0,,,0,[],1768837016.0,4
23007,2026-01-19 15:40:00+00:00,97531fd3-f938-5aaf-9898-8b897b821782,11.277,14.153,,,0.015,,3.053,3.053,69.0,,,0,[],1768837691.0,4
23010,2026-01-19 15:50:00+00:00,1ecd06d1-a5b3-53dc-a247-e32cad8d32a7,10.128,16.049,,,0.043,,5.619,5.619,69.0,,,0,[],1768838027.0,4
23013,2026-01-19 16:00:00+00:00,118d6003-9030-5958-b0de-505b52ed1600,7.043,16.755,,,0.012,,9.954,9.954,68.0,,,0,[],1768838702.0,4
23016,2026-01-19 16:10:00+00:00,d0b57e80-87e9-5a76-9f92-549fdf86f11a,6.066,15.853,,,0.014,,10.095,10.095,66.0,,,0,[],1768839378.0,4
23019,2026-01-19 16:20:00+00:00,57d64989-25a2-57e9-b227-2aac1bff55a4,4.579,14.338,,,0.003,,10.055,10.055,64.0,,,0,[],1768840064.0,4
23022,2026-01-19 16:30:00+00:00,abf86e9f-cc7d-5476-93d4-5a9274f35156,4.326,13.022,,,-0.158,,9.683,9.683,64.0,,,0,[],1768840738.0,4
23025,2026-01-19 16:40:00+00:00,869ebb2c-6703-5dd4-bd39-92547aa6816c,3.774,10.142,,,-0.001,,6.661,6.661,62.0,,,0,[],1768841095.0,4
23028,2026-01-19 16:50:00+00:00,999488d0-659f-58e3-a754-692541f4a669,2.698,10.491,,,0.013,,8.067,8.067,61.0,,,0,[],1768841780.0,4
23031,2026-01-19 17:00:00+00:00,2296c4a2-4b71-5b0e-b4c8-ca7941521d83,1.975,13.953,,,0.016,,12.254,12.254,60.0,,,0,[],1768842466.0,4
23034,2026-01-19 17:10:00+00:00,80d39ef2-bd06-542c-9d83-f9c55155451c,1.544,11.288,,,0.132,,9.858,9.858,58.0,,,0,[],1768843137.0,4
23037,2026-01-19 17:20:00+00:00,18ed3c15-9776-5d20-844c-b7ca1ab3ee50,1.36,11.121,,,0.008,,9.96,9.96,57.0,,,0,[],1768843497.0,4
23040,2026-01-19 17:30:00+00:00,be01f48f-87a1-597c-b4fd-bc11bda7ccfa,0.704,14.415,,,0.009,,13.998,13.998,55.5,,,0,[],1768844183.0,4
23043,2026-01-19 17:40:00+00:00,fbea9ff7-64d7-554d-acdc-3f985c88cfe3,0.191,13.331,,,0.004,,13.505,13.505,53.0,,,0,[],1768844870.0,4
23046,2026-01-19 17:50:00+00:00,0f57c1ce-e773-516d-94db-93def2332764,0.026,14.138,,,0.016,,14.381,14.381,51.5,,,0,[],1768845447.0,4
23049,2026-01-19 18:00:00+00:00,5dd81ab1-89f9-588a-86dd-7e90274aadb8,0.004,13.913,,,0.006,,14.189,14.189,50.0,,,0,[],1768845900.0,4
23052,2026-01-19 18:10:00+00:00,e473ca18-ff23-5e2b-9376-9ff7609b67b6,0.001,17.445,,,0.382,,17.043,17.043,47.5,,,0,[],1768846589.0,4
23055,2026-01-19 18:20:00+00:00,31a6a23f-81d7-562f-88a4-3da24f74e652,0.0,17.104,,,0.088,,17.734,17.734,45.0,,,0,[],1768847242.0,4
23058,2026-01-19 18:30:00+00:00,aee4e1d7-59a7-5358-bd8b-ab9449329ea2,0.0,22.41,,,0.018,,22.862,22.862,41.0,,,0,[],1768847936.0,4
23061,2026-01-19 18:40:00+00:00,4e8fb0c4-2b48-5420-9885-f2db530456a4,0.0,20.949,,,0.295,,20.939,20.939,38.5,,,0,[],1768848516.0,4
23064,2026-01-19 18:50:00+00:00,61402103-20c5-5905-a942-977dc1e6ee7f,0.0,14.531,,,4.497,,10.451,10.493,35.5,,,0,[],1768849191.0,4
23067,2026-01-19 19:00:00+00:00,d5e3b50d-8f4e-5247-9414-5e0e1a7279d6,0.0,9.208,,,9.324,,,0.05,35.0,,,0,[],1768849655.0,4
23069,2026-01-19 19:10:00+00:00,6665334d-2d1a-53c3-80cd-3395fa2b549b,0.0,10.109,,,10.236,,,0.056,35.0,,,0,[],1768850202.0,4
23072,2026-01-19 19:20:00+00:00,88325764-a9bf-57b2-99dd-7dfdb8312c1a,0.0,9.194,,,9.308,,0.052,0.052,35.0,,,0,[],1768850877.0,4
23075,2026-01-19 19:30:00+00:00,0845c03e-8cb7-5e21-ab3c-af612ea1f023,0.0,9.43,,,9.521,,0.062,0.064,35.0,,,0,[],1768851373.0,4
23078,2026-01-19 19:40:00+00:00,fcd02248-06ea-5961-a750-d62cb2a92a61,0.0,8.077,,,8.177,,0.051,0.053,35.0,,,0,[],1768852059.0,4
23081,2026-01-19 19:50:00+00:00,8179ce61-6733-59ad-9fcd-bfd9b9d1e39a,0.0,6.559,,,6.631,,0.051,0.06,35.0,,,0,[],1768852563.0,4
23084,2026-01-19 20:00:00+00:00,421e1973-8c96-5e15-8d4a-261e13d592dc,0.0,6.719,,,6.818,,0.056,0.064,35.0,,,0,[],1768853237.0,4
23087,2026-01-19 20:10:00+00:00,da43a1d5-a82f-52f8-8c6a-f9ac6ebae2be,0.0,6.673,,,6.769,,0.051,0.057,35.0,,,0,[],1768853912.0,4
23090,2026-01-19 20:20:00+00:00,e7996a00-4be8-5225-8ff6-79619e07cd50,0.0,6.423,,,6.493,,0.057,0.06,35.0,,,0,[],1768854462.0,4
23093,2026-01-19 20:30:00+00:00,9b776c41-3e3a-56e4-9932-5494d2a3324b,0.0,8.602,,,8.706,,0.056,0.064,35.0,,,0,[],1768855138.0,4
23096,2026-01-19 20:40:00+00:00,8f1d0f3b-cff7-5b7f-9d0b-4926b4ffd8de,0.0,6.327,,,6.422,,0.056,0.06,35.0,,,0,[],1768855598.0,4
23099,2026-01-19 20:50:00+00:00,4d0da4a5-68e5-5342-a326-058bebe39092,0.0,6.753,,,6.851,,0.058,0.065,35.0,,,0,[],1768856272.0,4
23102,2026-01-19 21:00:00+00:00,f96d74d3-3455-58fb-b92d-949ae8261c8c,0.0,6.55,,,6.655,,0.054,0.054,35.0,,,0,[],1768856866.0,4
23105,2026-01-19 21:10:00+00:00,1de8267a-286d-58ff-8565-7114aa2a5ef6,0.0,7.771,,,7.874,,0.053,0.051,35.0,,,0,[],1768857536.0,4
23108,2026-01-19 21:20:00+00:00,248c147b-6b34-548b-8124-46e59ef44072,0.0,6.316,,,6.415,,0.053,0.053,35.0,,,0,[],1768858044.0,4
23111,2026-01-19 21:30:00+00:00,b31dbc51-238f-5ce8-870e-af8cdf5af1e3,0.0,6.349,,,6.441,,0.054,0.075,35.0,,,0,[],1768858739.0,4
23114,2026-01-19 21:40:00+00:00,1c5e5dea-fba6-5e66-ab07-565a347ebe9e,0.0,7.886,,,7.989,,0.059,0.055,35.0,,,0,[],1768859298.0,4
23117,2026-01-19 21:50:00+00:00,74dac422-730e-50d3-b6e1-e39f96591b85,0.0,7.974,,,8.077,,0.054,0.05,35.0,,,0,[],1768859770.0,4
23120,2026-01-19 22:00:00+00:00,d1c62344-8f3e-57ff-b2e2-efcbfa7082cc,0.0,8.534,,,8.615,,0.064,0.064,35.0,,,0,[],1768860457.0,4
23123,2026-01-19 22:10:00+00:00,4619a997-856f-54bd-bf6f-e8fa0f50248d,0.0,9.415,,,9.53,,,0.048,35.0,,,0,[],1768861138.0,4
23126,2026-01-19 22:20:00+00:00,7a9fc782-e153-5bfe-a9be-a94526c1c71e,0.0,10.268,,,10.377,,,0.043,35.0,,,0,[],1768861658.0,4
23129,2026-01-19 22:30:00+00:00,9d2dbf59-f245-5ea3-bdcc-918392b30eaf,0.0,11.305,,,11.412,,,0.043,35.0,,,0,[],1768862333.0,4
23132,2026-01-19 22:40:00+00:00,1fb0f26b-35fa-5342-95a5-42d43d467a26,0.0,10.565,,,10.675,,0.055,0.049,35.0,,,0,[],1768862860.0,4
23135,2026-01-19 22:50:00+00:00,8958d15d-d15a-5fdc-9bae-0898ae8dc94a,0.0,9.875,,,9.98,,0.051,0.047,35.0,,,0,[],1768863345.0,4
23138,2026-01-19 23:10:00+00:00,13a94f46-d12d-5132-a1af-7f8ddaffd311,0.0,9.944,,,10.049,,0.056,0.053,35.0,,,0,[],1768864693.0,4
23141,2026-01-19 23:20:00+00:00,ffdaa110-00a4-54e2-9d9b-386543270e3e,0.0,9.273,,,9.376,,,0.043,35.0,,,0,[],1768865263.0,4
23144,2026-01-19 23:30:00+00:00,23b25a39-80bb-5d9f-8474-f89e0d9914e6,0.0,8.039,,,8.142,,0.053,0.05,35.0,,,0,[],1768865939.0,4
23147,2026-01-19 23:40:00+00:00,14d6f3f7-cd84-5fc3-8b2a-68d431f1866f,0.0,7.348,,,7.438,,,0.049,35.0,,,0,[],1768866379.0,4
23150,2026-01-19 23:50:00+00:00,6d650f18-0156-5be7-a934-ed4749e30db1,0.0,7.249,,,7.355,,0.054,0.05,35.0,,,0,[],1768867053.0,4
23153,2026-01-20 00:00:00+00:00,a2fcd58a-8ef4-561a-b0b1-ca6b8fa0f084,0.0,7.002,,,7.103,,0.054,0.064,35.0,,,0,[],1768867727.0,4
23156,2026-01-20 00:10:00+00:00,428c2458-fde6-571b-bc63-2412ee895821,0.0,6.321,,,6.432,,0.056,0.054,35.0,,,0,[],1768868064.0,4
23159,2026-01-20 00:20:00+00:00,75d47756-eed3-5822-b3a9-f6f60104236e,0.0,6.368,,,6.454,,0.055,0.057,35.0,,,0,[],1768868864.0,4
23162,2026-01-20 00:30:00+00:00,ee0f98cc-07d8-580f-a53a-c0b27166261e,0.0,6.537,,,6.637,,0.06,0.062,35.0,,,0,[],1768869436.0,4
23165,2026-01-20 00:40:00+00:00,39f08f26-144a-545d-9e24-e0feadac0fc7,0.0,6.132,,,6.22,,0.059,0.061,35.0,,,0,[],1768870111.0,4
23168,2026-01-20 00:50:00+00:00,04c52e63-d97a-589a-93dd-c3650be390db,0.0,6.273,,,6.377,,0.055,0.056,35.0,,,0,[],1768870588.0,4
23171,2026-01-20 01:00:00+00:00,48bc2f43-df7d-5fda-8247-130e26de9975,0.0,6.748,,,6.846,,0.055,0.055,35.0,,,0,[],1768871275.0,4
23174,2026-01-20 01:10:00+00:00,185486bc-41c9-52ce-ac53-81ee24800385,0.0,7.383,,,7.486,,0.054,0.05,35.0,,,0,[],1768871796.0,4
23177,2026-01-20 01:20:00+00:00,74fcd341-6357-5910-ae69-2f12c00b5ad9,0.0,7.065,,,7.163,,0.052,0.05,35.0,,,0,[],1768872470.0,4
23180,2026-01-20 01:30:00+00:00,01547dbd-5274-5b8d-877f-7dcc1ea48452,0.0,6.58,,,6.673,,0.051,0.049,35.0,,,0,[],1768872991.0,4
23183,2026-01-20 01:40:00+00:00,db8d4b68-932d-57a8-8e0c-139742a3ebba,0.0,6.59,,,6.695,,,0.044,35.0,,,0,[],1768873679.0,4
23186,2026-01-20 01:50:00+00:00,ec725a6a-003d-5d2d-becf-754c8ace88c5,0.0,6.3,,,6.399,,,0.05,35.0,,,0,[],1768874156.0,4
23189,2026-01-20 02:00:00+00:00,cc4cebbb-3e48-5944-8d92-0c023bc8a627,0.0,6.257,,,6.356,,,0.058,35.0,,,0,[],1768874830.0,4
23192,2026-01-20 02:10:00+00:00,4d87ae3b-4176-5526-8cb5-0527824c071e,0.0,6.686,,,6.79,,0.051,0.047,35.0,,,0,[],1768875504.0,4
23195,2026-01-20 02:20:00+00:00,0b1b6fb1-04dc-5c90-a15d-13ae301b957f,0.0,6.96,,,7.057,,,0.05,35.0,,,0,[],1768876080.0,4
23198,2026-01-20 02:30:00+00:00,5f5f9dff-2d7c-5c56-a76a-34373dda3640,0.0,6.468,,,6.575,,0.051,0.047,35.0,,,0,[],1768876515.0,4
23201,2026-01-20 02:40:00+00:00,d1a472b8-cf05-5623-bd0d-c243fbc6f961,0.0,7.654,,,7.752,,0.054,0.054,35.0,,,0,[],1768877189.0,4
23204,2026-01-20 02:50:00+00:00,cf01c5e7-3964-54a1-ba74-60343984d5d9,0.0,6.522,,,6.61,,0.053,0.061,35.0,,,0,[],1768877864.0,4
23207,2026-01-20 03:00:00+00:00,0f7bf0bc-2ff7-5aa1-8bfc-71b0e058ce24,0.0,5.591,,,5.682,,0.055,0.056,35.0,,,0,[],1768878484.0,4
23210,2026-01-20 03:10:00+00:00,6f6d664f-67e6-59c1-91bb-0149c30ff684,0.0,5.342,,,5.426,,0.055,0.06,35.0,,,0,[],1768878875.0,4
23213,2026-01-20 03:20:00+00:00,3965ec20-4656-5a2d-93e4-3269f2e589ab,0.0,5.405,,,5.481,,0.054,0.059,35.0,,,0,[],1768879670.0,4
23216,2026-01-20 03:30:00+00:00,3f233556-34fd-55b2-a852-882ad178f46d,0.0,5.561,,,5.663,,0.053,0.056,35.0,,,0,[],1768880270.0,4
23219,2026-01-20 03:40:00+00:00,2ac4913b-f1e1-57f7-8dfc-c82de94ba60f,0.0,5.356,,,5.438,,0.055,0.065,35.0,,,0,[],1768880721.0,4
23222,2026-01-20 03:50:00+00:00,13fa63fe-3b31-59c9-bf99-2ab98b506969,0.0,5.296,,,5.373,,0.059,0.06,35.0,,,0,[],1768881408.0,4
23225,2026-01-20 04:00:00+00:00,395f0f52-dda9-58a6-a116-3418aa0c22a6,0.0,5.224,,,5.298,,0.064,0.074,35.0,,,0,[],1768882097.0,4
23228,2026-01-20 04:10:00+00:00,ff1f1c48-65b9-5118-89c6-24c550b05c96,0.0,5.599,,,5.697,,0.053,0.055,35.0,,,0,[],1768882630.0,4
23231,2026-01-20 04:20:00+00:00,99722fda-770e-559f-aea7-d8780e893780,0.0,5.515,,,5.603,,0.057,0.06,35.0,,,0,[],1768883304.0,4
23234,2026-01-20 04:30:00+00:00,3cc4c651-e438-5168-8cd5-2dee014dbbc5,0.0,5.744,,,5.835,,0.053,0.066,35.0,,,0,[],1768883814.0,4
23237,2026-01-20 04:40:00+00:00,5e7696c9-f1f6-502a-8c4a-dd5e1d4e68ef,0.0,5.918,,,6.003,,0.058,0.068,35.0,,,0,[],1768884500.0,4
23240,2026-01-20 04:50:00+00:00,5775133b-f2a8-5b23-8a7d-12d97ca42961,0.0,5.591,,,5.702,,0.055,0.05,35.0,,,0,[],1768885191.0,4
23243,2026-01-20 05:00:00+00:00,6cc98a1f-83a8-57b8-afb2-c87eceec79ec,0.0,5.619,,,5.712,,0.057,0.055,35.0,,,0,[],1768885665.0,4
23245,2026-01-20 05:10:00+00:00,a892c748-12cc-57e6-96cd-0b2ff7c176d9,0.0,5.076,,,5.161,,0.056,0.062,35.0,,,0,[],1768886220.0,4
23248,2026-01-20 05:20:00+00:00,c29d2e04-690c-54dc-84fe-60d289fc7b75,0.0,7.171,,,7.278,,,0.043,35.0,,,0,[],1768886907.0,4
23251,2026-01-20 05:30:00+00:00,9595da4b-c9e7-5aca-8aa5-98b9f3ef6eff,0.0,5.627,,,5.729,,0.052,0.048,35.0,,,0,[],1768887350.0,4
23254,2026-01-20 05:40:00+00:00,7ab8107d-352e-563e-9d98-ad5d74982fdb,0.0,5.726,,,5.804,,0.055,0.052,35.0,,,0,[],1768888025.0,4
23257,2026-01-20 05:50:00+00:00,b0928141-2521-5d95-bb6d-7bd8817a35ab,0.002,5.603,,,5.707,,0.053,0.046,35.0,,,0,[],1768888699.0,4
23260,2026-01-20 06:00:00+00:00,8ec75ad0-3ce9-55d3-8b96-fd524c8c2455,0.023,6.21,,,6.295,,0.053,0.054,35.0,,,0,[],1768889310.0,4
23263,2026-01-20 06:10:00+00:00,4042a8bb-4e1d-506b-aa83-ae3a8aa6e47c,0.05,5.845,,,5.912,,0.054,0.056,35.0,,,0,[],1768889711.0,4
23266,2026-01-20 06:20:00+00:00,e4c4ea9d-f4d2-5116-9f84-b3b4b6b27122,0.027,6.021,,,6.086,,0.057,0.057,35.0,,,0,[],1768890488.0,4
23269,2026-01-20 06:30:00+00:00,12b4807e-9a77-5dee-a130-4ab2ed85b59a,0.005,4.349,,,4.468,,0.051,0.051,35.0,,,0,[],1768890813.0,4
23272,2026-01-20 06:40:00+00:00,52bf2f2d-ed4d-54c3-afe4-cd97b3d83cee,0.079,4.613,,,4.613,,,0.05,35.0,,,0,[],1768891508.0,4
23275,2026-01-20 06:50:00+00:00,28dc4963-667e-5d46-ae25-d188d898d354,0.089,5.87,,,5.852,,0.051,0.06,35.0,,,0,[],1768892195.0,4
23278,2026-01-20 07:00:00+00:00,a1e504b4-dfb8-54cc-b0f1-baec351615c4,0.121,7.241,,,7.189,,,0.059,35.0,,,0,[],1768892881.0,4
23281,2026-01-20 07:10:00+00:00,652263d7-6101-55f8-b2a9-a1fdc43e8796,0.093,7.747,,,7.747,,,0.058,35.0,,,0,[],1768893466.0,4
23284,2026-01-20 07:20:00+00:00,cf2f91a1-5a6c-5523-8ad4-ae7cb9dec8f4,0.079,7.79,,,7.824,,,0.033,35.0,,,0,[],1768893912.0,4
23287,2026-01-20 07:30:00+00:00,8266f70e-bf61-5007-b2da-3ac043b4ce78,0.244,13.877,,,0.0,,13.507,13.507,33.0,,,0,[],1768894698.0,4
23290,2026-01-20 07:40:00+00:00,5f37d245-72ab-5b6f-ad23-42d5c6bfe8c0,0.424,14.106,,,0.0,,14.02,14.02,31.5,,,0,[],1768895277.0,4
23293,2026-01-20 07:50:00+00:00,ada36bfa-50ef-5376-8d7d-8c45288db2d5,0.371,11.128,,,0.0,,11.019,11.019,30.0,,,0,[],1768895769.0,4
23298,2026-01-20 08:10:00+00:00,5b9d2a2b-f5ce-579a-af39-f1cf7d5d36b4,0.529,11.315,,,0.0,,10.795,10.795,27.0,,,0,[],1768896962.0,4
23301,2026-01-20 08:20:00+00:00,c5f0642f-9bcc-55c7-8365-23a312276d86,0.449,11.092,,,0.0,,11.919,11.919,25.5,,,0,[],1768897636.0,4
23304,2026-01-20 08:30:00+00:00,704754d8-14e0-50ee-9f60-cc5c53c093e7,0.765,10.997,,,0.0,,10.037,10.037,24.0,,,0,[],1768898311.0,4
23307,2026-01-20 08:40:00+00:00,870eb93f-606a-5409-92ab-ff1f2e2498f7,0.989,9.4,,,0.0,,8.529,8.529,23.0,,,0,[],1768898859.0,4
23310,2026-01-20 08:50:00+00:00,6a2f62c4-105b-5307-b1e1-5262ac942b5b,1.39,9.519,,,0.0,,8.587,8.587,21.5,,,0,[],1768899546.0,4
23313,2026-01-20 09:00:00+00:00,797dd155-b632-528e-a32b-03434284b049,1.798,12.314,,,0.0,,10.698,10.698,20.0,,,0,[],1768899996.0,4
23315,2026-01-20 09:10:00+00:00,992e10e8-fb85-52dd-ae23-1c5507a8a201,1.727,12.368,,,0.0,,10.847,10.847,18.5,,,0,[],1768900671.0,4
23318,2026-01-20 09:20:00+00:00,917f05fb-e2c7-50bd-922f-c94073b09b53,1.567,11.687,,,0.0,,10.042,10.042,17.5,,,0,[],1768901262.0,4
23321,2026-01-20 09:30:00+00:00,cc5e6eb4-b5dd-551a-a049-e75d28b2e6e9,1.377,11.278,,,0.0,,10.082,10.082,16.0,,,0,[],1768901682.0,4
23324,2026-01-20 09:40:00+00:00,2cafe10b-4153-501a-82ea-dcc45e0ec40f,1.52,11.689,,,0.0,,10.407,10.407,14.5,,,0,[],1768902356.0,4
23327,2026-01-20 09:50:00+00:00,acdf370c-0772-53e0-8fcc-11f1e12b456b,1.708,13.113,,,0.0,,12.256,12.256,13.0,,,0,[],1768903031.0,4
23330,2026-01-20 10:00:00+00:00,abb9d8a8-7480-5f7e-b7b9-3bdff6e18ba8,1.65,16.633,,,0.0,,14.994,14.994,11.0,,,0,[],1768903705.0,4
23333,2026-01-20 10:10:00+00:00,eff13044-c5ed-513a-87d4-8a864b2042f3,1.469,14.18,,,0.0,,13.033,13.033,10.0,,,0,[],1768904042.0,4
23336,2026-01-20 10:20:00+00:00,22b7f5eb-0ea4-5454-9d97-7446657fa3cb,0.0,0.0,,,0.01,,,-0.053,9.0,,,0,[],1768904715.0,4
23339,2026-01-20 10:30:00+00:00,b237f827-4a38-5d4e-a2bf-1a2a212c3b62,0.64,10.14,,,0.0,-8.272,,-8.266,9.0,,,0,[],1768905391.0,4
23342,2026-01-20 10:40:00+00:00,e0083b15-3bd1-56dd-a326-c507dbb12928,0.0,0.0,,,0.0,,,-0.02,9.0,,,0,[],1768906009.0,4
23345,2026-01-20 10:50:00+00:00,75f320a9-0fd7-5421-b202-ed04977f372d,1.56,2.087,,,2.311,-1.595,,-1.595,10.0,,,0,[],1768906718.0,4
23348,2026-01-20 11:00:00+00:00,8754b359-00e4-5afb-888c-cef98a3ac2f7,1.684,4.501,,,4.728,-1.727,,-1.727,10.0,,,0,[],1768907101.0,4
23351,2026-01-20 11:10:00+00:00,c0692294-1d92-5663-a47f-63764bffd8ec,2.205,3.822,,,4.047,-2.255,,-2.255,10.0,,,0,[],1768907883.0,4
23354,2026-01-20 11:20:00+00:00,8f27bbd3-a67b-552a-b0e9-add32feb1da9,2.706,2.777,,,3.002,-2.725,,-2.725,10.0,,,0,[],1768908366.0,4
23357,2026-01-20 11:30:00+00:00,65659859-65a6-5e22-9adb-68fc8989ea23,2.655,3.16,,,3.388,-2.657,,-2.657,11.0,,,0,[],1768909041.0,4
23360,2026-01-20 11:40:00+00:00,27fa1be9-83bd-595a-8eba-2d5e66e38321,1.923,4.177,,,4.405,-1.973,,-1.973,11.0,,,0,[],1768909715.0,4
23363,2026-01-20 11:50:00+00:00,982d5636-9e4c-5ca2-979f-bc594f12cc9d,1.57,3.31,,,3.537,-1.599,,-1.599,11.0,,,0,[],1768910288.0,4
23366,2026-01-20 12:00:00+00:00,205eda7d-8567-53a0-b96a-6707c33fff4e,1.295,2.893,,,3.121,-1.327,,-1.327,11.0,,,0,[],1768910726.0,4
23369,2026-01-20 12:10:00+00:00,b69f33df-2b96-5e75-ad05-461ff3eebb67,1.067,3.899,,,4.122,-1.115,,-1.115,12.0,,,0,[],1768911401.0,4
23372,2026-01-20 12:20:00+00:00,7106c002-1f05-5123-82bb-7ca7ab5d86f4,0.844,4.244,,,4.471,-0.921,,-0.921,12.0,,,0,[],1768912075.0,4
23375,2026-01-20 12:30:00+00:00,37c0c003-def7-5b5d-a5ac-92671cd73d72,0.947,2.867,,,3.093,-1.016,,-1.016,12.0,,,0,[],1768912691.0,4
23378,2026-01-20 12:40:00+00:00,e0d5182f-ae09-50f2-b418-5e800bf92e4e,0.99,2.673,,,2.898,-1.049,,-1.049,12.0,,,0,[],1768913088.0,4
23381,2026-01-20 12:50:00+00:00,b804a7b9-30fd-5823-823a-e5f1cb0687ee,0.943,3.136,,,3.361,-1.016,,-1.016,12.0,,,0,[],1768913763.0,4
23384,2026-01-20 13:00:00+00:00,4d21a7ab-a996-5b06-9096-068b7c7af5ed,1.01,8.371,,,0.0,,7.525,7.525,12.0,,,0,[],1768914468.0,4
23387,2026-01-20 13:10:00+00:00,983c017f-44d4-58b1-8dc3-3e1389c95fc9,0.95,9.031,,,0.0,,8.1,8.1,11.0,,,0,[],1768915112.0,4
23390,2026-01-20 13:20:00+00:00,07593766-0112-5766-8f51-8dfeba0a2ed2,0.953,9.359,,,0.0,,9.071,9.071,10.0,,,0,[],1768915567.0,4
23393,2026-01-20 13:30:00+00:00,459dddb6-c39f-5578-a053-158009761fdd,0.541,0.035,,,0.084,-0.565,,-0.556,9.0,,,0,[],1768916192.0,4
23396,2026-01-20 13:40:00+00:00,313af586-1720-5e4d-80cb-8c83687d5b8b,1.302,0.072,,,0.159,-1.301,,-1.301,9.0,,,0,[],1768916866.0,4
23399,2026-01-20 13:50:00+00:00,69388bc0-7b9b-5d69-9b7b-ba88516b5f4b,0.643,0.0,,,0.01,-0.529,0.085,-0.444,9.0,,,0,[],1768917408.0,4
23402,2026-01-20 14:00:00+00:00,4abb021e-4f96-51d0-bfac-3d2dbcd7daeb,1.486,0.038,,,0.085,-1.369,,-1.369,9.5,,,0,[],1768918095.0,4
23405,2026-01-20 14:10:00+00:00,261d3582-2c29-59dd-9265-906153bc4016,1.441,0.077,,,0.153,-1.431,,-1.431,10.0,,,0,[],1768918552.0,4
23408,2026-01-20 14:20:00+00:00,ea097f07-5388-5ae9-a176-6fd1fb7e0740,1.452,0.072,,,0.155,-1.436,,-1.436,10.0,,,0,[],1768919229.0,4
23411,2026-01-20 14:30:00+00:00,48389c34-82f9-55dd-9120-05b076424952,1.345,0.072,,,0.157,-1.338,,-1.338,10.0,,,0,[],1768919811.0,4
23414,2026-01-20 14:40:00+00:00,8e7a9202-2327-586f-9f96-33689dd35020,1.288,0.036,,,0.181,-1.335,,-1.335,10.0,,,0,[],1768920498.0,4
23417,2026-01-20 14:50:00+00:00,f3712edf-4ba2-5dae-a358-3edd3da45dfb,1.308,0.039,,,0.179,-1.383,,-1.383,10.0,,,0,[],1768920923.0,4
23420,2026-01-20 15:00:00+00:00,697851ef-78dc-5dd1-8c0f-900328240275,1.081,0.072,,,0.151,-1.1,,-1.1,11.0,,,0,[],1768921598.0,4
23423,2026-01-20 15:10:00+00:00,ccf0bd31-98f0-5557-9321-d99200701b0a,0.905,3.298,,,3.521,-0.946,,-0.946,11.0,,,0,[],1768922296.0,4
23426,2026-01-20 15:20:00+00:00,aac7f75e-324d-587a-aa6d-46402f16fcbd,0.744,4.286,,,4.51,-0.816,,-0.816,11.0,,,0,[],1768922877.0,4
23429,2026-01-20 15:30:00+00:00,f2408a56-5374-514b-80ca-3817354b11cd,0.7,4.958,,,5.181,-0.754,,-0.754,11.0,,,0,[],1768923365.0,4
23432,2026-01-20 15:40:00+00:00,8dd06561-110c-544c-a2ea-f8a2268c72a3,0.757,3.549,,,3.775,-0.803,,-0.803,11.0,,,0,[],1768924052.0,4
23435,2026-01-20 15:50:00+00:00,674dbff7-3dc2-5a12-b66c-bda27e53f897,0.834,2.184,,,2.408,-0.889,,-0.889,11.0,,,0,[],1768924563.0,4
23438,2026-01-20 16:00:00+00:00,b851abe9-ec4c-57d2-af27-bfcb74b8f40b,0.906,2.413,,,2.636,-0.964,,-0.964,11.0,,,0,[],1768925237.0,4
23441,2026-01-20 16:10:00+00:00,953775e9-4bf0-5670-b42d-b4c1b80841d8,0.863,2.813,,,3.041,-0.895,,-0.895,11.0,,,0,[],1768925768.0,4
23444,2026-01-20 16:20:00+00:00,557cd47f-42c0-5d4c-8d00-5eee049fd212,0.525,4.763,,,4.988,-0.553,,-0.553,11.0,,,0,[],1768926364.0,4
23447,2026-01-20 16:30:00+00:00,d20a773f-a2a8-5904-b995-e652dcec5dc1,0.4,3.906,,,4.124,-0.427,,-0.427,11.0,,,0,[],1768927054.0,4
23450,2026-01-20 16:40:00+00:00,dbeaa4bd-d3e7-5649-b852-80c95fc8808f,0.329,3.277,,,3.502,-0.365,,-0.365,11.0,,,0,[],1768927666.0,4
23453,2026-01-20 16:50:00+00:00,4f5db394-0818-5fd6-b3a5-962fc8d203b4,0.219,6.307,,,6.531,-0.262,,-0.262,11.0,,,0,[],1768928341.0,4
23456,2026-01-20 17:00:00+00:00,44653c83-82dd-5be1-8b6e-e150af6450b1,0.183,5.678,,,5.898,-0.23,,-0.23,11.0,,,0,[],1768928788.0,4
23457,2026-01-20 17:10:00+00:00,2f6c26f4-b6e1-5153-9e69-8e562bfc38c4,0.127,4.671,,,4.897,-0.227,,-0.227,11.0,,,0,[],1768929476.0,4
23459,2026-01-20 17:20:00+00:00,42b73685-2ee7-54a1-a619-a87053f8ef5f,0.081,5.228,,,5.453,-0.175,,-0.175,11.0,,,0,[],1768930027.0,4
23461,2026-01-20 17:30:00+00:00,b0c7fdcc-a865-5e01-9d2d-f2eea2f754e4,0.041,8.077,,,8.302,-0.157,,-0.157,11.0,,,0,[],1768930701.0,4
23463,2026-01-20 17:40:00+00:00,16abc119-b125-5352-a7e8-6ee420e82ece,0.007,8.045,,,8.262,-0.122,,-0.122,11.0,,,0,[],1768931192.0,4
23465,2026-01-20 17:50:00+00:00,12d4dfb5-86e9-5ce7-83d5-0d3a10bfb327,0.0,7.092,,,7.322,-0.118,,-0.118,11.0,,,0,[],1768931877.0,4
23467,2026-01-20 18:00:00+00:00,3ea113a5-1a9a-594b-99af-cef35697c47f,0.001,6.139,,,6.374,-0.121,,-0.121,11.0,,,0,[],1768932386.0,4
23469,2026-01-20 18:10:00+00:00,5112c0c3-7385-51c1-b2dc-165fbf25ae5c,0.0,10.441,,,3.483,-0.055,7.435,7.38,11.0,,,0,[],1768933131.0,4
23471,2026-01-20 18:20:00+00:00,63eb8674-acb9-5c29-b1e8-b51a8d7f118a,0.0,7.937,,,8.16,-0.062,,-0.1,11.0,,,0,[],1768933737.0,4
23473,2026-01-20 18:30:00+00:00,e6c517bf-7f2f-56c6-9b06-372f3551b230,0.0,8.93,,,9.156,-0.061,,-0.092,11.0,,,0,[],1768934142.0,4
23475,2026-01-20 18:40:00+00:00,02f8d8d3-50a5-590e-a451-d3a377763865,0.0,7.898,,,8.125,-0.062,,-0.102,11.0,,,0,[],1768934816.0,4
23477,2026-01-20 18:50:00+00:00,c31dd042-3e4c-5679-9a51-2e5b4e7c7045,0.0,7.904,,,8.133,-0.057,,-0.095,11.0,,,0,[],1768935492.0,4
23479,2026-01-20 19:00:00+00:00,2bf7f5b5-9382-5d80-879f-c6f6bc6c5ddb,0.0,7.221,,,7.448,-0.06,,-0.096,11.0,,,0,[],1768935835.0,4
23481,2026-01-20 19:10:00+00:00,eac665ae-cfa1-5d39-86c8-d49aabeefc7c,0.0,7.757,,,7.985,-0.062,,-0.103,11.0,,,0,[],1768936522.0,4
23484,2026-01-20 19:20:00+00:00,a08228d7-d4b4-5e96-9836-71a4f7bac2c8,0.0,6.761,,,6.985,-0.062,,-0.098,11.0,,,0,[],1768937208.0,4
23487,2026-01-20 19:30:00+00:00,068a9502-508b-5b0c-bf8a-7854136fbecc,0.0,6.048,,,6.277,-0.062,,-0.099,11.0,,,0,[],1768937898.0,4
23490,2026-01-20 19:40:00+00:00,ed46fff6-fd05-50a5-9ac6-c8c26dbeed0e,0.0,5.846,,,6.072,-0.063,,-0.099,11.0,,,0,[],1768938524.0,4
23493,2026-01-20 19:50:00+00:00,b358fe0d-d936-511a-9919-13480dbe5ff5,0.0,8.236,,,8.463,-0.061,,-0.097,11.0,,,0,[],1768938929.0,4
23496,2026-01-20 20:00:00+00:00,14ee989b-27dd-51ca-99fb-10a0932fd7e6,0.0,5.956,,,6.183,-0.062,,-0.099,11.0,,,0,[],1768939614.0,4
23499,2026-01-20 20:10:00+00:00,b9b6b79d-6665-588e-aec2-73a225e6d2fb,0.0,6.334,,,6.557,-0.062,,-0.097,11.0,,,0,[],1768940301.0,4
23502,2026-01-20 20:20:00+00:00,c42c7d3f-1d7d-5102-b8cf-8e14ccacd427,0.0,6.013,,,6.24,-0.062,,-0.099,11.0,,,0,[],1768940884.0,4
23505,2026-01-20 20:30:00+00:00,c89d1e29-713c-57df-b039-6ade285e0aa0,0.0,6.962,,,7.187,-0.063,,-0.097,11.0,,,0,[],1768941333.0,4
23508,2026-01-20 20:40:00+00:00,40182d96-2414-5efd-8f90-0a438fbd8438,0.0,7.858,,,8.085,-0.065,,-0.102,11.0,,,0,[],1768942020.0,4
23511,2026-01-20 20:50:00+00:00,d9bfc8d5-2794-5696-9832-3f0c756363da,0.0,5.365,,,5.59,-0.064,,-0.101,11.0,,,0,[],1768942706.0,4
23514,2026-01-20 21:00:00+00:00,9cb3435d-1403-5e85-93f7-7021c339d40d,0.0,8.135,,,8.357,-0.063,,-0.097,11.0,,,0,[],1768943244.0,4
23516,2026-01-20 21:10:00+00:00,021fe1af-d253-582e-85c3-027721328df5,0.0,8.294,,,8.513,-0.062,,-0.099,11.0,,,0,[],1768943926.0,4
23519,2026-01-20 21:20:00+00:00,ace4b73a-566c-51f2-a47f-e357cb7690ba,0.0,8.526,,,8.752,-0.061,,-0.095,11.0,,,0,[],1768944539.0,4
23522,2026-01-20 21:30:00+00:00,28ac3dba-672f-56f6-a2b3-2a29eb761f15,0.0,9.816,,,10.037,-0.062,,-0.094,11.0,,,0,[],1768944937.0,4
23525,2026-01-20 21:40:00+00:00,c5cb65dc-c420-5204-bfb2-ddea92928f06,0.0,9.053,,,9.279,-0.061,,-0.094,11.0,,,0,[],1768945612.0,4
23528,2026-01-20 21:50:00+00:00,fb3365b4-aa2c-59cb-a4cd-5a8bf4384a58,0.0,8.121,,,8.343,-0.062,,-0.096,11.0,,,0,[],1768946286.0,4
23531,2026-01-20 22:00:00+00:00,a343543d-81dd-59bb-b043-d7cf92950453,0.0,7.357,,,7.584,-0.064,,-0.103,11.0,,,0,[],1768946623.0,4
23534,2026-01-20 22:10:00+00:00,c0b2eceb-0ad2-5b2e-8361-d01229165eaf,0.0,7.03,,,7.255,-0.065,,-0.099,11.0,,,0,[],1768947298.0,4
23537,2026-01-20 22:20:00+00:00,3887d0ac-b994-53bc-8705-cb807d61c9e7,0.0,6.732,,,6.959,-0.065,,-0.103,11.0,,,0,[],1768947978.0,4
23540,2026-01-20 22:30:00+00:00,6769f37f-649f-5c50-96c9-e3a0791192db,0.0,7.237,,,7.464,-0.062,,-0.098,11.0,,,0,[],1768948665.0,4
23543,2026-01-20 22:40:00+00:00,ab2005a3-b701-54a3-9e86-d24feba6ca89,0.0,6.816,,,7.039,-0.06,,-0.097,11.0,,,0,[],1768949338.0,4
23546,2026-01-20 22:50:00+00:00,e1c03c88-28c9-58c7-bc61-258e32f3cb4a,0.0,6.604,,,6.823,-0.061,,-0.098,11.0,,,0,[],1768949695.0,4
23549,2026-01-20 23:10:00+00:00,fa54a7b2-85fb-5177-960d-406fd1c86535,0.0,7.43,,,7.659,-0.064,,-0.099,11.0,,,0,[],1768951069.0,4
23553,2026-01-20 23:20:00+00:00,5c10034d-6f23-5d44-a2d1-8cf79b66cfe0,0.0,6.579,,,6.805,-0.062,,-0.101,11.0,,,0,[],1768951736.0,4
23556,2026-01-20 23:30:00+00:00,38e3bc6b-36ab-5775-8b98-b7ca70ee7c15,0.0,6.383,,,6.608,-0.064,,-0.102,11.0,,,0,[],1768952099.0,4
23559,2026-01-20 23:40:00+00:00,886dac87-7aa1-5ed5-a801-1f9dae94f3ac,0.0,5.766,,,5.988,-0.066,,-0.105,11.0,,,0,[],1768952785.0,4
23562,2026-01-20 23:50:00+00:00,16dc6ee6-0206-5f74-8f28-0ef7d1883aef,0.0,6.621,,,6.838,-0.063,,-0.101,11.0,,,0,[],1768953472.0,4
23565,2026-01-21 00:00:00+00:00,d4fff713-284c-5755-9abf-e1dd3e956c1b,0.0,6.58,,,6.802,-0.065,,-0.103,11.0,,,0,[],1768954045.0,4
23568,2026-01-21 00:10:00+00:00,969de6cb-dfd6-54ff-b258-c9c070334651,0.0,7.171,,,7.398,-0.06,,-0.093,11.0,,,0,[],1768954686.0,4
23571,2026-01-21 00:20:00+00:00,81138b1e-e04b-52a7-a69b-a28c5fe54887,0.0,6.314,,,6.542,-0.06,,-0.092,11.0,,,0,[],1768955077.0,4
23574,2026-01-21 00:30:00+00:00,4eecf0ab-a1ef-59bb-9ebb-71892bc76345,0.0,5.783,,,6.007,-0.066,,-0.105,11.0,,,0,[],1768955751.0,4
23577,2026-01-21 00:40:00+00:00,146e4c2d-e539-59fa-9df4-e004483741f5,0.0,6.439,,,6.668,-0.062,,-0.096,11.0,,,0,[],1768956426.0,4
23580,2026-01-21 00:50:00+00:00,f0d26b1d-41fd-506e-a0e3-6f2c6ca11e37,0.0,5.651,,,5.877,-0.061,,-0.094,11.0,,,0,[],1768957100.0,4
23583,2026-01-21 01:00:00+00:00,9ad9316d-2d7d-58e8-9094-2e73d6ff6c3e,0.0,5.569,,,5.792,-0.065,,-0.104,11.0,,,0,[],1768957437.0,4
23586,2026-01-21 01:10:00+00:00,5557eb8b-184a-5eab-b966-2f3ea05f4ab6,0.0,5.79,,,6.018,-0.065,,-0.104,11.0,,,0,[],1768958114.0,4
23589,2026-01-21 01:20:00+00:00,5bd1b04d-b9e9-5402-88f7-4a85973646f3,0.0,5.462,,,5.686,-0.062,,-0.097,11.0,,,0,[],1768958801.0,4
23592,2026-01-21 01:30:00+00:00,cd92fe26-1002-5fe1-9d03-81e7c5bc06ab,0.0,5.866,,,6.09,-0.065,,-0.105,11.0,,,0,[],1768959488.0,4
23595,2026-01-21 01:40:00+00:00,f014f3b1-fbab-5ec9-8f30-6437120b81e9,0.0,6.011,,,6.231,-0.06,,-0.096,11.0,,,0,[],1768960134.0,4
23598,2026-01-21 01:50:00+00:00,fbbdc348-8393-5fda-b927-4a99b8d6dc55,0.0,6.318,,,6.55,-0.061,,-0.098,11.0,,,0,[],1768960517.0,4
23601,2026-01-21 02:00:00+00:00,8df1bb9e-b958-5266-b9fd-53c9ae90d563,0.0,5.59,,,5.817,-0.061,,-0.096,11.0,,,0,[],1768961204.0,4
23604,2026-01-21 02:10:00+00:00,50552232-bdc7-5504-9dbf-5a1a36e7d4ae,0.0,5.859,,,6.08,-0.063,,-0.1,11.0,,,0,[],1768961890.0,4
23607,2026-01-21 02:20:00+00:00,abb711c2-902e-52e7-92d9-49b2a69a841f,0.0,5.899,,,6.124,-0.063,,-0.1,11.0,,,0,[],1768962494.0,4
23610,2026-01-21 02:30:00+00:00,c773f01c-0c88-558c-bcdd-fdc640e32f57,0.0,5.872,,,6.094,-0.06,,-0.096,11.0,,,0,[],1768962924.0,4
23613,2026-01-21 02:40:00+00:00,5e55a43a-acfa-599a-ab52-9d74435c98d0,0.0,5.487,,,5.712,-0.061,,-0.095,11.0,,,0,[],1768963610.0,4
23616,2026-01-21 02:50:00+00:00,2820480e-5df2-56e3-b1aa-a63a9c30b0e9,0.0,5.419,,,5.645,-0.061,,-0.098,11.0,,,0,[],1768964297.0,4
23619,2026-01-21 03:00:00+00:00,8570d767-7dfc-59d7-bf3f-64acdd740f36,0.0,6.318,,,6.543,-0.061,,-0.097,11.0,,,0,[],1768964854.0,4
23622,2026-01-21 03:10:00+00:00,4da34492-f516-522c-9e39-6d87f9e8fda7,0.0,6.307,,,6.531,-0.06,,-0.093,11.0,,,0,[],1768965493.0,4
23625,2026-01-21 03:20:00+00:00,2773e381-8eb2-5c93-b7f4-acb2735bcbe7,0.0,5.809,,,6.04,-0.066,,-0.107,11.0,,,0,[],1768965889.0,4
23628,2026-01-21 03:30:00+00:00,5a570cf4-8826-5f65-8ae6-894eaac8864f,0.0,5.989,,,6.218,-0.066,,-0.104,11.0,,,0,[],1768966564.0,4
23631,2026-01-21 03:40:00+00:00,b5d859f0-e07c-5737-9bc6-791135bf0776,0.0,5.713,,,5.935,-0.065,,-0.105,11.0,,,0,[],1768967238.0,4
23634,2026-01-21 03:50:00+00:00,4f05f59b-c6dc-59d2-8f28-bd622cd75c0d,0.0,5.386,,,5.611,-0.064,,-0.105,11.0,,,0,[],1768967912.0,4
23637,2026-01-21 04:00:00+00:00,ed40ebd8-0017-5faa-aaaf-9c7429d06ebb,0.0,5.902,,,6.128,-0.061,,-0.102,11.0,,,0,[],1768968228.0,4
23640,2026-01-21 04:10:00+00:00,28acf438-070c-5afd-9133-46a20a926f27,0.0,6.159,,,6.378,-0.061,,-0.096,11.0,,,0,[],1768968924.0,4
23643,2026-01-21 04:20:00+00:00,b756877a-53d8-510a-b84f-98f19a55ffe6,0.0,5.396,,,5.628,-0.065,,-0.103,11.0,,,0,[],1768969602.0,4
23646,2026-01-21 04:30:00+00:00,a595a3cb-6a89-513f-b2db-44599b3afb7a,0.0,5.879,,,6.104,-0.065,,-0.104,11.0,,,0,[],1768970288.0,4
23649,2026-01-21 04:40:00+00:00,f930bd54-1e63-5e0f-8253-1fd752adffa9,0.0,5.319,,,5.539,-0.064,,-0.104,11.0,,,0,[],1768970632.0,4
23652,2026-01-21 04:50:00+00:00,e61ebd41-a752-51d8-bce8-c90796d45eee,0.0,4.887,,,5.114,-0.064,,-0.1,11.0,,,0,[],1768971318.0,4
23655,2026-01-21 05:00:00+00:00,b8e3796a-8876-5346-82eb-a2e6dca12e6b,0.0,4.644,,,4.861,-0.065,,-0.107,11.0,,,0,[],1768972004.0,4
23658,2026-01-21 05:10:00+00:00,a2d77541-612c-5e3b-be5e-6b17b346dee3,0.0,5.194,,,5.423,-0.064,,-0.104,11.0,,,0,[],1768972691.0,4
23661,2026-01-21 05:20:00+00:00,79fba642-f987-5bb8-bec0-775259c4c1e9,0.0,6.38,,,6.605,-0.062,,-0.097,11.0,,,0,[],1768973306.0,4
23664,2026-01-21 05:30:00+00:00,dbe79419-23a3-5d75-8014-26f3b809cefd,0.0,5.505,,,5.736,-0.068,,-0.105,11.0,,,0,[],1768973720.0,4
23667,2026-01-21 05:40:00+00:00,1eeebc0e-c976-5214-a150-9171713b50bf,0.001,7.008,,,7.233,-0.062,,-0.098,11.0,,,0,[],1768974407.0,4
23670,2026-01-21 05:50:00+00:00,da87a4d7-96bf-53bd-841a-c6c656ede132,0.008,7.3,,,7.525,-0.064,,-0.103,11.0,,,0,[],1768975093.0,4
23673,2026-01-21 06:00:00+00:00,26950ced-8e23-53e8-b546-bdd4411755e9,0.061,5.928,,,6.153,-0.168,,-0.168,11.0,,,0,[],1768975667.0,4
23676,2026-01-21 06:10:00+00:00,3dc7d497-fa07-5b9e-8431-7e40777044ef,0.435,4.344,,,4.569,-0.456,,-0.456,11.0,,,0,[],1768976307.0,4
23679,2026-01-21 06:20:00+00:00,7d459c11-2f85-547d-bcd2-5eb6a676fec1,0.819,4.998,,,5.224,-0.838,,-0.838,11.0,,,0,[],1768976746.0,4
23682,2026-01-21 06:30:00+00:00,be7f0397-dcd6-55eb-a68b-a654e9e51b52,1.431,4.954,,,5.178,-1.428,,-1.428,11.0,,,0,[],1768977421.0,4
23685,2026-01-21 06:40:00+00:00,d47a9198-e597-525f-a65d-7416a986cfec,1.911,6.915,,,7.139,-1.902,,-1.902,11.0,,,0,[],1768978095.0,4
23688,2026-01-21 06:50:00+00:00,925b4b13-ffbe-55b6-a7a6-d2198bc10615,2.478,5.556,,,5.781,-2.462,,-2.462,11.0,,,0,[],1768978769.0,4
23691,2026-01-21 07:00:00+00:00,8ed99d07-b043-5831-8d7d-6e6e0cf2f2e7,2.711,5.539,,,5.765,-2.672,,-2.672,11.0,,,0,[],1768979107.0,4
23693,2026-01-21 07:10:00+00:00,49aa01e9-09c5-597a-9d8e-6bb020143d67,4.777,6.612,,,6.836,-4.681,,-4.681,12.0,,,0,[],1768979781.0,4
23696,2026-01-21 07:20:00+00:00,b046a080-2561-5722-8a3a-dd5aee36f25d,6.014,6.623,,,6.835,-5.956,,-5.956,13.0,,,0,[],1768980455.0,4
23699,2026-01-21 07:30:00+00:00,16e94a92-ec3a-5588-9705-874832f03b32,5.722,5.158,,,5.384,-5.646,,-5.646,13.5,,,0,[],1768981096.0,4
23702,2026-01-21 07:40:00+00:00,992172fa-5029-5095-9b57-3a1b95db524f,5.926,6.725,,,6.948,-5.818,,-5.818,14.0,,,0,[],1768981467.0,4
23705,2026-01-21 07:50:00+00:00,32ab8db2-7829-5dc4-a569-08577ef02d5c,7.344,6.551,,,6.776,-7.208,,-7.208,15.0,,,0,[],1768982141.0,4
23708,2026-01-21 08:00:00+00:00,84de8d85-5a4e-55a8-ba0c-8d38585e37e9,6.708,5.979,,,6.208,-6.614,,-6.614,16.0,,,0,[],1768982824.0,4
23711,2026-01-21 08:10:00+00:00,1e6d5b2f-ef6c-511d-8854-9ee289787da3,11.389,6.715,,,6.939,-11.15,,-11.15,17.0,,,0,[],1768983510.0,4
23714,2026-01-21 08:20:00+00:00,d5a2c182-953f-5c32-af64-267da926b83e,13.672,8.288,,,8.517,-13.362,,-13.362,18.0,,,0,[],1768983855.0,4
23717,2026-01-21 08:30:00+00:00,27ebf4d8-83fd-5b51-bd29-48f8761f6fd5,13.504,5.757,,,5.982,-13.227,,-13.227,20.0,,,0,[],1768984541.0,4
23720,2026-01-21 08:40:00+00:00,9367a268-eab6-5543-b7c8-4ecf4df8da5a,13.504,6.602,,,6.828,-13.192,,-13.192,22.0,,,0,[],1768985228.0,4
23723,2026-01-21 08:50:00+00:00,1df94922-8cc5-59c9-8868-ee9caf11729c,14.975,6.708,,,6.931,-14.606,,-14.606,24.0,,,0,[],1768985953.0,4
23726,2026-01-21 09:00:00+00:00,691318b4-788b-518d-8c27-86d128032c22,15.871,6.964,,,7.131,-15.415,,-15.415,25.0,,,0,[],1768986296.0,4
23727,2026-01-21 09:10:00+00:00,f12a9383-6903-57ff-a721-58fd6546489d,17.148,12.227,,,0.014,-4.642,,-4.642,26.0,,,0,[],1768987090.0,4
23730,2026-01-21 09:20:00+00:00,e64d504c-ab76-5963-9eef-f4d0c32ff773,17.74,12.919,,,0.012,-4.511,,-4.511,26.0,,,0,[],1768987516.0,4
23733,2026-01-21 09:30:00+00:00,9bab6584-0178-56fd-b5ef-9cc7fb356338,18.783,12.512,,,0.01,-5.94,,-5.94,27.0,,,0,[],1768988190.0,4
23736,2026-01-21 09:40:00+00:00,b07e2035-abd7-5c99-ae0a-061cb25b846b,19.652,7.146,,,0.015,-11.867,,-11.867,28.0,,,0,[],1768988865.0,4
23739,2026-01-21 09:50:00+00:00,7161f401-6ff2-5067-949c-51c3f55ba0a5,14.564,8.536,,,0.014,-5.733,,-5.733,29.5,,,0,[],1768989519.0,4
23742,2026-01-21 10:00:00+00:00,c7de91a4-39a2-5144-ae00-9986a0d785df,25.874,10.042,,,0.014,-15.018,,-15.018,31.0,,,0,[],1768989876.0,4
23745,2026-01-21 10:10:00+00:00,5f3abb87-561e-5c25-a782-e37b049737d2,24.317,8.304,,,0.012,-15.52,,-15.52,33.0,,,0,[],1768990557.0,4
23748,2026-01-21 10:20:00+00:00,591a6b75-63f0-5651-a664-5968bf95bd4f,16.214,9.229,,,0.015,-6.69,,-6.69,34.0,,,0,[],1768991242.0,4
23751,2026-01-21 10:30:00+00:00,541e5a08-0089-55c8-be86-3aa83f9cf64d,15.683,11.642,,,0.011,-3.719,,-3.719,35.0,,,0,[],1768991917.0,4
23754,2026-01-21 10:40:00+00:00,9d16277c-ac6d-53a3-995b-e3c38ab1fdac,16.718,11.772,,,0.011,-4.655,,-4.655,35.0,,,0,[],1768992274.0,4
23757,2026-01-21 10:50:00+00:00,e0887a7a-1044-5e94-a05f-082236470533,19.15,12.038,,,-0.007,-6.637,,-6.637,36.0,,,0,[],1768992962.0,4
23760,2026-01-21 11:00:00+00:00,6bbad8d0-9bde-5282-a330-76186e2ab9a2,17.817,15.416,,,0.0,-2.136,,-2.136,37.0,,,0,[],1768993649.0,4
23762,2026-01-21 11:10:00+00:00,6beea4b0-07e1-5827-83c9-04d47b2481cc,16.977,11.153,,,0.0,-5.566,,-5.566,38.0,,,0,[],1768994317.0,4
23765,2026-01-21 11:20:00+00:00,1ada8147-5786-517d-b01c-26506a2b7ea2,17.631,11.672,,,0.0,-5.693,,-5.693,38.0,,,0,[],1768994678.0,4
23768,2026-01-21 11:30:00+00:00,5decc0e2-1360-588a-9411-ae0b6e0b2721,16.342,12.838,,,0.0,-3.958,,-3.958,39.0,,,0,[],1768995365.0,4
23771,2026-01-21 11:40:00+00:00,59f6f8b7-40ef-5b36-8393-aa27a78c3b78,14.153,9.15,,,0.0,-4.795,,-4.795,39.0,,,0,[],1768996052.0,4
23774,2026-01-21 11:50:00+00:00,d36e5691-ac1e-539d-8610-96dcd2eacc40,14.626,9.503,,,0.0,-5.129,,-5.129,40.0,,,0,[],1768996394.0,4
23777,2026-01-21 12:00:00+00:00,ea404960-332c-5dbd-89a6-d15e4eb284fd,23.734,9.102,,,0.008,-14.141,,-14.141,41.0,,,0,[],1768997171.0,4
23780,2026-01-21 12:10:00+00:00,3cbaee98-8173-52e1-9a3f-d5a29df8fb10,22.013,9.199,,,0.124,-12.359,,-12.359,43.0,,,0,[],1768997901.0,4
23783,2026-01-21 12:20:00+00:00,982e6b57-bd6a-5195-9b18-8e9e25431d3a,18.943,9.679,,,-0.001,-9.312,,-9.312,44.5,,,0,[],1768998435.0,4
23786,2026-01-21 12:30:00+00:00,2eb98d7c-912a-5e1d-b4b3-07d7f543bef3,22.494,10.711,,,0.064,-11.635,,-11.635,45.5,,,0,[],1768998929.0,4
23789,2026-01-21 12:40:00+00:00,8fcb78bf-2008-57e6-84ad-4654b29b0cad,22.196,10.417,,,-0.104,-11.112,,-11.112,47.5,,,0,[],1768999616.0,4
23792,2026-01-21 12:50:00+00:00,9e4b43e0-caa9-5e63-b6ea-fdbd657c22f5,21.966,10.866,,,0.014,-10.614,,-10.614,49.0,,,0,[],1769000302.0,4
23795,2026-01-21 13:00:00+00:00,d7796a70-6162-51e3-8b1d-17b29978598a,16.294,12.436,,,0.005,-3.91,,-3.91,50.0,,,0,[],1769000796.0,4
23797,2026-01-21 13:10:00+00:00,e18151b1-231b-5102-ae5a-3a1c1488d6c8,16.027,5.569,,,0.006,-9.715,,-9.715,51.0,,,0,[],1769001470.0,4
